Patient_ID,Age,Gender,Acuity_Level,Diagnosis_Category,Required_Nursing_Hours,Required_Skill,Unit_ID,Facility_ID,Admission_Date,Transfer_Status
P00001,9,Male,Low,Post-Operative Recovery,1.7,Med-Surg,U003,F01,2026-08-26 04:00:00,Pending Transfer
P00002,72,Male,High,Stroke,7.5,Emergency,U012,F03,2026-08-28 21:00:00,Pending Transfer
P00003,55,Non-Binary,Low,Chemotherapy Monitoring,3.4,Oncology,U010,F02,2026-08-12 03:00:00,Admitted
P00004,74,Non-Binary,Critical,Acute Myocardial Infarction,9.4,Emergency,U002,F01,2026-08-28 03:00:00,Pending Transfer
P00005,45,Non-Binary,Low,Multi-organ Dysfunction,1.7,ICU,U001,F01,2026-08-08 13:00:00,Admitted
P00006,72,Non-Binary,High,Chemotherapy Monitoring,7.3,Oncology,U005,F01,2026-08-23 08:00:00,Admitted
P00007,4,Male,Medium,Stroke,4.9,Emergency,U002,F01,2026-08-11 11:00:00,Admitted
P00008,1,Male,High,Diabetes Complications,7.2,Med-Surg,U008,F02,2026-08-05 23:00:00,Discharged
P00009,82,Male,Medium,Post-Operative Recovery,5.0,Med-Surg,U013,F03,2026-08-14 14:00:00,Admitted
P00010,44,Male,Critical,Tumor Lysis Syndrome,10.2,Oncology,U010,F02,2026-08-31 18:00:00,Discharged
P00011,77,Male,Medium,Acute Respiratory Distress,3.8,ICU,U001,F01,2026-08-02 21:00:00,Admitted
P00012,11,Female,Medium,Severe Abdominal Pain,4.8,Emergency,U002,F01,2026-08-15 13:00:00,Transfer Approved
P00013,35,Male,High,Pediatric Asthma,6.5,Pediatrics,U004,F01,2026-08-22 21:00:00,Admitted
P00014,76,Female,High,Stroke,5.6,Emergency,U007,F02,2026-08-20 01:00:00,Admitted
P00015,1,Male,Low,Dehydration,3.4,Pediatrics,U004,F01,2026-08-25 08:00:00,Admitted
P00016,38,Female,Low,Chemotherapy Monitoring,1.5,Oncology,U015,F03,2026-08-06 04:00:00,Pending Transfer
P00017,49,Non-Binary,Medium,Diabetes Complications,4.5,Med-Surg,U003,F01,2026-08-26 11:00:00,Admitted
P00018,10,Female,Low,Pediatric Asthma,2.4,Pediatrics,U009,F02,2026-08-03 10:00:00,Transfer Approved
P00019,74,Female,Low,Congenital Heart Defect,2.9,Pediatrics,U014,F03,2026-08-04 12:00:00,Admitted
P00020,3,Female,Low,Acute Myocardial Infarction,3.1,Emergency,U002,F01,2026-08-27 22:00:00,Transfer Approved
P00021,47,Male,Medium,Post-Cardiac Arrest,5.2,ICU,U011,F03,2026-08-19 12:00:00,Admitted
P00022,68,Male,Medium,Cellulitis,5.2,Med-Surg,U013,F03,2026-08-08 10:00:00,Admitted
P00023,22,Male,High,Chemotherapy Monitoring,7.1,Oncology,U015,F03,2026-08-25 11:00:00,Admitted
P00024,45,Non-Binary,Medium,Febrile Neutropenia,4.0,Oncology,U015,F03,2026-08-07 05:00:00,Admitted
P00025,78,Male,Low,Acute Respiratory Distress,1.9,ICU,U006,F02,2026-08-16 14:00:00,Admitted
P00026,73,Non-Binary,High,Post-Cardiac Arrest,7.5,ICU,U011,F03,2026-08-21 20:00:00,Admitted
P00027,80,Female,Critical,Pneumonia,9.3,Pediatrics,U013,F03,2026-08-21 09:00:00,Admitted
P00028,36,Non-Binary,High,Acute Respiratory Distress,6.6,Pediatrics,U001,F01,2026-08-15 01:00:00,Admitted
P00029,8,Female,Critical,Pneumonia,8.9,Med-Surg,U013,F03,2026-08-28 02:00:00,Admitted
P00030,79,Non-Binary,Medium,Severe Abdominal Pain,4.4,Emergency,U002,F01,2026-08-26 23:00:00,Admitted
P00031,6,Female,Low,Bronchiolitis,2.1,Pediatrics,U009,F02,2026-08-05 01:00:00,Admitted
P00032,58,Male,Medium,Multi-organ Dysfunction,5.5,Emergency,U006,F02,2026-08-02 07:00:00,Pending Transfer
P00033,91,Female,Medium,Post-Cardiac Arrest,4.5,ICU,U001,F01,2026-08-12 11:00:00,Admitted
P00034,37,Female,High,Congenital Heart Defect,7.8,Pediatrics,U014,F03,2026-08-02 20:00:00,Admitted
P00035,83,Female,Medium,Chemotherapy Monitoring,4.2,Oncology,U015,F03,2026-08-13 09:00:00,Admitted
P00036,33,Non-Binary,Medium,Acute Myocardial Infarction,4.2,Emergency,U012,F03,2026-08-05 11:00:00,Admitted
P00037,40,Non-Binary,High,Palliative Care,5.9,Oncology,U010,F02,2026-08-03 09:00:00,Admitted
P00038,72,Female,Medium,Multi-organ Dysfunction,5.1,ICU,U001,F01,2026-08-27 23:00:00,Transfer Approved
P00039,88,Non-Binary,Medium,Polytrauma,2.8,Emergency,U007,F02,2026-08-12 00:00:00,Admitted
P00040,47,Female,Low,Diabetes Complications,3.4,Med-Surg,U003,F01,2026-08-25 15:00:00,Transfer Approved
P00041,25,Male,High,Febrile Neutropenia,6.0,Oncology,U015,F03,2026-08-26 03:00:00,Admitted
P00042,65,Non-Binary,Medium,Pediatric Asthma,4.8,Pediatrics,U009,F02,2026-08-20 04:00:00,Admitted
P00043,77,Female,Medium,Diabetes Complications,3.8,Med-Surg,U003,F01,2026-08-25 19:00:00,Admitted
P00044,22,Non-Binary,Low,Severe Abdominal Pain,1.6,Emergency,U002,F01,2026-08-24 07:00:00,Admitted
P00045,57,Non-Binary,Medium,Dehydration,5.0,Pediatrics,U004,F01,2026-08-08 17:00:00,Transfer Approved
P00046,31,Female,Critical,Congenital Heart Defect,13.5,Pediatrics,U009,F02,2026-08-22 18:00:00,Admitted
P00047,57,Female,Medium,Dehydration,5.1,Pediatrics,U014,F03,2026-08-14 05:00:00,Transfer Approved
P00048,26,Non-Binary,High,Diabetes Complications,8.1,Pediatrics,U008,F02,2026-08-28 11:00:00,Admitted
P00049,71,Male,Medium,Post-Operative Recovery,4.1,Med-Surg,U008,F02,2026-08-09 14:00:00,Pending Transfer
P00050,66,Male,Medium,Congenital Heart Defect,3.7,Pediatrics,U009,F02,2026-08-27 14:00:00,Admitted
P00051,45,Male,Medium,Severe Abdominal Pain,3.6,Emergency,U012,F03,2026-08-08 12:00:00,Transfer Approved
P00052,11,Female,Medium,Diabetes Complications,3.6,Med-Surg,U003,F01,2026-08-27 22:00:00,Pending Transfer
P00053,84,Female,Low,Acute Myocardial Infarction,1.8,Emergency,U007,F02,2026-08-27 15:00:00,Transfer Approved
P00054,90,Male,Medium,Cellulitis,4.4,ICU,U008,F02,2026-08-01 08:00:00,Admitted
P00055,28,Male,Medium,Congenital Heart Defect,3.7,Pediatrics,U014,F03,2026-08-10 03:00:00,Admitted
P00056,7,Male,Low,Severe Abdominal Pain,2.8,Emergency,U007,F02,2026-08-03 03:00:00,Admitted
P00057,64,Non-Binary,Medium,Pediatric Asthma,4.8,Pediatrics,U014,F03,2026-08-23 04:00:00,Admitted
P00058,38,Female,Critical,Pediatric Asthma,11.9,Pediatrics,U004,F01,2026-08-14 05:00:00,Admitted
P00059,86,Non-Binary,Critical,Post-Operative Recovery,11.4,Med-Surg,U003,F01,2026-08-31 16:00:00,Admitted
P00060,70,Non-Binary,Medium,Acute Respiratory Distress,4.5,ICU,U001,F01,2026-08-21 12:00:00,Admitted
P00061,48,Female,Medium,Chemotherapy Monitoring,4.2,Emergency,U015,F03,2026-08-24 21:00:00,Admitted
P00062,81,Male,Medium,Dehydration,3.8,Pediatrics,U004,F01,2026-08-11 20:00:00,Discharged
P00063,23,Non-Binary,Medium,Cellulitis,5.5,Med-Surg,U003,F01,2026-08-06 04:00:00,Admitted
P00064,9,Non-Binary,Medium,Post-Cardiac Arrest,3.6,ICU,U011,F03,2026-08-26 06:00:00,Admitted
P00065,6,Female,Low,Stroke,2.5,Emergency,U012,F03,2026-08-18 15:00:00,Admitted
P00066,33,Male,Critical,Febrile Neutropenia,10.1,Oncology,U015,F03,2026-08-02 20:00:00,Admitted
P00067,43,Female,Low,Polytrauma,3.1,Emergency,U012,F03,2026-08-13 23:00:00,Discharged
P00068,57,Female,High,Stroke,8.4,Emergency,U012,F03,2026-08-16 11:00:00,Admitted
P00069,67,Female,High,Acute Respiratory Distress,7.7,Oncology,U001,F01,2026-08-27 05:00:00,Admitted
P00070,70,Female,High,Dehydration,5.8,Pediatrics,U004,F01,2026-08-10 09:00:00,Admitted
P00071,58,Non-Binary,Medium,Severe Abdominal Pain,3.8,Emergency,U002,F01,2026-08-15 01:00:00,Pending Transfer
P00072,46,Non-Binary,Medium,Palliative Care,4.0,Oncology,U015,F03,2026-08-31 01:00:00,Pending Transfer
P00073,10,Non-Binary,Low,Post-Cardiac Arrest,2.2,ICU,U006,F02,2026-08-22 05:00:00,Admitted
P00074,4,Male,Low,Post-Cardiac Arrest,1.6,Med-Surg,U011,F03,2026-08-12 12:00:00,Admitted
P00075,73,Male,Medium,Bronchiolitis,4.9,Pediatrics,U009,F02,2026-08-12 14:00:00,Admitted
P00076,10,Non-Binary,Medium,Febrile Neutropenia,4.6,Oncology,U005,F01,2026-08-21 08:00:00,Admitted
P00077,32,Male,Low,Pediatric Asthma,3.0,Pediatrics,U009,F02,2026-08-13 17:00:00,Admitted
P00078,16,Female,High,Pneumonia,7.6,Med-Surg,U013,F03,2026-08-20 09:00:00,Pending Transfer
P00079,89,Female,Low,Febrile Neutropenia,1.7,Oncology,U010,F02,2026-08-15 05:00:00,Admitted
P00080,92,Female,High,Acute Respiratory Distress,7.9,ICU,U011,F03,2026-08-11 21:00:00,Admitted
P00081,45,Non-Binary,Low,Pediatric Asthma,2.6,Pediatrics,U014,F03,2026-08-10 05:00:00,Admitted
P00082,92,Non-Binary,Critical,Acute Myocardial Infarction,12.9,Emergency,U002,F01,2026-08-04 06:00:00,Admitted
P00083,18,Male,Medium,Cellulitis,3.6,Med-Surg,U013,F03,2026-08-12 14:00:00,Transfer Approved
P00084,71,Male,Low,Acute Respiratory Distress,1.6,ICU,U001,F01,2026-08-23 23:00:00,Admitted
P00085,62,Non-Binary,Medium,Palliative Care,5.0,Oncology,U015,F03,2026-08-03 04:00:00,Pending Transfer
P00086,41,Non-Binary,Low,Chemotherapy Monitoring,2.4,Oncology,U005,F01,2026-08-12 04:00:00,Admitted
P00087,71,Non-Binary,Low,Acute Myocardial Infarction,3.0,Emergency,U002,F01,2026-08-17 01:00:00,Admitted
P00088,16,Non-Binary,Low,Bronchiolitis,2.1,Pediatrics,U009,F02,2026-08-30 22:00:00,Admitted
P00089,29,Female,Low,Multi-organ Dysfunction,3.2,ICU,U011,F03,2026-08-21 17:00:00,Admitted
P00090,36,Male,Medium,Multi-organ Dysfunction,4.7,Emergency,U001,F01,2026-08-19 18:00:00,Discharged
P00091,20,Male,Low,Dehydration,3.2,Pediatrics,U009,F02,2026-08-27 00:00:00,Admitted
P00092,11,Male,Medium,Tumor Lysis Syndrome,4.8,Oncology,U010,F02,2026-08-14 19:00:00,Admitted
P00093,82,Male,High,Congenital Heart Defect,8.2,Pediatrics,U014,F03,2026-08-21 09:00:00,Admitted
P00094,62,Male,Medium,Post-Cardiac Arrest,4.1,ICU,U011,F03,2026-08-06 14:00:00,Admitted
P00095,54,Female,Medium,Cellulitis,3.9,Med-Surg,U013,F03,2026-08-11 22:00:00,Admitted
P00096,41,Non-Binary,Low,Stroke,3.5,Emergency,U002,F01,2026-08-12 16:00:00,Admitted
P00097,72,Male,Medium,Multi-organ Dysfunction,4.0,ICU,U006,F02,2026-08-15 07:00:00,Admitted
P00098,19,Male,Low,Post-Operative Recovery,2.1,Med-Surg,U003,F01,2026-08-20 13:00:00,Discharged
P00099,32,Male,Low,Tumor Lysis Syndrome,3.4,Oncology,U005,F01,2026-08-07 05:00:00,Pending Transfer
P00100,64,Non-Binary,Critical,Congenital Heart Defect,11.2,Pediatrics,U014,F03,2026-08-01 02:00:00,Pending Transfer
P00101,51,Non-Binary,Low,Congenital Heart Defect,3.4,Pediatrics,U014,F03,2026-08-12 01:00:00,Admitted
P00102,7,Female,High,Severe Abdominal Pain,7.3,Emergency,U012,F03,2026-08-22 15:00:00,Admitted
P00103,37,Non-Binary,Medium,Pediatric Asthma,5.2,Pediatrics,U004,F01,2026-08-29 08:00:00,Admitted
P00104,47,Female,Critical,Multi-organ Dysfunction,8.7,Oncology,U001,F01,2026-08-07 11:00:00,Admitted
P00105,71,Female,High,Polytrauma,6.7,Emergency,U002,F01,2026-08-18 08:00:00,Admitted
P00106,80,Non-Binary,Medium,Acute Respiratory Distress,3.8,Med-Surg,U006,F02,2026-08-26 10:00:00,Admitted
P00107,72,Female,Low,Diabetes Complications,1.9,Med-Surg,U003,F01,2026-08-17 01:00:00,Pending Transfer
P00108,6,Male,Medium,Acute Myocardial Infarction,4.9,Emergency,U012,F03,2026-08-17 14:00:00,Admitted
P00109,20,Non-Binary,Medium,Septic Shock,4.2,ICU,U011,F03,2026-08-06 12:00:00,Admitted
P00110,79,Non-Binary,Medium,Dehydration,4.7,Pediatrics,U004,F01,2026-08-17 17:00:00,Admitted
P00111,63,Non-Binary,Low,Pneumonia,2.4,Med-Surg,U008,F02,2026-08-22 03:00:00,Pending Transfer
P00112,54,Non-Binary,Medium,Dehydration,5.1,Pediatrics,U014,F03,2026-08-23 20:00:00,Admitted
P00113,4,Non-Binary,Medium,Severe Abdominal Pain,4.0,Emergency,U012,F03,2026-08-25 18:00:00,Admitted
P00114,74,Male,High,Post-Operative Recovery,7.3,Med-Surg,U008,F02,2026-08-21 23:00:00,Pending Transfer
P00115,80,Female,Medium,Septic Shock,4.5,ICU,U011,F03,2026-08-19 22:00:00,Admitted
P00116,15,Male,High,Acute Respiratory Distress,6.8,ICU,U011,F03,2026-08-14 22:00:00,Admitted
P00117,27,Female,Low,Congenital Heart Defect,3.2,Pediatrics,U014,F03,2026-08-02 22:00:00,Admitted
P00118,18,Non-Binary,Low,Acute Myocardial Infarction,2.6,Emergency,U012,F03,2026-08-16 16:00:00,Transfer Approved
P00119,49,Female,Medium,Septic Shock,4.4,ICU,U011,F03,2026-08-18 11:00:00,Admitted
P00120,87,Non-Binary,Low,Tumor Lysis Syndrome,2.7,Oncology,U015,F03,2026-08-08 08:00:00,Admitted
P00121,72,Female,Medium,Septic Shock,5.4,ICU,U011,F03,2026-08-25 09:00:00,Admitted
P00122,91,Male,Medium,Severe Abdominal Pain,4.1,Emergency,U007,F02,2026-08-30 23:00:00,Admitted
P00123,36,Female,Medium,Pediatric Asthma,4.6,Pediatrics,U014,F03,2026-08-29 12:00:00,Pending Transfer
P00124,45,Male,Low,Pneumonia,1.6,Med-Surg,U003,F01,2026-08-03 11:00:00,Pending Transfer
P00125,57,Non-Binary,High,Multi-organ Dysfunction,7.7,ICU,U001,F01,2026-08-27 17:00:00,Admitted
P00126,35,Non-Binary,Medium,Pneumonia,3.8,Med-Surg,U003,F01,2026-08-19 07:00:00,Discharged
P00127,32,Male,High,Septic Shock,7.4,Pediatrics,U011,F03,2026-08-11 22:00:00,Admitted
P00128,61,Male,Medium,Febrile Neutropenia,3.5,Oncology,U015,F03,2026-08-30 05:00:00,Admitted
P00129,53,Non-Binary,Medium,Congenital Heart Defect,4.5,Pediatrics,U014,F03,2026-08-31 09:00:00,Admitted
P00130,42,Female,Medium,Polytrauma,5.3,Oncology,U002,F01,2026-08-08 17:00:00,Admitted
P00131,5,Male,Low,Post-Cardiac Arrest,3.3,ICU,U001,F01,2026-08-30 01:00:00,Admitted
P00132,51,Female,Medium,Bronchiolitis,5.4,Pediatrics,U004,F01,2026-08-30 09:00:00,Admitted
P00133,5,Male,High,Stroke,7.2,Emergency,U012,F03,2026-08-11 09:00:00,Transfer Approved
P00134,59,Non-Binary,Medium,Palliative Care,5.3,Oncology,U005,F01,2026-08-17 14:00:00,Admitted
P00135,35,Male,Low,Polytrauma,2.2,Emergency,U007,F02,2026-08-21 08:00:00,Admitted
P00136,92,Male,High,Chemotherapy Monitoring,7.7,Oncology,U010,F02,2026-08-19 21:00:00,Admitted
P00137,25,Male,Medium,Cellulitis,5.2,Med-Surg,U013,F03,2026-08-03 12:00:00,Admitted
P00138,86,Male,Low,Febrile Neutropenia,3.5,Oncology,U015,F03,2026-08-30 07:00:00,Transfer Approved
P00139,1,Female,Medium,Post-Cardiac Arrest,4.0,ICU,U006,F02,2026-08-31 10:00:00,Pending Transfer
P00140,39,Non-Binary,Low,Chemotherapy Monitoring,2.0,Oncology,U010,F02,2026-08-08 01:00:00,Admitted
P00141,86,Male,Medium,Post-Cardiac Arrest,4.1,ICU,U001,F01,2026-08-17 22:00:00,Admitted
P00142,40,Non-Binary,Medium,Chemotherapy Monitoring,4.8,Oncology,U015,F03,2026-08-12 19:00:00,Admitted
P00143,29,Male,High,Bronchiolitis,6.9,Pediatrics,U009,F02,2026-08-20 11:00:00,Pending Transfer
P00144,54,Non-Binary,Medium,Congenital Heart Defect,5.0,Pediatrics,U009,F02,2026-08-27 06:00:00,Discharged
P00145,32,Non-Binary,Medium,Post-Operative Recovery,11.4,Med-Surg,U008,F02,2026-08-12 02:00:00,Admitted
P00146,73,Male,Low,Chemotherapy Monitoring,3.2,Oncology,U015,F03,2026-08-07 18:00:00,Admitted
P00147,69,Male,High,Bronchiolitis,6.5,Pediatrics,U014,F03,2026-08-04 21:00:00,Transfer Approved
P00148,27,Non-Binary,Critical,Palliative Care,9.0,Oncology,U005,F01,2026-08-26 01:00:00,Admitted
P00149,59,Male,Low,Congenital Heart Defect,2.4,Pediatrics,U004,F01,2026-08-22 09:00:00,Transfer Approved
P00150,3,Female,Low,Pneumonia,3.1,Med-Surg,U008,F02,2026-08-19 02:00:00,Admitted
P00151,6,Female,High,Multi-organ Dysfunction,7.6,ICU,U001,F01,2026-08-02 02:00:00,Admitted
P00152,61,Male,Low,Multi-organ Dysfunction,2.3,ICU,U006,F02,2026-08-25 20:00:00,Admitted
P00153,83,Female,Medium,Pneumonia,5.5,Med-Surg,U008,F02,2026-08-28 12:00:00,Pending Transfer
P00154,49,Male,Medium,Septic Shock,4.8,ICU,U001,F01,2026-08-06 17:00:00,Admitted
P00155,51,Non-Binary,Medium,Diabetes Complications,5.0,Med-Surg,U013,F03,2026-08-01 00:00:00,Transfer Approved
P00156,39,Female,Low,Palliative Care,2.6,Oncology,U005,F01,2026-08-08 14:00:00,Pending Transfer
P00157,45,Male,Medium,Tumor Lysis Syndrome,3.9,Oncology,U015,F03,2026-08-25 03:00:00,Admitted
P00158,5,Non-Binary,Low,Post-Cardiac Arrest,2.7,ICU,U001,F01,2026-08-29 00:00:00,Admitted
P00159,31,Male,Medium,Chemotherapy Monitoring,3.7,Oncology,U010,F02,2026-08-22 22:00:00,Pending Transfer
P00160,7,Male,Low,Pediatric Asthma,2.3,Pediatrics,U014,F03,2026-08-07 01:00:00,Admitted
P00161,18,Non-Binary,Medium,Stroke,4.0,Emergency,U007,F02,2026-08-19 10:00:00,Transfer Approved
P00162,74,Non-Binary,Medium,Pneumonia,4.0,Med-Surg,U013,F03,2026-08-22 16:00:00,Transfer Approved
P00163,29,Female,High,Pneumonia,6.3,Med-Surg,U013,F03,2026-08-19 23:00:00,Pending Transfer
P00164,23,Non-Binary,Low,Palliative Care,2.6,Med-Surg,U005,F01,2026-08-31 20:00:00,Admitted
P00165,86,Female,Medium,Stroke,4.9,Emergency,U002,F01,2026-08-10 12:00:00,Admitted
P00166,24,Non-Binary,Critical,Cellulitis,9.8,Med-Surg,U003,F01,2026-08-28 22:00:00,Admitted
P00167,19,Female,High,Pediatric Asthma,7.2,Pediatrics,U014,F03,2026-08-18 16:00:00,Pending Transfer
P00168,18,Female,High,Febrile Neutropenia,6.3,Oncology,U010,F02,2026-08-03 14:00:00,Admitted
P00169,48,Male,Medium,Acute Myocardial Infarction,3.6,Emergency,U007,F02,2026-08-20 19:00:00,Admitted
P00170,6,Male,Low,Septic Shock,3.1,ICU,U006,F02,2026-08-22 17:00:00,Admitted
P00171,28,Female,Low,Acute Myocardial Infarction,3.2,Emergency,U012,F03,2026-08-31 00:00:00,Admitted
P00172,28,Male,Low,Polytrauma,3.0,Emergency,U002,F01,2026-08-30 07:00:00,Admitted
P00173,90,Non-Binary,Low,Febrile Neutropenia,2.3,Oncology,U005,F01,2026-08-11 09:00:00,Admitted
P00174,49,Female,Low,Stroke,2.1,Emergency,U007,F02,2026-08-29 15:00:00,Admitted
P00175,60,Male,Medium,Severe Abdominal Pain,5.0,Emergency,U007,F02,2026-08-07 11:00:00,Pending Transfer
P00176,41,Female,Medium,Polytrauma,4.6,Emergency,U002,F01,2026-08-05 00:00:00,Transfer Approved
P00177,34,Non-Binary,Medium,Palliative Care,4.1,Oncology,U015,F03,2026-08-08 12:00:00,Admitted
P00178,73,Male,Low,Severe Abdominal Pain,2.6,Emergency,U002,F01,2026-08-11 08:00:00,Admitted
P00179,63,Non-Binary,Medium,Congenital Heart Defect,4.4,Pediatrics,U009,F02,2026-08-12 05:00:00,Admitted
P00180,18,Non-Binary,Critical,Palliative Care,9.5,Oncology,U005,F01,2026-08-21 01:00:00,Admitted
P00181,68,Male,High,Acute Respiratory Distress,8.3,ICU,U011,F03,2026-08-25 00:00:00,Admitted
P00182,53,Male,Critical,Septic Shock,8.9,ICU,U011,F03,2026-08-07 16:00:00,Admitted
P00183,59,Female,Low,Chemotherapy Monitoring,2.7,Oncology,U005,F01,2026-08-20 15:00:00,Admitted
P00184,85,Female,High,Polytrauma,5.5,Emergency,U012,F03,2026-08-01 00:00:00,Admitted
P00185,68,Non-Binary,Medium,Tumor Lysis Syndrome,4.6,Oncology,U015,F03,2026-08-17 22:00:00,Admitted
P00186,87,Female,Low,Septic Shock,1.7,Emergency,U001,F01,2026-08-08 06:00:00,Admitted
P00187,80,Non-Binary,Low,Dehydration,3.1,Pediatrics,U009,F02,2026-08-13 02:00:00,Admitted
P00188,48,Female,Medium,Cellulitis,4.6,Med-Surg,U003,F01,2026-08-08 09:00:00,Pending Transfer
P00189,88,Male,Medium,Pediatric Asthma,3.7,Pediatrics,U014,F03,2026-08-18 15:00:00,Admitted
P00190,8,Non-Binary,Low,Acute Respiratory Distress,2.9,Pediatrics,U006,F02,2026-08-21 10:00:00,Pending Transfer
P00191,73,Male,Medium,Pediatric Asthma,4.0,Pediatrics,U009,F02,2026-08-23 18:00:00,Admitted
P00192,61,Female,Medium,Post-Operative Recovery,5.3,Med-Surg,U003,F01,2026-08-09 17:00:00,Transfer Approved
P00193,73,Non-Binary,Medium,Polytrauma,3.9,Emergency,U002,F01,2026-08-01 06:00:00,Admitted
P00194,76,Male,High,Cellulitis,8.3,Med-Surg,U013,F03,2026-08-19 07:00:00,Pending Transfer
P00195,73,Female,High,Multi-organ Dysfunction,6.7,ICU,U001,F01,2026-08-26 22:00:00,Admitted
P00196,11,Non-Binary,Medium,Tumor Lysis Syndrome,1.6,Oncology,U005,F01,2026-08-27 02:00:00,Admitted
P00197,44,Non-Binary,Low,Post-Cardiac Arrest,3.4,ICU,U006,F02,2026-08-21 08:00:00,Pending Transfer
P00198,58,Female,Low,Bronchiolitis,2.2,Pediatrics,U014,F03,2026-08-14 05:00:00,Discharged
P00199,88,Non-Binary,Medium,Palliative Care,3.7,Oncology,U005,F01,2026-08-26 07:00:00,Admitted
P00200,92,Male,Low,Post-Operative Recovery,2.0,Med-Surg,U003,F01,2026-08-26 20:00:00,Admitted
P00201,20,Non-Binary,Low,Post-Cardiac Arrest,2.1,ICU,U011,F03,2026-08-01 09:00:00,Admitted
P00202,57,Female,Medium,Multi-organ Dysfunction,3.7,Pediatrics,U001,F01,2026-08-15 17:00:00,Transfer Approved
P00203,72,Non-Binary,High,Palliative Care,5.8,Oncology,U010,F02,2026-08-03 19:00:00,Transfer Approved
P00204,77,Female,Medium,Severe Abdominal Pain,3.5,Emergency,U012,F03,2026-08-25 02:00:00,Transfer Approved
P00205,72,Male,Medium,Bronchiolitis,4.9,Pediatrics,U009,F02,2026-08-09 09:00:00,Admitted
P00206,35,Female,Low,Acute Myocardial Infarction,1.6,Emergency,U002,F01,2026-08-14 09:00:00,Admitted
P00207,62,Male,Low,Multi-organ Dysfunction,2.0,ICU,U011,F03,2026-08-21 15:00:00,Admitted
P00208,77,Non-Binary,Medium,Bronchiolitis,4.4,Pediatrics,U014,F03,2026-08-01 12:00:00,Admitted
P00209,43,Non-Binary,Low,Cellulitis,3.1,Med-Surg,U013,F03,2026-08-11 13:00:00,Admitted
P00210,84,Non-Binary,High,Bronchiolitis,6.4,Pediatrics,U009,F02,2026-08-23 06:00:00,Admitted
P00211,62,Female,High,Diabetes Complications,8.4,Med-Surg,U003,F01,2026-08-10 23:00:00,Admitted
P00212,89,Non-Binary,Low,Severe Abdominal Pain,3.4,Emergency,U007,F02,2026-08-11 12:00:00,Admitted
P00213,36,Female,Low,Stroke,1.7,Emergency,U002,F01,2026-08-19 17:00:00,Transfer Approved
P00214,24,Non-Binary,Medium,Polytrauma,5.4,Emergency,U002,F01,2026-08-23 06:00:00,Admitted
P00215,57,Female,Low,Acute Respiratory Distress,2.5,ICU,U006,F02,2026-08-14 21:00:00,Admitted
P00216,64,Male,High,Multi-organ Dysfunction,6.2,ICU,U006,F02,2026-08-23 13:00:00,Discharged
P00217,49,Male,Medium,Severe Abdominal Pain,5.5,Emergency,U002,F01,2026-08-13 17:00:00,Admitted
P00218,65,Non-Binary,Medium,Palliative Care,4.6,Oncology,U010,F02,2026-08-12 22:00:00,Admitted
P00219,69,Non-Binary,Medium,Polytrauma,3.7,Emergency,U007,F02,2026-08-22 11:00:00,Pending Transfer
P00220,22,Non-Binary,Critical,Chemotherapy Monitoring,11.6,Oncology,U015,F03,2026-08-21 12:00:00,Admitted
P00221,43,Female,Medium,Post-Operative Recovery,3.5,Med-Surg,U013,F03,2026-08-17 23:00:00,Admitted
P00222,67,Non-Binary,Medium,Bronchiolitis,4.4,Pediatrics,U014,F03,2026-08-25 21:00:00,Discharged
P00223,76,Non-Binary,High,Diabetes Complications,6.5,ICU,U008,F02,2026-08-10 13:00:00,Admitted
P00224,11,Male,Low,Acute Myocardial Infarction,2.2,Emergency,U012,F03,2026-08-26 06:00:00,Admitted
P00225,67,Female,Medium,Multi-organ Dysfunction,4.5,ICU,U006,F02,2026-08-23 14:00:00,Discharged
P00226,41,Male,Medium,Pneumonia,3.6,Med-Surg,U003,F01,2026-08-01 10:00:00,Discharged
P00227,83,Male,Low,Diabetes Complications,3.4,Med-Surg,U003,F01,2026-08-17 05:00:00,Admitted
P00228,71,Male,Medium,Stroke,4.6,Emergency,U007,F02,2026-08-08 12:00:00,Pending Transfer
P00229,81,Male,High,Septic Shock,7.4,ICU,U011,F03,2026-08-01 23:00:00,Transfer Approved
P00230,79,Male,Medium,Post-Cardiac Arrest,4.7,ICU,U006,F02,2026-08-23 06:00:00,Admitted
P00231,27,Female,Low,Post-Operative Recovery,2.7,Med-Surg,U008,F02,2026-08-18 05:00:00,Admitted
P00232,47,Female,Low,Acute Myocardial Infarction,2.4,Emergency,U002,F01,2026-08-28 15:00:00,Admitted
P00233,68,Non-Binary,High,Stroke,7.3,Emergency,U012,F03,2026-08-19 03:00:00,Admitted
P00234,45,Female,Medium,Cellulitis,4.7,Med-Surg,U013,F03,2026-08-23 09:00:00,Pending Transfer
P00235,79,Non-Binary,Low,Chemotherapy Monitoring,2.5,Oncology,U005,F01,2026-08-08 09:00:00,Pending Transfer
P00236,15,Male,High,Dehydration,7.6,Pediatrics,U014,F03,2026-08-14 19:00:00,Pending Transfer
P00237,18,Non-Binary,Medium,Palliative Care,4.3,Oncology,U015,F03,2026-08-18 22:00:00,Pending Transfer
P00238,83,Male,Medium,Febrile Neutropenia,4.5,Oncology,U015,F03,2026-08-11 14:00:00,Pending Transfer
P00239,80,Male,High,Multi-organ Dysfunction,8.4,ICU,U001,F01,2026-08-07 12:00:00,Pending Transfer
P00240,72,Non-Binary,Medium,Post-Cardiac Arrest,4.3,ICU,U006,F02,2026-08-23 14:00:00,Admitted
P00241,63,Male,Medium,Polytrauma,4.6,Emergency,U007,F02,2026-08-08 09:00:00,Admitted
P00242,5,Female,Medium,Febrile Neutropenia,4.6,Oncology,U010,F02,2026-08-15 18:00:00,Admitted
P00243,64,Non-Binary,Low,Post-Operative Recovery,2.6,Med-Surg,U003,F01,2026-08-18 11:00:00,Pending Transfer
P00244,70,Male,High,Cellulitis,7.1,Med-Surg,U008,F02,2026-08-04 23:00:00,Discharged
P00245,84,Male,Medium,Multi-organ Dysfunction,5.2,Med-Surg,U001,F01,2026-08-12 02:00:00,Admitted
P00246,57,Male,Low,Febrile Neutropenia,1.9,Oncology,U005,F01,2026-08-23 11:00:00,Admitted
P00247,91,Non-Binary,Low,Severe Abdominal Pain,1.8,Emergency,U007,F02,2026-08-07 06:00:00,Admitted
P00248,8,Non-Binary,Low,Multi-organ Dysfunction,2.6,ICU,U006,F02,2026-08-06 10:00:00,Admitted
P00249,91,Female,Critical,Dehydration,11.7,Pediatrics,U014,F03,2026-08-17 21:00:00,Pending Transfer
P00250,13,Male,Medium,Severe Abdominal Pain,5.3,Emergency,U007,F02,2026-08-28 20:00:00,Pending Transfer
P00251,17,Non-Binary,Low,Acute Myocardial Infarction,2.0,Emergency,U007,F02,2026-08-27 07:00:00,Admitted
P00252,87,Female,Low,Palliative Care,1.8,Oncology,U005,F01,2026-08-21 13:00:00,Admitted
P00253,49,Female,High,Polytrauma,7.4,Emergency,U012,F03,2026-08-03 12:00:00,Admitted
P00254,66,Non-Binary,High,Dehydration,7.6,Pediatrics,U014,F03,2026-08-15 15:00:00,Admitted
P00255,42,Non-Binary,Medium,Chemotherapy Monitoring,5.2,Oncology,U005,F01,2026-08-03 23:00:00,Admitted
P00256,59,Non-Binary,Medium,Pneumonia,5.2,Med-Surg,U008,F02,2026-08-13 06:00:00,Pending Transfer
P00257,55,Male,Low,Post-Cardiac Arrest,2.0,ICU,U006,F02,2026-08-11 17:00:00,Admitted
P00258,74,Male,Critical,Cellulitis,12.8,Med-Surg,U003,F01,2026-08-25 01:00:00,Admitted
P00259,6,Male,Medium,Cellulitis,3.5,Med-Surg,U008,F02,2026-08-06 14:00:00,Admitted
P00260,59,Male,Medium,Post-Cardiac Arrest,3.9,ICU,U011,F03,2026-08-05 20:00:00,Admitted
P00261,39,Male,Low,Multi-organ Dysfunction,1.7,ICU,U006,F02,2026-08-03 11:00:00,Admitted
P00262,86,Non-Binary,Low,Febrile Neutropenia,1.6,Oncology,U005,F01,2026-08-24 22:00:00,Admitted
P00263,30,Female,High,Pediatric Asthma,7.6,Pediatrics,U009,F02,2026-08-03 04:00:00,Admitted
P00264,76,Male,Critical,Congenital Heart Defect,8.6,Pediatrics,U009,F02,2026-08-27 03:00:00,Pending Transfer
P00265,55,Non-Binary,Low,Bronchiolitis,2.5,Pediatrics,U014,F03,2026-08-03 23:00:00,Pending Transfer
P00266,14,Male,Medium,Dehydration,4.2,Pediatrics,U004,F01,2026-08-13 04:00:00,Admitted
P00267,83,Non-Binary,Low,Diabetes Complications,1.6,Med-Surg,U003,F01,2026-08-20 20:00:00,Admitted
P00268,22,Female,High,Multi-organ Dysfunction,7.7,ICU,U001,F01,2026-08-05 13:00:00,Admitted
P00269,79,Non-Binary,High,Post-Cardiac Arrest,8.1,ICU,U006,F02,2026-08-05 03:00:00,Admitted
P00270,76,Non-Binary,High,Severe Abdominal Pain,6.6,Emergency,U002,F01,2026-08-26 04:00:00,Admitted
P00271,32,Female,Low,Pediatric Asthma,2.0,Pediatrics,U014,F03,2026-08-24 19:00:00,Pending Transfer
P00272,37,Non-Binary,Low,Acute Respiratory Distress,3.2,ICU,U001,F01,2026-08-10 06:00:00,Pending Transfer
P00273,67,Non-Binary,High,Febrile Neutropenia,7.7,Oncology,U005,F01,2026-08-02 07:00:00,Pending Transfer
P00274,64,Female,Low,Pediatric Asthma,2.0,Pediatrics,U009,F02,2026-08-03 16:00:00,Admitted
P00275,2,Female,Low,Stroke,1.8,Emergency,U002,F01,2026-08-19 13:00:00,Admitted
P00276,47,Non-Binary,Low,Bronchiolitis,3.0,Pediatrics,U004,F01,2026-08-25 02:00:00,Admitted
P00277,3,Non-Binary,Low,Polytrauma,1.5,Emergency,U002,F01,2026-08-30 01:00:00,Admitted
P00278,51,Non-Binary,Medium,Pneumonia,4.8,Med-Surg,U013,F03,2026-08-14 13:00:00,Admitted
P00279,90,Female,Low,Polytrauma,2.8,Emergency,U007,F02,2026-08-05 08:00:00,Admitted
P00280,11,Female,Low,Pediatric Asthma,2.5,Pediatrics,U004,F01,2026-08-26 04:00:00,Transfer Approved
P00281,69,Female,Medium,Cellulitis,4.7,Med-Surg,U008,F02,2026-08-21 21:00:00,Admitted
P00282,83,Male,Medium,Tumor Lysis Syndrome,4.9,Oncology,U005,F01,2026-08-28 07:00:00,Transfer Approved
P00283,8,Male,Low,Pediatric Asthma,3.3,Pediatrics,U014,F03,2026-08-20 19:00:00,Transfer Approved
P00284,8,Female,Medium,Acute Myocardial Infarction,3.7,Emergency,U007,F02,2026-08-23 00:00:00,Admitted
P00285,21,Female,Critical,Dehydration,11.4,Pediatrics,U014,F03,2026-08-24 08:00:00,Admitted
P00286,22,Female,Medium,Bronchiolitis,5.0,Pediatrics,U014,F03,2026-08-24 03:00:00,Admitted
P00287,4,Female,High,Palliative Care,6.3,Oncology,U015,F03,2026-08-21 02:00:00,Pending Transfer
P00288,64,Female,Critical,Dehydration,8.8,Pediatrics,U014,F03,2026-08-06 11:00:00,Admitted
P00289,21,Female,Low,Chemotherapy Monitoring,3.3,Oncology,U010,F02,2026-08-04 07:00:00,Admitted
P00290,66,Male,High,Pediatric Asthma,8.1,ICU,U004,F01,2026-08-16 11:00:00,Admitted
P00291,50,Male,Medium,Acute Myocardial Infarction,5.4,Emergency,U012,F03,2026-08-18 22:00:00,Admitted
P00292,84,Female,Medium,Diabetes Complications,4.1,Med-Surg,U013,F03,2026-08-24 10:00:00,Admitted
P00293,35,Male,Critical,Multi-organ Dysfunction,9.2,ICU,U011,F03,2026-08-02 05:00:00,Admitted
P00294,29,Non-Binary,High,Polytrauma,8.4,Pediatrics,U007,F02,2026-08-28 09:00:00,Pending Transfer
P00295,40,Female,Medium,Chemotherapy Monitoring,4.6,Emergency,U010,F02,2026-08-10 18:00:00,Admitted
P00296,39,Non-Binary,Low,Diabetes Complications,2.4,Med-Surg,U013,F03,2026-08-16 06:00:00,Admitted
P00297,70,Male,Low,Septic Shock,1.5,ICU,U006,F02,2026-08-08 17:00:00,Pending Transfer
P00298,45,Non-Binary,Medium,Acute Respiratory Distress,5.4,Pediatrics,U011,F03,2026-08-28 23:00:00,Admitted
P00299,40,Male,High,Diabetes Complications,7.1,Med-Surg,U008,F02,2026-08-16 01:00:00,Admitted
P00300,19,Non-Binary,Low,Tumor Lysis Syndrome,1.7,Oncology,U005,F01,2026-08-29 16:00:00,Admitted
P00301,53,Non-Binary,Medium,Dehydration,4.4,Pediatrics,U004,F01,2026-08-19 03:00:00,Pending Transfer
P00302,65,Male,Medium,Post-Cardiac Arrest,3.6,ICU,U006,F02,2026-08-14 21:00:00,Admitted
P00303,17,Male,Low,Pneumonia,2.0,Med-Surg,U008,F02,2026-08-26 12:00:00,Admitted
P00304,90,Non-Binary,High,Tumor Lysis Syndrome,6.5,Oncology,U005,F01,2026-08-03 06:00:00,Pending Transfer
P00305,18,Non-Binary,Critical,Chemotherapy Monitoring,9.4,Oncology,U010,F02,2026-08-15 10:00:00,Admitted
P00306,53,Male,Low,Stroke,3.4,Emergency,U007,F02,2026-08-10 14:00:00,Admitted
P00307,34,Male,High,Post-Operative Recovery,6.0,Med-Surg,U003,F01,2026-08-27 22:00:00,Admitted
P00308,90,Non-Binary,Medium,Acute Respiratory Distress,3.9,ICU,U011,F03,2026-08-05 02:00:00,Admitted
P00309,92,Male,Medium,Stroke,4.3,Med-Surg,U012,F03,2026-08-09 05:00:00,Admitted
P00310,4,Female,High,Post-Cardiac Arrest,7.2,ICU,U006,F02,2026-08-04 14:00:00,Admitted
P00311,14,Male,Low,Polytrauma,1.5,Emergency,U012,F03,2026-08-08 04:00:00,Pending Transfer
P00312,26,Female,High,Multi-organ Dysfunction,7.6,ICU,U001,F01,2026-08-03 18:00:00,Admitted
P00313,76,Female,Medium,Polytrauma,3.5,Pediatrics,U007,F02,2026-08-26 04:00:00,Admitted
P00314,12,Female,Medium,Polytrauma,3.6,Emergency,U002,F01,2026-08-06 18:00:00,Admitted
P00315,56,Non-Binary,Low,Cellulitis,2.5,Med-Surg,U008,F02,2026-08-14 05:00:00,Admitted
P00316,46,Male,Medium,Diabetes Complications,4.0,Med-Surg,U008,F02,2026-08-05 01:00:00,Transfer Approved
P00317,79,Non-Binary,Low,Febrile Neutropenia,2.8,Oncology,U015,F03,2026-08-29 17:00:00,Admitted
P00318,62,Male,Medium,Pediatric Asthma,4.1,Pediatrics,U009,F02,2026-08-07 20:00:00,Admitted
P00319,68,Male,High,Pediatric Asthma,8.5,Pediatrics,U004,F01,2026-08-12 15:00:00,Admitted
P00320,70,Female,High,Dehydration,8.2,Pediatrics,U009,F02,2026-08-13 08:00:00,Admitted
P00321,24,Male,Medium,Multi-organ Dysfunction,4.7,Med-Surg,U011,F03,2026-08-02 15:00:00,Admitted
P00322,68,Female,Low,Acute Myocardial Infarction,3.4,Emergency,U012,F03,2026-08-22 07:00:00,Admitted
P00323,35,Non-Binary,High,Chemotherapy Monitoring,7.8,Oncology,U005,F01,2026-08-19 12:00:00,Admitted
P00324,46,Male,Medium,Febrile Neutropenia,4.0,Oncology,U005,F01,2026-08-24 22:00:00,Admitted
P00325,46,Non-Binary,Low,Polytrauma,2.9,Emergency,U007,F02,2026-08-19 18:00:00,Admitted
P00326,19,Non-Binary,Low,Bronchiolitis,3.2,Pediatrics,U014,F03,2026-08-16 17:00:00,Pending Transfer
P00327,40,Male,Low,Post-Cardiac Arrest,1.6,Oncology,U001,F01,2026-08-08 00:00:00,Transfer Approved
P00328,68,Female,Medium,Post-Operative Recovery,4.2,Med-Surg,U003,F01,2026-08-26 04:00:00,Admitted
P00329,44,Non-Binary,Low,Diabetes Complications,3.3,Med-Surg,U013,F03,2026-08-11 01:00:00,Admitted
P00330,3,Male,Low,Diabetes Complications,3.0,Med-Surg,U003,F01,2026-08-28 11:00:00,Admitted
P00331,10,Female,High,Palliative Care,7.3,Oncology,U015,F03,2026-08-11 04:00:00,Transfer Approved
P00332,21,Non-Binary,High,Post-Cardiac Arrest,7.9,ICU,U001,F01,2026-08-21 10:00:00,Admitted
P00333,23,Non-Binary,Low,Multi-organ Dysfunction,1.9,ICU,U011,F03,2026-08-06 12:00:00,Admitted
P00334,40,Non-Binary,Medium,Dehydration,3.8,Pediatrics,U004,F01,2026-08-31 22:00:00,Admitted
P00335,74,Female,Medium,Chemotherapy Monitoring,3.9,Oncology,U010,F02,2026-08-26 19:00:00,Discharged
P00336,29,Non-Binary,Medium,Polytrauma,5.4,Emergency,U007,F02,2026-08-24 02:00:00,Admitted
P00337,31,Female,High,Pneumonia,6.0,Med-Surg,U003,F01,2026-08-03 22:00:00,Admitted
P00338,86,Non-Binary,High,Pneumonia,6.8,Med-Surg,U003,F01,2026-08-08 22:00:00,Pending Transfer
P00339,9,Female,Medium,Multi-organ Dysfunction,5.1,ICU,U011,F03,2026-08-02 12:00:00,Admitted
P00340,57,Non-Binary,Low,Post-Cardiac Arrest,3.4,ICU,U001,F01,2026-08-16 12:00:00,Discharged
P00341,45,Non-Binary,High,Severe Abdominal Pain,5.8,Emergency,U007,F02,2026-08-28 18:00:00,Admitted
P00342,84,Non-Binary,Critical,Diabetes Complications,9.4,ICU,U013,F03,2026-08-10 00:00:00,Transfer Approved
P00343,41,Female,Medium,Acute Respiratory Distress,3.6,ICU,U006,F02,2026-08-13 05:00:00,Admitted
P00344,10,Non-Binary,High,Polytrauma,6.5,Emergency,U012,F03,2026-08-29 15:00:00,Admitted
P00345,91,Male,Medium,Palliative Care,5.4,Oncology,U015,F03,2026-08-29 13:00:00,Admitted
P00346,21,Male,High,Acute Respiratory Distress,6.5,ICU,U011,F03,2026-08-14 22:00:00,Admitted
P00347,71,Non-Binary,Medium,Stroke,4.8,Emergency,U002,F01,2026-08-04 01:00:00,Admitted
P00348,51,Non-Binary,Low,Congenital Heart Defect,2.5,Pediatrics,U009,F02,2026-08-14 02:00:00,Admitted
P00349,38,Non-Binary,High,Congenital Heart Defect,6.1,Emergency,U009,F02,2026-08-21 09:00:00,Admitted
P00350,11,Female,Critical,Polytrauma,10.2,Emergency,U012,F03,2026-08-16 21:00:00,Admitted
P00351,34,Male,Critical,Severe Abdominal Pain,9.5,Emergency,U002,F01,2026-08-12 05:00:00,Admitted
P00352,58,Male,Medium,Stroke,4.4,Emergency,U012,F03,2026-08-27 08:00:00,Admitted
P00353,73,Male,Medium,Septic Shock,5.0,ICU,U001,F01,2026-08-03 21:00:00,Pending Transfer
P00354,45,Non-Binary,Critical,Palliative Care,13.8,Oncology,U015,F03,2026-08-18 01:00:00,Admitted
P00355,50,Non-Binary,Medium,Palliative Care,5.4,Oncology,U005,F01,2026-08-30 15:00:00,Admitted
P00356,74,Male,Low,Palliative Care,2.1,Oncology,U010,F02,2026-08-28 22:00:00,Admitted
P00357,5,Non-Binary,Medium,Septic Shock,3.7,ICU,U001,F01,2026-08-06 05:00:00,Admitted
P00358,28,Male,Critical,Febrile Neutropenia,8.7,Pediatrics,U015,F03,2026-08-07 20:00:00,Transfer Approved
P00359,19,Non-Binary,Medium,Pneumonia,4.1,Med-Surg,U008,F02,2026-08-26 02:00:00,Admitted
P00360,12,Female,Medium,Cellulitis,4.6,Med-Surg,U008,F02,2026-08-17 14:00:00,Admitted
P00361,2,Non-Binary,High,Palliative Care,5.8,Oncology,U005,F01,2026-08-19 18:00:00,Admitted
P00362,75,Male,Low,Pediatric Asthma,2.6,Pediatrics,U004,F01,2026-08-10 17:00:00,Admitted
P00363,45,Female,High,Multi-organ Dysfunction,6.6,ICU,U001,F01,2026-08-20 15:00:00,Admitted
P00364,5,Male,Medium,Stroke,4.3,Emergency,U012,F03,2026-08-22 22:00:00,Admitted
P00365,52,Male,Low,Congenital Heart Defect,3.3,Pediatrics,U014,F03,2026-08-08 01:00:00,Pending Transfer
P00366,61,Female,Low,Pneumonia,1.5,Med-Surg,U008,F02,2026-08-10 09:00:00,Transfer Approved
P00367,36,Female,Low,Post-Operative Recovery,3.4,Med-Surg,U013,F03,2026-08-10 23:00:00,Admitted
P00368,57,Female,Low,Multi-organ Dysfunction,3.0,ICU,U011,F03,2026-08-03 06:00:00,Admitted
P00369,57,Male,Low,Post-Cardiac Arrest,3.0,ICU,U001,F01,2026-08-28 11:00:00,Pending Transfer
P00370,8,Non-Binary,Medium,Bronchiolitis,3.6,Pediatrics,U009,F02,2026-08-13 04:00:00,Pending Transfer
P00371,68,Non-Binary,High,Chemotherapy Monitoring,6.0,Oncology,U015,F03,2026-08-07 01:00:00,Discharged
P00372,32,Male,Low,Palliative Care,1.6,Oncology,U015,F03,2026-08-07 08:00:00,Admitted
P00373,48,Female,Medium,Palliative Care,4.8,Oncology,U010,F02,2026-08-01 07:00:00,Pending Transfer
P00374,48,Female,Low,Severe Abdominal Pain,1.9,Emergency,U012,F03,2026-08-19 17:00:00,Admitted
P00375,45,Female,Low,Bronchiolitis,3.2,Pediatrics,U014,F03,2026-08-27 22:00:00,Admitted
P00376,12,Female,Low,Polytrauma,2.3,Emergency,U012,F03,2026-08-19 06:00:00,Admitted
P00377,29,Non-Binary,High,Acute Myocardial Infarction,7.5,Emergency,U007,F02,2026-08-14 16:00:00,Pending Transfer
P00378,3,Non-Binary,Critical,Post-Operative Recovery,11.1,Med-Surg,U013,F03,2026-08-06 19:00:00,Admitted
P00379,2,Male,Medium,Multi-organ Dysfunction,4.7,ICU,U006,F02,2026-08-23 22:00:00,Admitted
P00380,83,Female,Medium,Post-Cardiac Arrest,5.3,ICU,U006,F02,2026-08-15 08:00:00,Admitted
P00381,28,Female,Critical,Stroke,12.2,Emergency,U007,F02,2026-08-13 18:00:00,Transfer Approved
P00382,14,Male,Medium,Multi-organ Dysfunction,4.6,ICU,U001,F01,2026-08-10 09:00:00,Pending Transfer
P00383,88,Male,Low,Cellulitis,1.6,Med-Surg,U008,F02,2026-08-21 10:00:00,Admitted
P00384,36,Female,High,Pneumonia,6.1,Med-Surg,U008,F02,2026-08-08 01:00:00,Admitted
P00385,77,Female,Low,Tumor Lysis Syndrome,2.9,Oncology,U005,F01,2026-08-21 15:00:00,Admitted
P00386,38,Female,Low,Severe Abdominal Pain,2.3,Emergency,U007,F02,2026-08-19 22:00:00,Pending Transfer
P00387,74,Male,Low,Dehydration,3.0,Pediatrics,U014,F03,2026-08-18 20:00:00,Admitted
P00388,61,Non-Binary,High,Multi-organ Dysfunction,7.0,ICU,U011,F03,2026-08-27 21:00:00,Pending Transfer
P00389,72,Male,Critical,Multi-organ Dysfunction,9.0,ICU,U011,F03,2026-08-09 23:00:00,Admitted
P00390,72,Male,Low,Dehydration,2.8,Pediatrics,U009,F02,2026-08-08 23:00:00,Pending Transfer
P00391,40,Female,High,Stroke,6.6,Emergency,U012,F03,2026-08-15 03:00:00,Admitted
P00392,61,Male,High,Acute Respiratory Distress,6.9,ICU,U011,F03,2026-08-04 21:00:00,Admitted
P00393,49,Non-Binary,Low,Tumor Lysis Syndrome,2.3,Oncology,U010,F02,2026-08-05 04:00:00,Admitted
P00394,26,Female,Medium,Post-Cardiac Arrest,5.5,ICU,U011,F03,2026-08-15 04:00:00,Admitted
P00395,41,Non-Binary,Low,Septic Shock,3.1,ICU,U011,F03,2026-08-21 05:00:00,Admitted
P00396,41,Non-Binary,Medium,Chemotherapy Monitoring,3.5,Oncology,U015,F03,2026-08-25 05:00:00,Pending Transfer
P00397,74,Male,High,Congenital Heart Defect,7.9,Pediatrics,U009,F02,2026-08-05 19:00:00,Admitted
P00398,56,Non-Binary,High,Congenital Heart Defect,6.7,Pediatrics,U004,F01,2026-08-13 00:00:00,Admitted
P00399,5,Non-Binary,Medium,Bronchiolitis,5.0,Pediatrics,U014,F03,2026-08-29 10:00:00,Admitted
P00400,68,Male,High,Post-Operative Recovery,7.5,Med-Surg,U013,F03,2026-08-08 07:00:00,Admitted
P00401,89,Female,High,Tumor Lysis Syndrome,5.9,Oncology,U005,F01,2026-08-19 09:00:00,Admitted
P00402,22,Male,High,Chemotherapy Monitoring,6.4,Oncology,U015,F03,2026-08-24 16:00:00,Admitted
P00403,77,Non-Binary,Medium,Stroke,4.4,Emergency,U012,F03,2026-08-05 10:00:00,Admitted
P00404,63,Female,High,Septic Shock,7.0,ICU,U011,F03,2026-08-26 12:00:00,Admitted
P00405,3,Male,High,Bronchiolitis,7.7,Pediatrics,U014,F03,2026-08-24 00:00:00,Admitted
P00406,76,Non-Binary,Medium,Bronchiolitis,3.7,Pediatrics,U009,F02,2026-08-26 01:00:00,Admitted
P00407,49,Non-Binary,High,Pneumonia,7.8,Med-Surg,U008,F02,2026-08-20 01:00:00,Admitted
P00408,85,Male,Medium,Pediatric Asthma,3.6,Pediatrics,U004,F01,2026-08-15 12:00:00,Admitted
P00409,16,Non-Binary,Medium,Dehydration,4.4,Pediatrics,U004,F01,2026-08-23 21:00:00,Admitted
P00410,81,Male,Medium,Multi-organ Dysfunction,4.3,ICU,U011,F03,2026-08-17 08:00:00,Admitted
P00411,80,Non-Binary,High,Septic Shock,6.8,ICU,U006,F02,2026-08-17 23:00:00,Admitted
P00412,80,Male,Low,Stroke,1.7,Emergency,U002,F01,2026-08-07 19:00:00,Admitted
P00413,26,Female,Medium,Diabetes Complications,4.2,Med-Surg,U013,F03,2026-08-06 01:00:00,Transfer Approved
P00414,71,Female,Medium,Septic Shock,4.9,ICU,U011,F03,2026-08-08 00:00:00,Discharged
P00415,2,Non-Binary,High,Acute Respiratory Distress,8.2,ICU,U006,F02,2026-08-22 15:00:00,Admitted
P00416,20,Male,Medium,Post-Operative Recovery,4.9,Med-Surg,U013,F03,2026-08-09 20:00:00,Admitted
P00417,30,Female,High,Tumor Lysis Syndrome,6.3,Emergency,U015,F03,2026-08-28 01:00:00,Admitted
P00418,38,Female,Medium,Dehydration,4.4,Pediatrics,U009,F02,2026-08-28 01:00:00,Admitted
P00419,2,Male,Low,Septic Shock,2.2,ICU,U006,F02,2026-08-31 19:00:00,Admitted
P00420,35,Non-Binary,Medium,Acute Respiratory Distress,4.2,ICU,U006,F02,2026-08-04 12:00:00,Transfer Approved
P00421,52,Female,Critical,Multi-organ Dysfunction,13.1,ICU,U001,F01,2026-08-16 13:00:00,Admitted
P00422,84,Male,High,Polytrauma,5.9,Emergency,U002,F01,2026-08-31 05:00:00,Admitted
P00423,14,Female,Low,Cellulitis,3.1,Med-Surg,U008,F02,2026-08-06 19:00:00,Admitted
P00424,49,Female,Medium,Post-Operative Recovery,5.2,Med-Surg,U013,F03,2026-08-24 04:00:00,Admitted
P00425,62,Female,High,Pediatric Asthma,8.2,Pediatrics,U014,F03,2026-08-03 08:00:00,Admitted
P00426,84,Female,Low,Post-Operative Recovery,2.9,Med-Surg,U013,F03,2026-08-25 23:00:00,Pending Transfer
P00427,74,Non-Binary,Low,Bronchiolitis,3.5,Pediatrics,U009,F02,2026-08-11 16:00:00,Admitted
P00428,67,Non-Binary,High,Chemotherapy Monitoring,6.8,Oncology,U005,F01,2026-08-16 11:00:00,Admitted
P00429,85,Non-Binary,Low,Severe Abdominal Pain,2.5,Emergency,U012,F03,2026-08-29 19:00:00,Pending Transfer
P00430,7,Male,Low,Diabetes Complications,2.5,Med-Surg,U008,F02,2026-08-16 05:00:00,Admitted
P00431,10,Female,Low,Dehydration,2.0,Pediatrics,U009,F02,2026-08-02 16:00:00,Admitted
P00432,29,Non-Binary,Medium,Congenital Heart Defect,4.3,Pediatrics,U009,F02,2026-08-15 14:00:00,Admitted
P00433,74,Female,Medium,Post-Operative Recovery,5.2,Med-Surg,U008,F02,2026-08-04 15:00:00,Admitted
P00434,84,Male,Low,Acute Respiratory Distress,2.3,Oncology,U001,F01,2026-08-01 02:00:00,Discharged
P00435,78,Non-Binary,Medium,Pneumonia,5.3,Med-Surg,U013,F03,2026-08-21 21:00:00,Admitted
P00436,59,Female,Low,Multi-organ Dysfunction,3.2,ICU,U001,F01,2026-08-28 14:00:00,Admitted
P00437,43,Non-Binary,Medium,Post-Cardiac Arrest,4.9,ICU,U006,F02,2026-08-15 03:00:00,Admitted
P00438,13,Non-Binary,Critical,Diabetes Complications,8.5,Med-Surg,U003,F01,2026-08-21 09:00:00,Admitted
P00439,71,Non-Binary,Medium,Tumor Lysis Syndrome,4.9,Emergency,U015,F03,2026-08-16 04:00:00,Admitted
P00440,92,Non-Binary,Medium,Congenital Heart Defect,3.7,Pediatrics,U004,F01,2026-08-07 03:00:00,Admitted
P00441,51,Male,Medium,Palliative Care,5.1,Oncology,U005,F01,2026-08-11 03:00:00,Admitted
P00442,54,Male,High,Polytrauma,7.8,Emergency,U012,F03,2026-08-22 18:00:00,Admitted
P00443,65,Male,Low,Congenital Heart Defect,1.5,Pediatrics,U004,F01,2026-08-18 13:00:00,Pending Transfer
P00444,75,Female,Low,Diabetes Complications,2.9,Med-Surg,U013,F03,2026-08-27 04:00:00,Transfer Approved
P00445,14,Female,High,Tumor Lysis Syndrome,7.0,Oncology,U005,F01,2026-08-20 22:00:00,Admitted
P00446,32,Female,Medium,Severe Abdominal Pain,5.4,Emergency,U002,F01,2026-08-15 04:00:00,Admitted
P00447,18,Female,High,Pneumonia,8.0,Med-Surg,U008,F02,2026-08-11 22:00:00,Admitted
P00448,71,Non-Binary,High,Acute Myocardial Infarction,6.1,Emergency,U012,F03,2026-08-10 21:00:00,Discharged
P00449,45,Non-Binary,Medium,Diabetes Complications,5.5,Med-Surg,U003,F01,2026-08-31 05:00:00,Admitted
P00450,65,Non-Binary,High,Stroke,7.6,Emergency,U007,F02,2026-08-18 15:00:00,Admitted
P00451,75,Non-Binary,Critical,Palliative Care,12.2,Oncology,U015,F03,2026-08-18 09:00:00,Discharged
P00452,55,Male,High,Pediatric Asthma,5.6,Pediatrics,U004,F01,2026-08-22 01:00:00,Admitted
P00453,26,Female,Low,Bronchiolitis,3.5,Pediatrics,U009,F02,2026-08-05 01:00:00,Transfer Approved
P00454,89,Female,Medium,Febrile Neutropenia,5.0,Pediatrics,U015,F03,2026-08-04 19:00:00,Discharged
P00455,87,Non-Binary,Low,Acute Myocardial Infarction,3.0,Emergency,U002,F01,2026-08-08 16:00:00,Admitted
P00456,90,Female,Low,Pediatric Asthma,3.4,Pediatrics,U004,F01,2026-08-31 21:00:00,Admitted
P00457,41,Non-Binary,High,Chemotherapy Monitoring,5.5,Oncology,U010,F02,2026-08-20 14:00:00,Admitted
P00458,29,Non-Binary,Low,Pneumonia,3.0,Med-Surg,U003,F01,2026-08-20 06:00:00,Pending Transfer
P00459,25,Female,Medium,Congenital Heart Defect,3.9,Pediatrics,U004,F01,2026-08-06 05:00:00,Admitted
P00460,66,Male,High,Cellulitis,5.6,Med-Surg,U013,F03,2026-08-09 04:00:00,Pending Transfer
P00461,21,Non-Binary,Low,Pneumonia,2.5,Med-Surg,U003,F01,2026-08-30 04:00:00,Admitted
P00462,6,Male,Low,Multi-organ Dysfunction,2.7,ICU,U001,F01,2026-08-21 19:00:00,Admitted
P00463,85,Female,Medium,Cellulitis,5.1,Med-Surg,U013,F03,2026-08-03 22:00:00,Admitted
P00464,41,Non-Binary,Low,Septic Shock,3.4,ICU,U011,F03,2026-08-26 16:00:00,Admitted
P00465,21,Female,Medium,Severe Abdominal Pain,3.7,Emergency,U007,F02,2026-08-07 21:00:00,Pending Transfer
P00466,43,Female,Low,Tumor Lysis Syndrome,2.1,Oncology,U015,F03,2026-08-20 16:00:00,Admitted
P00467,61,Non-Binary,High,Polytrauma,5.8,Emergency,U002,F01,2026-08-08 20:00:00,Admitted
P00468,79,Non-Binary,Critical,Febrile Neutropenia,13.8,Oncology,U015,F03,2026-08-11 12:00:00,Pending Transfer
P00469,15,Female,Medium,Pneumonia,4.6,Med-Surg,U003,F01,2026-08-30 16:00:00,Admitted
P00470,48,Non-Binary,Critical,Cellulitis,11.2,Med-Surg,U008,F02,2026-08-21 06:00:00,Admitted
P00471,42,Non-Binary,High,Pediatric Asthma,8.3,Pediatrics,U004,F01,2026-08-31 17:00:00,Admitted
P00472,69,Male,Medium,Pediatric Asthma,3.9,Pediatrics,U014,F03,2026-08-07 21:00:00,Admitted
P00473,55,Male,High,Bronchiolitis,7.1,Pediatrics,U014,F03,2026-08-24 13:00:00,Pending Transfer
P00474,83,Male,Critical,Acute Myocardial Infarction,8.6,Emergency,U002,F01,2026-08-02 02:00:00,Discharged
P00475,10,Male,Low,Bronchiolitis,3.1,Pediatrics,U009,F02,2026-08-19 07:00:00,Transfer Approved
P00476,34,Female,Medium,Post-Cardiac Arrest,4.4,ICU,U001,F01,2026-08-11 00:00:00,Admitted
P00477,50,Non-Binary,Medium,Polytrauma,4.6,Emergency,U012,F03,2026-08-20 02:00:00,Admitted
P00478,75,Male,Low,Acute Respiratory Distress,2.2,ICU,U011,F03,2026-08-10 21:00:00,Admitted
P00479,39,Non-Binary,Critical,Post-Operative Recovery,10.0,Med-Surg,U013,F03,2026-08-13 12:00:00,Admitted
P00480,85,Male,Low,Cellulitis,1.8,Med-Surg,U003,F01,2026-08-24 12:00:00,Admitted
P00481,70,Female,Low,Septic Shock,2.1,ICU,U006,F02,2026-08-31 23:00:00,Admitted
P00482,83,Female,Medium,Pediatric Asthma,4.6,Pediatrics,U014,F03,2026-08-04 01:00:00,Admitted
P00483,1,Non-Binary,Low,Post-Cardiac Arrest,2.6,ICU,U001,F01,2026-08-10 06:00:00,Admitted
P00484,45,Male,High,Post-Cardiac Arrest,8.2,ICU,U006,F02,2026-08-05 05:00:00,Pending Transfer
P00485,24,Male,Low,Multi-organ Dysfunction,1.9,ICU,U006,F02,2026-08-26 18:00:00,Transfer Approved
P00486,7,Non-Binary,Medium,Severe Abdominal Pain,4.8,ICU,U007,F02,2026-08-09 03:00:00,Transfer Approved
P00487,26,Non-Binary,Low,Cellulitis,3.4,Med-Surg,U008,F02,2026-08-22 20:00:00,Discharged
P00488,31,Male,Medium,Tumor Lysis Syndrome,4.7,Oncology,U005,F01,2026-08-11 15:00:00,Admitted
P00489,58,Female,Low,Multi-organ Dysfunction,2.9,ICU,U001,F01,2026-08-19 11:00:00,Admitted
P00490,41,Female,Medium,Septic Shock,3.5,ICU,U011,F03,2026-08-08 22:00:00,Admitted
P00491,83,Female,Medium,Tumor Lysis Syndrome,5.2,Oncology,U005,F01,2026-08-24 10:00:00,Pending Transfer
P00492,62,Female,Critical,Congenital Heart Defect,11.25,Pediatrics,U009,F02,2026-08-18 03:00:00,Transfer Approved
P00493,23,Non-Binary,High,Chemotherapy Monitoring,8.0,Oncology,U005,F01,2026-08-05 17:00:00,Admitted
P00494,26,Female,Medium,Chemotherapy Monitoring,5.0,Oncology,U015,F03,2026-08-28 16:00:00,Admitted
P00495,81,Male,High,Cellulitis,7.8,Med-Surg,U003,F01,2026-08-02 17:00:00,Discharged
P00496,34,Non-Binary,Critical,Post-Cardiac Arrest,12.1,ICU,U011,F03,2026-08-13 07:00:00,Admitted
P00497,76,Non-Binary,Medium,Tumor Lysis Syndrome,3.8,Oncology,U010,F02,2026-08-03 12:00:00,Pending Transfer
P00498,47,Non-Binary,Low,Pediatric Asthma,2.8,Pediatrics,U009,F02,2026-08-26 19:00:00,Admitted
P00499,88,Male,Medium,Acute Myocardial Infarction,4.4,Emergency,U012,F03,2026-08-31 18:00:00,Admitted
P00500,85,Male,Medium,Post-Cardiac Arrest,5.4,Pediatrics,U001,F01,2026-08-08 02:00:00,Admitted
P00501,34,Female,Low,Acute Myocardial Infarction,1.6,Emergency,U007,F02,2026-08-30 11:00:00,Admitted
P00502,50,Female,Low,Cellulitis,3.3,Med-Surg,U013,F03,2026-08-04 22:00:00,Admitted
P00503,67,Non-Binary,High,Stroke,8.0,Emergency,U007,F02,2026-08-18 18:00:00,Admitted
P00504,23,Female,Medium,Congenital Heart Defect,4.2,Pediatrics,U014,F03,2026-08-27 02:00:00,Admitted
P00505,67,Female,High,Palliative Care,8.4,Oncology,U015,F03,2026-08-13 11:00:00,Admitted
P00506,45,Female,Low,Palliative Care,3.3,Emergency,U010,F02,2026-08-15 05:00:00,Transfer Approved
P00507,30,Male,Critical,Dehydration,9.7,Pediatrics,U004,F01,2026-08-12 19:00:00,Admitted
P00508,92,Male,Medium,Diabetes Complications,4.3,Med-Surg,U013,F03,2026-08-04 15:00:00,Pending Transfer
P00509,87,Female,High,Congenital Heart Defect,6.1,Pediatrics,U004,F01,2026-08-27 13:00:00,Admitted
P00510,3,Male,Critical,Polytrauma,9.2,Emergency,U007,F02,2026-08-05 20:00:00,Pending Transfer
P00511,66,Male,Low,Septic Shock,1.6,ICU,U011,F03,2026-08-06 16:00:00,Discharged
P00512,52,Non-Binary,Low,Pediatric Asthma,3.3,Pediatrics,U009,F02,2026-08-27 09:00:00,Admitted
P00513,11,Male,Low,Cellulitis,2.7,Med-Surg,U013,F03,2026-08-16 05:00:00,Admitted
P00514,29,Female,Low,Diabetes Complications,3.1,Med-Surg,U013,F03,2026-08-06 19:00:00,Admitted
P00515,85,Non-Binary,Medium,Pneumonia,3.8,Med-Surg,U008,F02,2026-08-30 14:00:00,Admitted
P00516,77,Non-Binary,Medium,Polytrauma,4.0,Emergency,U007,F02,2026-08-04 00:00:00,Admitted
P00517,26,Non-Binary,Low,Congenital Heart Defect,3.2,Pediatrics,U014,F03,2026-08-06 15:00:00,Admitted
P00518,79,Non-Binary,Low,Polytrauma,3.3,Emergency,U012,F03,2026-08-25 03:00:00,Admitted
P00519,12,Female,High,Acute Myocardial Infarction,8.2,Emergency,U012,F03,2026-08-01 21:00:00,Admitted
P00520,84,Female,High,Congenital Heart Defect,6.6,Oncology,U004,F01,2026-08-14 07:00:00,Admitted
P00521,62,Female,High,Multi-organ Dysfunction,7.3,ICU,U006,F02,2026-08-25 22:00:00,Admitted
P00522,74,Male,Low,Severe Abdominal Pain,1.8,Emergency,U007,F02,2026-08-08 02:00:00,Admitted
P00523,37,Non-Binary,High,Palliative Care,6.3,ICU,U010,F02,2026-08-19 16:00:00,Pending Transfer
P00524,16,Non-Binary,Low,Pediatric Asthma,2.3,Pediatrics,U014,F03,2026-08-26 10:00:00,Admitted
P00525,53,Female,Low,Chemotherapy Monitoring,1.8,Oncology,U010,F02,2026-08-09 08:00:00,Admitted
P00526,69,Female,High,Stroke,7.3,Emergency,U002,F01,2026-08-13 06:00:00,Admitted
P00527,53,Non-Binary,High,Cellulitis,6.0,Med-Surg,U008,F02,2026-08-16 08:00:00,Admitted
P00528,40,Non-Binary,Critical,Tumor Lysis Syndrome,12.8,Oncology,U010,F02,2026-08-05 21:00:00,Admitted
P00529,16,Non-Binary,Medium,Diabetes Complications,4.4,Med-Surg,U013,F03,2026-08-06 03:00:00,Admitted
P00530,28,Non-Binary,Low,Post-Cardiac Arrest,3.1,ICU,U011,F03,2026-08-20 22:00:00,Admitted
P00531,88,Non-Binary,Medium,Polytrauma,3.8,Emergency,U007,F02,2026-08-01 02:00:00,Admitted
P00532,19,Female,Low,Cellulitis,1.7,Med-Surg,U013,F03,2026-08-12 02:00:00,Discharged
P00533,78,Male,Low,Severe Abdominal Pain,3.4,Emergency,U012,F03,2026-08-21 16:00:00,Admitted
P00534,37,Non-Binary,Critical,Chemotherapy Monitoring,13.7,Oncology,U015,F03,2026-08-21 15:00:00,Pending Transfer
P00535,57,Male,Low,Acute Myocardial Infarction,3.2,Emergency,U012,F03,2026-08-17 09:00:00,Admitted
P00536,25,Male,Critical,Septic Shock,11.9,ICU,U001,F01,2026-08-12 07:00:00,Admitted
P00537,84,Male,Medium,Septic Shock,3.7,ICU,U006,F02,2026-08-13 11:00:00,Admitted
P00538,86,Female,Low,Post-Cardiac Arrest,2.7,ICU,U001,F01,2026-08-24 22:00:00,Admitted
P00539,9,Male,Low,Multi-organ Dysfunction,3.0,ICU,U011,F03,2026-08-19 11:00:00,Admitted
P00540,45,Female,Critical,Bronchiolitis,11.8,Pediatrics,U009,F02,2026-08-30 12:00:00,Admitted
P00541,74,Male,High,Pneumonia,6.0,Med-Surg,U003,F01,2026-08-18 02:00:00,Pending Transfer
P00542,65,Female,Critical,Tumor Lysis Syndrome,13.7,Oncology,U010,F02,2026-08-31 08:00:00,Pending Transfer
P00543,69,Non-Binary,Low,Multi-organ Dysfunction,2.9,ICU,U011,F03,2026-08-19 15:00:00,Admitted
P00544,32,Female,Low,Severe Abdominal Pain,2.9,Emergency,U007,F02,2026-08-28 00:00:00,Admitted
P00545,62,Male,Medium,Multi-organ Dysfunction,3.6,ICU,U006,F02,2026-08-08 21:00:00,Admitted
P00546,90,Male,Low,Tumor Lysis Syndrome,2.3,Oncology,U015,F03,2026-08-18 00:00:00,Pending Transfer
P00547,90,Female,Medium,Febrile Neutropenia,4.1,Oncology,U010,F02,2026-08-24 10:00:00,Discharged
P00548,10,Non-Binary,Critical,Septic Shock,11.1,ICU,U006,F02,2026-08-29 18:00:00,Admitted
P00549,35,Male,Medium,Acute Myocardial Infarction,4.5,Emergency,U002,F01,2026-08-24 07:00:00,Admitted
P00550,34,Male,Critical,Bronchiolitis,9.6,Pediatrics,U004,F01,2026-08-20 11:00:00,Admitted
P00551,20,Male,Medium,Pediatric Asthma,5.3,Pediatrics,U009,F02,2026-08-22 15:00:00,Transfer Approved
P00552,79,Male,Medium,Pediatric Asthma,5.2,Pediatrics,U009,F02,2026-08-11 15:00:00,Admitted
P00553,74,Female,Medium,Cellulitis,3.9,Med-Surg,U013,F03,2026-08-17 08:00:00,Admitted
P00554,51,Male,Low,Septic Shock,1.6,ICU,U011,F03,2026-08-16 17:00:00,Admitted
P00555,5,Non-Binary,Medium,Stroke,4.3,Emergency,U012,F03,2026-08-06 14:00:00,Admitted
P00556,16,Non-Binary,Critical,Palliative Care,10.2,Emergency,U015,F03,2026-08-13 18:00:00,Admitted
P00557,13,Female,Low,Pneumonia,2.7,Med-Surg,U013,F03,2026-08-18 08:00:00,Transfer Approved
P00558,31,Female,High,Congenital Heart Defect,8.4,Pediatrics,U014,F03,2026-08-06 15:00:00,Admitted
P00559,55,Male,Medium,Palliative Care,4.9,Oncology,U010,F02,2026-08-28 12:00:00,Admitted
P00560,36,Female,Critical,Diabetes Complications,11.6,Med-Surg,U013,F03,2026-08-22 07:00:00,Admitted
P00561,13,Non-Binary,High,Pneumonia,7.9,Med-Surg,U013,F03,2026-08-28 12:00:00,Transfer Approved
P00562,26,Male,Medium,Septic Shock,4.4,Pediatrics,U006,F02,2026-08-16 04:00:00,Transfer Approved
P00563,81,Non-Binary,Medium,Dehydration,7.9,Pediatrics,U004,F01,2026-08-18 18:00:00,Admitted
P00564,7,Female,Medium,Pediatric Asthma,4.9,Med-Surg,U014,F03,2026-08-16 20:00:00,Discharged
P00565,13,Female,Medium,Stroke,4.0,Emergency,U007,F02,2026-08-18 08:00:00,Admitted
P00566,45,Male,Low,Congenital Heart Defect,1.7,Pediatrics,U014,F03,2026-08-31 19:00:00,Admitted
P00567,26,Non-Binary,Medium,Acute Myocardial Infarction,5.5,Emergency,U012,F03,2026-08-11 21:00:00,Discharged
P00568,66,Female,High,Post-Cardiac Arrest,8.2,ICU,U006,F02,2026-08-10 14:00:00,Admitted
P00569,81,Male,Medium,Bronchiolitis,4.8,Pediatrics,U004,F01,2026-08-14 20:00:00,Admitted
P00570,79,Non-Binary,Critical,Palliative Care,13.2,Emergency,U010,F02,2026-08-11 07:00:00,Admitted
P00571,41,Female,Low,Pneumonia,2.9,Med-Surg,U013,F03,2026-08-13 08:00:00,Admitted
P00572,57,Female,High,Severe Abdominal Pain,6.7,Emergency,U007,F02,2026-08-01 04:00:00,Discharged
P00573,31,Non-Binary,Low,Pneumonia,3.4,Med-Surg,U008,F02,2026-08-03 06:00:00,Admitted
P00574,22,Female,Low,Acute Respiratory Distress,1.7,ICU,U011,F03,2026-08-16 17:00:00,Admitted
P00575,7,Male,High,Cellulitis,7.1,Med-Surg,U003,F01,2026-08-04 08:00:00,Admitted
P00576,80,Male,Low,Polytrauma,2.8,Emergency,U007,F02,2026-08-10 07:00:00,Pending Transfer
P00577,32,Non-Binary,Low,Stroke,2.4,Emergency,U007,F02,2026-08-17 05:00:00,Transfer Approved
P00578,4,Male,Low,Pneumonia,3.2,Med-Surg,U008,F02,2026-08-16 14:00:00,Admitted
P00579,70,Female,Medium,Congenital Heart Defect,3.8,Pediatrics,U009,F02,2026-08-18 05:00:00,Admitted
P00580,76,Non-Binary,Low,Cellulitis,2.8,Med-Surg,U013,F03,2026-08-19 13:00:00,Admitted
P00581,68,Non-Binary,Medium,Tumor Lysis Syndrome,5.3,Oncology,U015,F03,2026-08-08 02:00:00,Pending Transfer
P00582,57,Female,Medium,Pneumonia,4.3,Med-Surg,U013,F03,2026-08-01 00:00:00,Pending Transfer
P00583,67,Male,Low,Stroke,2.1,Emergency,U007,F02,2026-08-23 15:00:00,Discharged
P00584,62,Female,Medium,Acute Respiratory Distress,5.0,ICU,U011,F03,2026-08-20 07:00:00,Admitted
P00585,1,Non-Binary,Critical,Tumor Lysis Syndrome,9.5,Oncology,U010,F02,2026-08-14 12:00:00,Admitted
P00586,32,Male,High,Post-Cardiac Arrest,8.0,ICU,U011,F03,2026-08-03 13:00:00,Admitted
P00587,81,Male,Low,Multi-organ Dysfunction,2.1,ICU,U006,F02,2026-08-26 08:00:00,Admitted
P00588,53,Male,Low,Pediatric Asthma,1.9,Pediatrics,U009,F02,2026-08-21 14:00:00,Admitted
P00589,80,Female,Medium,Dehydration,4.9,Pediatrics,U004,F01,2026-08-11 00:00:00,Admitted
P00590,20,Male,Low,Acute Respiratory Distress,1.9,ICU,U001,F01,2026-08-09 04:00:00,Admitted
P00591,92,Female,High,Post-Operative Recovery,6.2,Med-Surg,U013,F03,2026-08-16 06:00:00,Admitted
P00592,44,Female,Medium,Tumor Lysis Syndrome,5.1,Oncology,U015,F03,2026-08-12 14:00:00,Admitted
P00593,90,Male,Low,Multi-organ Dysfunction,1.7,ICU,U011,F03,2026-08-05 01:00:00,Admitted
P00594,35,Female,High,Chemotherapy Monitoring,7.1,Oncology,U005,F01,2026-08-29 08:00:00,Admitted
P00595,49,Male,Low,Acute Respiratory Distress,3.4,ICU,U011,F03,2026-08-13 14:00:00,Pending Transfer
P00596,32,Non-Binary,Low,Post-Operative Recovery,1.9,Med-Surg,U008,F02,2026-08-04 16:00:00,Admitted
P00597,86,Male,Medium,Post-Cardiac Arrest,4.3,ICU,U011,F03,2026-08-30 10:00:00,Transfer Approved
P00598,21,Non-Binary,Medium,Polytrauma,5.0,Emergency,U007,F02,2026-08-04 08:00:00,Admitted
P00599,62,Non-Binary,Low,Stroke,1.9,Emergency,U002,F01,2026-08-28 21:00:00,Transfer Approved
P00600,28,Male,High,Acute Myocardial Infarction,7.4,Emergency,U007,F02,2026-08-06 08:00:00,Admitted
P00601,75,Male,Low,Cellulitis,3.1,ICU,U008,F02,2026-08-19 22:00:00,Admitted
P00602,61,Non-Binary,High,Bronchiolitis,6.6,Emergency,U009,F02,2026-08-16 02:00:00,Discharged
P00603,88,Non-Binary,Medium,Dehydration,5.4,Pediatrics,U009,F02,2026-08-21 01:00:00,Admitted
P00604,8,Female,Medium,Febrile Neutropenia,4.9,Oncology,U010,F02,2026-08-05 15:00:00,Admitted
P00605,30,Female,Medium,Tumor Lysis Syndrome,5.1,Oncology,U010,F02,2026-08-07 00:00:00,Transfer Approved
P00606,89,Female,Medium,Tumor Lysis Syndrome,4.9,Oncology,U015,F03,2026-08-02 15:00:00,Admitted
P00607,91,Female,Low,Multi-organ Dysfunction,2.6,ICU,U011,F03,2026-08-19 05:00:00,Admitted
P00608,70,Female,Low,Tumor Lysis Syndrome,3.0,Oncology,U005,F01,2026-08-27 19:00:00,Admitted
P00609,71,Male,Low,Pediatric Asthma,2.6,Pediatrics,U009,F02,2026-08-27 08:00:00,Admitted
P00610,70,Female,High,Post-Cardiac Arrest,5.5,ICU,U011,F03,2026-08-13 23:00:00,Admitted
P00611,24,Male,High,Dehydration,7.8,Pediatrics,U004,F01,2026-08-24 02:00:00,Admitted
P00612,85,Non-Binary,High,Cellulitis,6.1,Med-Surg,U013,F03,2026-08-25 17:00:00,Admitted
P00613,20,Non-Binary,Medium,Dehydration,4.1,Pediatrics,U009,F02,2026-08-04 03:00:00,Admitted
P00614,67,Non-Binary,High,Pediatric Asthma,5.6,Pediatrics,U004,F01,2026-08-06 01:00:00,Admitted
P00615,26,Male,High,Post-Cardiac Arrest,6.1,Pediatrics,U011,F03,2026-08-22 15:00:00,Discharged
P00616,68,Non-Binary,Low,Pneumonia,1.6,Med-Surg,U008,F02,2026-08-23 02:00:00,Admitted
P00617,2,Male,High,Post-Cardiac Arrest,8.3,ICU,U011,F03,2026-08-15 20:00:00,Admitted
P00618,8,Female,Low,Palliative Care,3.1,Oncology,U005,F01,2026-08-02 19:00:00,Admitted
P00619,35,Non-Binary,Medium,Acute Respiratory Distress,5.0,ICU,U006,F02,2026-08-03 06:00:00,Pending Transfer
P00620,67,Male,Low,Post-Operative Recovery,3.0,Med-Surg,U008,F02,2026-08-07 06:00:00,Admitted
P00621,68,Non-Binary,Medium,Acute Myocardial Infarction,4.6,Emergency,U002,F01,2026-08-18 23:00:00,Pending Transfer
P00622,72,Female,Low,Polytrauma,3.0,Emergency,U007,F02,2026-08-22 14:00:00,Admitted
P00623,90,Non-Binary,Critical,Congenital Heart Defect,13.4,Pediatrics,U004,F01,2026-08-06 17:00:00,Pending Transfer
P00624,52,Non-Binary,High,Multi-organ Dysfunction,7.5,ICU,U011,F03,2026-08-20 14:00:00,Transfer Approved
P00625,46,Female,Low,Dehydration,3.2,Pediatrics,U009,F02,2026-08-21 13:00:00,Admitted
P00626,42,Non-Binary,Low,Diabetes Complications,2.6,Med-Surg,U013,F03,2026-08-25 17:00:00,Admitted
P00627,33,Female,Low,Congenital Heart Defect,2.4,Pediatrics,U004,F01,2026-08-24 01:00:00,Pending Transfer
P00628,37,Non-Binary,Critical,Polytrauma,11.3,Emergency,U012,F03,2026-08-10 00:00:00,Transfer Approved
P00629,39,Male,Low,Bronchiolitis,3.2,Med-Surg,U009,F02,2026-08-30 17:00:00,Admitted
P00630,66,Non-Binary,Medium,Septic Shock,3.7,ICU,U001,F01,2026-08-05 04:00:00,Admitted
P00631,34,Female,Medium,Diabetes Complications,4.0,Med-Surg,U008,F02,2026-08-03 18:00:00,Admitted
P00632,52,Non-Binary,Medium,Diabetes Complications,5.0,Med-Surg,U003,F01,2026-08-26 15:00:00,Admitted
P00633,23,Female,High,Post-Operative Recovery,7.3,Med-Surg,U013,F03,2026-08-24 18:00:00,Admitted
P00634,49,Male,Critical,Polytrauma,13.6,Emergency,U007,F02,2026-08-29 13:00:00,Admitted
P00635,54,Male,Medium,Diabetes Complications,5.0,Med-Surg,U013,F03,2026-08-30 00:00:00,Admitted
P00636,82,Non-Binary,Low,Post-Cardiac Arrest,1.6,ICU,U001,F01,2026-08-11 17:00:00,Admitted
P00637,73,Male,Medium,Stroke,4.5,Emergency,U012,F03,2026-08-02 21:00:00,Admitted
P00638,51,Female,Medium,Acute Respiratory Distress,3.9,ICU,U006,F02,2026-08-13 04:00:00,Pending Transfer
P00639,17,Female,High,Pediatric Asthma,6.9,Pediatrics,U009,F02,2026-08-18 12:00:00,Admitted
P00640,34,Male,Critical,Palliative Care,11.3,Oncology,U015,F03,2026-08-05 04:00:00,Admitted
P00641,62,Non-Binary,Medium,Bronchiolitis,4.5,Pediatrics,U004,F01,2026-08-07 17:00:00,Pending Transfer
P00642,79,Non-Binary,Low,Diabetes Complications,2.0,Med-Surg,U013,F03,2026-08-14 10:00:00,Admitted
P00643,88,Non-Binary,Low,Post-Operative Recovery,1.7,Med-Surg,U013,F03,2026-08-12 11:00:00,Admitted
P00644,25,Female,Low,Pneumonia,2.7,Med-Surg,U008,F02,2026-08-06 11:00:00,Admitted
P00645,79,Female,Medium,Diabetes Complications,4.4,Med-Surg,U013,F03,2026-08-08 06:00:00,Admitted
P00646,88,Female,Low,Acute Myocardial Infarction,3.0,Emergency,U012,F03,2026-08-04 23:00:00,Pending Transfer
P00647,7,Male,Critical,Septic Shock,13.3,ICU,U011,F03,2026-08-01 10:00:00,Admitted
P00648,89,Male,Medium,Tumor Lysis Syndrome,4.4,Emergency,U010,F02,2026-08-24 17:00:00,Transfer Approved
P00649,28,Male,Medium,Dehydration,4.6,Pediatrics,U009,F02,2026-08-05 22:00:00,Admitted
P00650,90,Non-Binary,Medium,Acute Respiratory Distress,4.3,ICU,U011,F03,2026-08-17 01:00:00,Admitted
P00651,33,Male,Medium,Acute Respiratory Distress,4.1,ICU,U006,F02,2026-08-20 08:00:00,Admitted
P00652,7,Female,Low,Post-Operative Recovery,1.6,Med-Surg,U003,F01,2026-08-22 21:00:00,Admitted
P00653,47,Male,Critical,Polytrauma,10.1,Emergency,U012,F03,2026-08-13 07:00:00,Admitted
P00654,49,Non-Binary,Medium,Pediatric Asthma,5.3,Pediatrics,U004,F01,2026-08-20 17:00:00,Admitted
P00655,12,Male,High,Bronchiolitis,7.0,Pediatrics,U014,F03,2026-08-30 22:00:00,Admitted
P00656,3,Male,Low,Febrile Neutropenia,3.3,Oncology,U005,F01,2026-08-16 12:00:00,Transfer Approved
P00657,21,Male,Medium,Stroke,4.9,Emergency,U007,F02,2026-08-10 07:00:00,Admitted
P00658,65,Female,Medium,Chemotherapy Monitoring,4.8,Oncology,U005,F01,2026-08-29 00:00:00,Admitted
P00659,72,Female,High,Acute Myocardial Infarction,6.0,Emergency,U002,F01,2026-08-22 04:00:00,Admitted
P00660,12,Non-Binary,High,Congenital Heart Defect,7.0,Pediatrics,U004,F01,2026-08-28 20:00:00,Pending Transfer
P00661,88,Male,Medium,Congenital Heart Defect,4.0,Pediatrics,U004,F01,2026-08-10 19:00:00,Admitted
P00662,43,Female,Low,Febrile Neutropenia,1.9,Oncology,U010,F02,2026-08-18 21:00:00,Admitted
P00663,26,Male,Critical,Tumor Lysis Syndrome,12.3,Oncology,U010,F02,2026-08-30 04:00:00,Transfer Approved
P00664,56,Male,Medium,Acute Myocardial Infarction,4.1,Emergency,U012,F03,2026-08-31 23:00:00,Transfer Approved
P00665,16,Male,Low,Dehydration,3.2,Pediatrics,U004,F01,2026-08-01 10:00:00,Admitted
P00666,53,Female,Medium,Stroke,4.4,Emergency,U012,F03,2026-08-29 20:00:00,Pending Transfer
P00667,36,Male,Low,Bronchiolitis,1.7,Pediatrics,U004,F01,2026-08-25 19:00:00,Pending Transfer
P00668,79,Female,Medium,Septic Shock,4.7,ICU,U006,F02,2026-08-01 11:00:00,Admitted
P00669,11,Non-Binary,Medium,Palliative Care,9.2,Oncology,U005,F01,2026-08-16 22:00:00,Pending Transfer
P00670,84,Female,Low,Acute Myocardial Infarction,3.2,Emergency,U007,F02,2026-08-05 05:00:00,Pending Transfer
P00671,25,Male,Low,Chemotherapy Monitoring,2.3,Oncology,U005,F01,2026-08-30 08:00:00,Pending Transfer
P00672,53,Male,Low,Septic Shock,3.0,Pediatrics,U011,F03,2026-08-28 19:00:00,Admitted
P00673,63,Non-Binary,Medium,Dehydration,5.2,Pediatrics,U009,F02,2026-08-14 12:00:00,Discharged
P00674,6,Non-Binary,Medium,Post-Cardiac Arrest,4.9,ICU,U001,F01,2026-08-31 23:00:00,Admitted
P00675,74,Non-Binary,Medium,Chemotherapy Monitoring,4.5,Oncology,U005,F01,2026-08-27 01:00:00,Admitted
P00676,32,Non-Binary,Medium,Palliative Care,5.5,Pediatrics,U010,F02,2026-08-17 20:00:00,Discharged
P00677,7,Male,Medium,Pneumonia,4.4,Med-Surg,U008,F02,2026-08-25 09:00:00,Admitted
P00678,60,Male,High,Severe Abdominal Pain,6.4,Emergency,U007,F02,2026-08-23 16:00:00,Admitted
P00679,19,Female,High,Severe Abdominal Pain,5.8,Emergency,U007,F02,2026-08-06 18:00:00,Admitted
P00680,90,Non-Binary,High,Septic Shock,6.7,ICU,U006,F02,2026-08-01 05:00:00,Admitted
P00681,59,Non-Binary,Medium,Febrile Neutropenia,5.3,Med-Surg,U015,F03,2026-08-23 20:00:00,Admitted
P00682,92,Male,Medium,Chemotherapy Monitoring,3.7,Oncology,U010,F02,2026-08-21 11:00:00,Transfer Approved
P00683,11,Non-Binary,Low,Palliative Care,3.0,Oncology,U010,F02,2026-08-20 05:00:00,Pending Transfer
P00684,49,Non-Binary,Medium,Congenital Heart Defect,3.6,Pediatrics,U004,F01,2026-08-11 18:00:00,Admitted
P00685,85,Male,Medium,Diabetes Complications,5.2,Med-Surg,U013,F03,2026-08-23 01:00:00,Admitted
P00686,54,Female,Low,Tumor Lysis Syndrome,3.0,Oncology,U005,F01,2026-08-10 20:00:00,Transfer Approved
P00687,24,Male,High,Acute Myocardial Infarction,8.4,Med-Surg,U007,F02,2026-08-01 14:00:00,Admitted
P00688,64,Female,Medium,Pediatric Asthma,4.7,Pediatrics,U014,F03,2026-08-07 18:00:00,Pending Transfer
P00689,85,Female,High,Severe Abdominal Pain,6.7,Oncology,U002,F01,2026-08-01 07:00:00,Admitted
P00690,71,Female,High,Febrile Neutropenia,5.6,Oncology,U010,F02,2026-08-21 11:00:00,Admitted
P00691,5,Male,Medium,Chemotherapy Monitoring,4.8,Oncology,U005,F01,2026-08-10 10:00:00,Admitted
P00692,12,Male,Low,Pediatric Asthma,2.3,Pediatrics,U009,F02,2026-08-22 09:00:00,Transfer Approved
P00693,79,Non-Binary,Low,Diabetes Complications,3.4,Med-Surg,U003,F01,2026-08-12 01:00:00,Admitted
P00694,12,Female,Low,Tumor Lysis Syndrome,2.2,Oncology,U005,F01,2026-08-03 13:00:00,Admitted
P00695,71,Male,Low,Tumor Lysis Syndrome,2.4,Oncology,U010,F02,2026-08-28 08:00:00,Transfer Approved
P00696,43,Non-Binary,Medium,Congenital Heart Defect,4.5,Pediatrics,U014,F03,2026-08-20 01:00:00,Admitted
P00697,14,Non-Binary,Medium,Chemotherapy Monitoring,4.5,Oncology,U010,F02,2026-08-30 22:00:00,Admitted
P00698,37,Female,Low,Multi-organ Dysfunction,2.0,ICU,U011,F03,2026-08-20 11:00:00,Admitted
P00699,17,Non-Binary,High,Palliative Care,7.1,Oncology,U015,F03,2026-08-16 05:00:00,Pending Transfer
P00700,79,Male,Medium,Dehydration,5.5,ICU,U009,F02,2026-08-15 20:00:00,Admitted
P00701,16,Non-Binary,Low,Bronchiolitis,3.1,Pediatrics,U004,F01,2026-08-14 01:00:00,Pending Transfer
P00702,43,Female,Low,Bronchiolitis,1.5,Pediatrics,U009,F02,2026-08-10 08:00:00,Pending Transfer
P00703,9,Female,High,Tumor Lysis Syndrome,7.0,Oncology,U005,F01,2026-08-01 03:00:00,Admitted
P00704,88,Female,Low,Dehydration,2.3,Pediatrics,U014,F03,2026-08-31 00:00:00,Admitted
P00705,23,Male,Medium,Multi-organ Dysfunction,5.2,ICU,U006,F02,2026-08-16 15:00:00,Admitted
P00706,5,Non-Binary,Medium,Diabetes Complications,4.5,Med-Surg,U008,F02,2026-08-29 17:00:00,Admitted
P00707,43,Female,High,Severe Abdominal Pain,8.3,Oncology,U007,F02,2026-08-10 18:00:00,Admitted
P00708,87,Female,High,Acute Respiratory Distress,6.1,ICU,U006,F02,2026-08-26 11:00:00,Pending Transfer
P00709,9,Male,Medium,Tumor Lysis Syndrome,5.2,Oncology,U005,F01,2026-08-13 20:00:00,Pending Transfer
P00710,69,Male,Critical,Cellulitis,9.5,Med-Surg,U013,F03,2026-08-26 09:00:00,Discharged
P00711,91,Female,Medium,Polytrauma,4.0,Emergency,U012,F03,2026-08-12 14:00:00,Admitted
P00712,39,Male,Critical,Multi-organ Dysfunction,9.5,ICU,U001,F01,2026-08-02 06:00:00,Admitted
P00713,12,Female,Medium,Pediatric Asthma,5.1,Pediatrics,U004,F01,2026-08-05 06:00:00,Admitted
P00714,44,Female,High,Dehydration,7.8,Pediatrics,U004,F01,2026-08-28 03:00:00,Admitted
P00715,67,Non-Binary,Low,Bronchiolitis,1.9,Pediatrics,U004,F01,2026-08-23 16:00:00,Admitted
P00716,15,Male,High,Dehydration,8.3,Pediatrics,U009,F02,2026-08-20 02:00:00,Admitted
P00717,43,Female,Critical,Acute Respiratory Distress,9.1,ICU,U006,F02,2026-08-24 09:00:00,Admitted
P00718,3,Non-Binary,Medium,Tumor Lysis Syndrome,4.8,Oncology,U015,F03,2026-08-07 06:00:00,Admitted
P00719,37,Female,Medium,Tumor Lysis Syndrome,5.0,Oncology,U010,F02,2026-08-09 04:00:00,Admitted
P00720,21,Female,High,Chemotherapy Monitoring,5.5,Oncology,U010,F02,2026-08-17 03:00:00,Admitted
P00721,27,Non-Binary,Low,Multi-organ Dysfunction,2.6,ICU,U006,F02,2026-08-31 22:00:00,Admitted
P00722,37,Non-Binary,Low,Septic Shock,1.8,ICU,U006,F02,2026-08-29 10:00:00,Admitted
P00723,70,Female,Low,Acute Respiratory Distress,1.8,ICU,U011,F03,2026-08-22 01:00:00,Admitted
P00724,14,Female,Low,Post-Operative Recovery,1.7,Med-Surg,U013,F03,2026-08-23 19:00:00,Pending Transfer
P00725,76,Non-Binary,High,Palliative Care,7.3,Oncology,U015,F03,2026-08-27 06:00:00,Admitted
P00726,92,Non-Binary,Medium,Pediatric Asthma,5.4,Pediatrics,U004,F01,2026-08-15 18:00:00,Transfer Approved
P00727,48,Male,Critical,Severe Abdominal Pain,9.0,Emergency,U012,F03,2026-08-21 22:00:00,Admitted
P00728,60,Female,High,Septic Shock,8.3,ICU,U011,F03,2026-08-29 19:00:00,Admitted
P00729,34,Female,High,Cellulitis,6.1,Med-Surg,U008,F02,2026-08-11 10:00:00,Admitted
P00730,59,Female,High,Pediatric Asthma,5.7,Pediatrics,U014,F03,2026-08-16 14:00:00,Discharged
P00731,22,Female,High,Stroke,7.3,Emergency,U012,F03,2026-08-04 12:00:00,Admitted
P00732,92,Male,Medium,Multi-organ Dysfunction,4.6,Med-Surg,U006,F02,2026-08-18 14:00:00,Transfer Approved
P00733,52,Non-Binary,Low,Severe Abdominal Pain,2.0,Emergency,U002,F01,2026-08-06 15:00:00,Admitted
P00734,50,Male,Medium,Pneumonia,3.9,Med-Surg,U003,F01,2026-08-14 13:00:00,Pending Transfer
P00735,73,Female,High,Febrile Neutropenia,6.0,Oncology,U010,F02,2026-08-24 22:00:00,Transfer Approved
P00736,74,Female,Low,Polytrauma,2.7,Emergency,U007,F02,2026-08-18 03:00:00,Admitted
P00737,57,Male,Low,Stroke,3.4,ICU,U002,F01,2026-08-22 19:00:00,Admitted
P00738,49,Female,Low,Cellulitis,2.8,Emergency,U003,F01,2026-08-27 04:00:00,Transfer Approved
P00739,75,Non-Binary,Medium,Chemotherapy Monitoring,5.0,Oncology,U010,F02,2026-08-15 17:00:00,Pending Transfer
P00740,38,Female,Medium,Palliative Care,3.9,Oncology,U010,F02,2026-08-11 09:00:00,Transfer Approved
P00741,73,Non-Binary,High,Stroke,8.3,Emergency,U012,F03,2026-08-23 11:00:00,Pending Transfer
P00742,12,Non-Binary,High,Polytrauma,7.3,Emergency,U012,F03,2026-08-28 04:00:00,Discharged
P00743,38,Male,Critical,Dehydration,13.5,Pediatrics,U004,F01,2026-08-01 22:00:00,Pending Transfer
P00744,72,Female,Low,Post-Operative Recovery,3.2,Med-Surg,U013,F03,2026-08-08 13:00:00,Admitted
P00745,90,Non-Binary,Low,Congenital Heart Defect,2.8,Pediatrics,U009,F02,2026-08-13 12:00:00,Pending Transfer
P00746,56,Non-Binary,Medium,Febrile Neutropenia,4.8,Oncology,U015,F03,2026-08-07 17:00:00,Discharged
P00747,50,Female,High,Severe Abdominal Pain,6.0,Emergency,U012,F03,2026-08-22 04:00:00,Admitted
P00748,18,Male,Low,Polytrauma,2.8,Emergency,U002,F01,2026-08-29 15:00:00,Admitted
P00749,85,Female,High,Diabetes Complications,5.8,Med-Surg,U013,F03,2026-08-14 14:00:00,Admitted
P00750,90,Non-Binary,Low,Post-Cardiac Arrest,2.7,ICU,U011,F03,2026-08-14 17:00:00,Pending Transfer
P00751,58,Female,High,Pneumonia,6.2,Med-Surg,U008,F02,2026-08-01 18:00:00,Admitted
P00752,64,Non-Binary,Critical,Bronchiolitis,12.4,Pediatrics,U004,F01,2026-08-30 17:00:00,Pending Transfer
P00753,74,Female,High,Polytrauma,8.4,Emergency,U007,F02,2026-08-23 11:00:00,Admitted
P00754,15,Non-Binary,Medium,Post-Cardiac Arrest,5.4,Oncology,U011,F03,2026-08-28 08:00:00,Admitted
P00755,60,Non-Binary,Medium,Pediatric Asthma,4.5,Pediatrics,U004,F01,2026-08-08 15:00:00,Discharged
P00756,81,Non-Binary,High,Polytrauma,7.6,Emergency,U002,F01,2026-08-19 09:00:00,Admitted
P00757,79,Male,Medium,Tumor Lysis Syndrome,4.6,Pediatrics,U015,F03,2026-08-17 15:00:00,Admitted
P00758,74,Non-Binary,High,Dehydration,6.8,Pediatrics,U009,F02,2026-08-26 09:00:00,Admitted
P00759,38,Male,Low,Chemotherapy Monitoring,2.9,Oncology,U005,F01,2026-08-10 23:00:00,Admitted
P00760,73,Female,Critical,Chemotherapy Monitoring,12.0,Oncology,U010,F02,2026-08-19 01:00:00,Admitted
P00761,85,Female,Medium,Post-Operative Recovery,4.1,Oncology,U008,F02,2026-08-03 08:00:00,Transfer Approved
P00762,33,Male,High,Pneumonia,6.3,Med-Surg,U013,F03,2026-08-24 03:00:00,Admitted
P00763,78,Male,High,Bronchiolitis,7.5,Pediatrics,U014,F03,2026-08-06 08:00:00,Pending Transfer
P00764,90,Male,Medium,Palliative Care,3.9,Oncology,U005,F01,2026-08-02 10:00:00,Admitted
P00765,11,Male,Medium,Febrile Neutropenia,5.2,Oncology,U015,F03,2026-08-14 12:00:00,Admitted
P00766,31,Non-Binary,Low,Cellulitis,3.0,Med-Surg,U008,F02,2026-08-19 23:00:00,Admitted
P00767,45,Male,Medium,Tumor Lysis Syndrome,5.0,Oncology,U010,F02,2026-08-06 14:00:00,Admitted
P00768,52,Female,Critical,Multi-organ Dysfunction,11.1,ICU,U001,F01,2026-08-30 17:00:00,Admitted
P00769,30,Female,Low,Severe Abdominal Pain,2.4,Emergency,U012,F03,2026-08-28 13:00:00,Admitted
P00770,2,Female,Medium,Post-Cardiac Arrest,4.3,ICU,U011,F03,2026-08-17 21:00:00,Admitted
P00771,6,Male,Medium,Dehydration,5.4,Pediatrics,U014,F03,2026-08-30 20:00:00,Admitted
P00772,35,Female,Low,Dehydration,2.0,Oncology,U009,F02,2026-08-13 14:00:00,Transfer Approved
P00773,87,Non-Binary,Low,Febrile Neutropenia,3.0,Oncology,U015,F03,2026-08-07 16:00:00,Admitted
P00774,44,Non-Binary,Low,Bronchiolitis,2.1,ICU,U004,F01,2026-08-27 02:00:00,Discharged
P00775,2,Female,Medium,Pediatric Asthma,4.6,Pediatrics,U014,F03,2026-08-12 07:00:00,Admitted
P00776,37,Female,Medium,Septic Shock,3.6,ICU,U001,F01,2026-08-02 19:00:00,Transfer Approved
P00777,85,Male,Low,Acute Respiratory Distress,2.9,ICU,U011,F03,2026-08-28 19:00:00,Admitted
P00778,17,Female,Low,Diabetes Complications,3.3,Med-Surg,U013,F03,2026-08-09 09:00:00,Admitted
P00779,60,Non-Binary,Low,Chemotherapy Monitoring,2.8,Oncology,U010,F02,2026-08-09 13:00:00,Pending Transfer
P00780,89,Non-Binary,High,Dehydration,6.3,Pediatrics,U014,F03,2026-08-09 01:00:00,Pending Transfer
P00781,49,Female,Low,Pneumonia,3.5,Med-Surg,U003,F01,2026-08-27 08:00:00,Admitted
P00782,23,Female,Low,Pediatric Asthma,2.5,Pediatrics,U014,F03,2026-08-20 12:00:00,Admitted
P00783,23,Non-Binary,Low,Cellulitis,1.7,Med-Surg,U003,F01,2026-08-14 06:00:00,Admitted
P00784,79,Non-Binary,Low,Polytrauma,3.3,Emergency,U002,F01,2026-08-04 01:00:00,Admitted
P00785,10,Male,Medium,Tumor Lysis Syndrome,5.1,Pediatrics,U005,F01,2026-08-05 20:00:00,Admitted
P00786,82,Male,Low,Pediatric Asthma,2.8,Pediatrics,U004,F01,2026-08-23 10:00:00,Admitted
P00787,51,Non-Binary,Medium,Acute Respiratory Distress,4.5,ICU,U006,F02,2026-08-16 15:00:00,Transfer Approved
P00788,56,Female,Medium,Polytrauma,4.6,Pediatrics,U002,F01,2026-08-04 18:00:00,Transfer Approved
P00789,69,Female,Low,Stroke,2.9,Emergency,U012,F03,2026-08-21 20:00:00,Transfer Approved
P00790,12,Female,Medium,Tumor Lysis Syndrome,3.7,Oncology,U015,F03,2026-08-25 09:00:00,Admitted
P00791,83,Male,High,Febrile Neutropenia,7.2,Oncology,U015,F03,2026-08-22 06:00:00,Admitted
P00792,39,Non-Binary,Medium,Cellulitis,4.5,Med-Surg,U003,F01,2026-08-12 15:00:00,Admitted
P00793,11,Non-Binary,Low,Post-Cardiac Arrest,3.0,ICU,U011,F03,2026-08-07 00:00:00,Transfer Approved
P00794,76,Male,Low,Congenital Heart Defect,2.3,Pediatrics,U009,F02,2026-08-21 09:00:00,Admitted
P00795,64,Non-Binary,Low,Severe Abdominal Pain,3.4,Med-Surg,U007,F02,2026-08-02 10:00:00,Admitted
P00796,6,Female,High,Chemotherapy Monitoring,6.1,Oncology,U010,F02,2026-08-17 14:00:00,Pending Transfer
P00797,87,Non-Binary,Low,Septic Shock,3.0,ICU,U011,F03,2026-08-03 01:00:00,Admitted
P00798,19,Female,Low,Post-Operative Recovery,2.4,Med-Surg,U013,F03,2026-08-02 07:00:00,Transfer Approved
P00799,90,Non-Binary,Critical,Diabetes Complications,8.6,Med-Surg,U003,F01,2026-08-29 09:00:00,Admitted
P00800,13,Female,Low,Diabetes Complications,3.2,ICU,U013,F03,2026-08-04 15:00:00,Admitted
P00801,77,Non-Binary,Low,Septic Shock,1.6,ICU,U011,F03,2026-08-11 23:00:00,Pending Transfer
P00802,87,Female,Medium,Stroke,3.7,Emergency,U007,F02,2026-08-18 04:00:00,Pending Transfer
P00803,42,Male,Medium,Pediatric Asthma,4.7,Pediatrics,U014,F03,2026-08-04 08:00:00,Admitted
P00804,19,Female,Medium,Septic Shock,4.9,ICU,U011,F03,2026-08-15 07:00:00,Pending Transfer
P00805,75,Male,High,Febrile Neutropenia,5.8,Oncology,U015,F03,2026-08-20 12:00:00,Admitted
P00806,21,Male,High,Severe Abdominal Pain,5.7,ICU,U012,F03,2026-08-23 20:00:00,Pending Transfer
P00807,76,Female,Critical,Post-Cardiac Arrest,12.3,ICU,U011,F03,2026-08-16 22:00:00,Admitted
P00808,17,Male,Low,Bronchiolitis,2.8,Pediatrics,U009,F02,2026-08-14 07:00:00,Admitted
P00809,23,Non-Binary,Medium,Acute Respiratory Distress,4.7,ICU,U001,F01,2026-08-20 02:00:00,Admitted
P00810,81,Female,Low,Dehydration,2.3,Pediatrics,U009,F02,2026-08-07 03:00:00,Admitted
P00811,68,Male,Medium,Tumor Lysis Syndrome,5.2,Oncology,U010,F02,2026-08-17 07:00:00,Admitted
P00812,60,Non-Binary,Medium,Acute Myocardial Infarction,4.1,Emergency,U012,F03,2026-08-26 04:00:00,Admitted
P00813,88,Female,High,Cellulitis,6.0,Med-Surg,U003,F01,2026-08-02 01:00:00,Pending Transfer
P00814,83,Female,Low,Pneumonia,1.9,Med-Surg,U003,F01,2026-08-20 14:00:00,Transfer Approved
P00815,6,Male,Critical,Pediatric Asthma,13.6,Pediatrics,U009,F02,2026-08-26 00:00:00,Admitted
P00816,63,Non-Binary,Low,Chemotherapy Monitoring,1.6,Oncology,U010,F02,2026-08-15 18:00:00,Pending Transfer
P00817,75,Female,Medium,Cellulitis,3.9,Med-Surg,U008,F02,2026-08-11 07:00:00,Pending Transfer
P00818,15,Female,Low,Acute Myocardial Infarction,1.7,Emergency,U012,F03,2026-08-28 06:00:00,Admitted
P00819,49,Male,Medium,Acute Respiratory Distress,4.4,ICU,U006,F02,2026-08-29 13:00:00,Admitted
P00820,19,Male,Low,Palliative Care,1.9,Oncology,U015,F03,2026-08-15 23:00:00,Admitted
P00821,25,Non-Binary,Medium,Multi-organ Dysfunction,5.5,ICU,U001,F01,2026-08-05 01:00:00,Transfer Approved
P00822,89,Non-Binary,Low,Pediatric Asthma,2.1,Pediatrics,U009,F02,2026-08-15 14:00:00,Pending Transfer
P00823,54,Male,Medium,Dehydration,3.9,Pediatrics,U009,F02,2026-08-06 20:00:00,Pending Transfer
P00824,79,Male,Medium,Diabetes Complications,3.7,Med-Surg,U013,F03,2026-08-16 06:00:00,Admitted
P00825,76,Female,Low,Severe Abdominal Pain,2.1,Emergency,U002,F01,2026-08-24 07:00:00,Admitted
P00826,32,Female,Medium,Congenital Heart Defect,4.7,Pediatrics,U014,F03,2026-08-19 04:00:00,Pending Transfer
P00827,74,Male,Low,Post-Cardiac Arrest,3.5,Pediatrics,U011,F03,2026-08-24 16:00:00,Admitted
P00828,5,Female,High,Cellulitis,6.9,Med-Surg,U008,F02,2026-08-27 03:00:00,Admitted
P00829,58,Female,Low,Febrile Neutropenia,1.7,Oncology,U015,F03,2026-08-23 23:00:00,Admitted
P00830,53,Male,Low,Acute Myocardial Infarction,2.2,Emergency,U002,F01,2026-08-03 00:00:00,Admitted
P00831,62,Non-Binary,Medium,Tumor Lysis Syndrome,4.5,Oncology,U015,F03,2026-08-19 23:00:00,Admitted
P00832,75,Male,Low,Severe Abdominal Pain,2.4,Emergency,U002,F01,2026-08-23 12:00:00,Admitted
P00833,24,Female,High,Cellulitis,7.6,ICU,U013,F03,2026-08-13 22:00:00,Discharged
P00834,43,Non-Binary,Medium,Acute Respiratory Distress,4.1,ICU,U011,F03,2026-08-23 19:00:00,Admitted
P00835,70,Non-Binary,Medium,Acute Myocardial Infarction,5.1,Med-Surg,U007,F02,2026-08-24 01:00:00,Admitted
P00836,66,Non-Binary,High,Pneumonia,8.2,Med-Surg,U008,F02,2026-08-12 14:00:00,Admitted
P00837,80,Male,Medium,Multi-organ Dysfunction,4.2,ICU,U001,F01,2026-08-23 02:00:00,Admitted
P00838,72,Non-Binary,Medium,Bronchiolitis,1.8,Pediatrics,U009,F02,2026-08-18 03:00:00,Admitted
P00839,84,Female,Medium,Diabetes Complications,5.0,Med-Surg,U003,F01,2026-08-11 11:00:00,Admitted
P00840,35,Non-Binary,Medium,Palliative Care,4.1,Med-Surg,U005,F01,2026-08-15 15:00:00,Pending Transfer
P00841,65,Non-Binary,Low,Post-Operative Recovery,2.4,Med-Surg,U008,F02,2026-08-27 17:00:00,Admitted
P00842,38,Female,Medium,Dehydration,5.1,Pediatrics,U009,F02,2026-08-26 02:00:00,Admitted
P00843,25,Female,Low,Pediatric Asthma,1.7,Pediatrics,U014,F03,2026-08-10 02:00:00,Pending Transfer
P00844,14,Male,High,Multi-organ Dysfunction,5.8,ICU,U006,F02,2026-08-05 06:00:00,Transfer Approved
P00845,67,Non-Binary,Medium,Polytrauma,4.1,Emergency,U002,F01,2026-08-18 04:00:00,Admitted
P00846,61,Female,High,Congenital Heart Defect,6.8,Pediatrics,U014,F03,2026-08-10 06:00:00,Pending Transfer
P00847,9,Male,Critical,Bronchiolitis,13.1,Pediatrics,U009,F02,2026-08-11 13:00:00,Admitted
P00848,75,Female,High,Tumor Lysis Syndrome,7.0,Oncology,U010,F02,2026-08-17 17:00:00,Admitted
P00849,57,Female,Critical,Pneumonia,11.6,Med-Surg,U013,F03,2026-08-10 05:00:00,Admitted
P00850,34,Male,High,Congenital Heart Defect,6.6,Pediatrics,U014,F03,2026-08-28 01:00:00,Admitted
P00851,19,Female,Medium,Multi-organ Dysfunction,4.4,ICU,U006,F02,2026-08-30 05:00:00,Admitted
P00852,92,Non-Binary,Low,Stroke,1.9,Emergency,U007,F02,2026-08-23 22:00:00,Admitted
P00853,86,Male,Low,Septic Shock,2.0,Med-Surg,U006,F02,2026-08-19 04:00:00,Admitted
P00854,57,Female,Low,Pneumonia,1.9,Med-Surg,U003,F01,2026-08-02 21:00:00,Admitted
P00855,41,Female,Low,Diabetes Complications,2.2,Med-Surg,U003,F01,2026-08-06 17:00:00,Admitted
P00856,39,Male,Low,Post-Operative Recovery,2.3,Med-Surg,U008,F02,2026-08-05 14:00:00,Admitted
P00857,41,Male,Low,Chemotherapy Monitoring,3.4,Oncology,U015,F03,2026-08-17 10:00:00,Admitted
P00858,83,Non-Binary,Medium,Stroke,4.4,Emergency,U002,F01,2026-08-31 18:00:00,Pending Transfer
P00859,86,Male,Medium,Palliative Care,4.2,Oncology,U010,F02,2026-08-16 01:00:00,Admitted
P00860,18,Non-Binary,Medium,Acute Respiratory Distress,4.1,ICU,U006,F02,2026-08-27 07:00:00,Admitted
P00861,58,Female,High,Acute Respiratory Distress,6.5,ICU,U006,F02,2026-08-07 18:00:00,Admitted
P00862,68,Male,Medium,Multi-organ Dysfunction,3.9,Pediatrics,U011,F03,2026-08-22 21:00:00,Admitted
P00863,12,Non-Binary,High,Palliative Care,6.1,Oncology,U005,F01,2026-08-20 16:00:00,Admitted
P00864,8,Non-Binary,Medium,Multi-organ Dysfunction,4.3,ICU,U001,F01,2026-08-14 11:00:00,Admitted
P00865,50,Female,Medium,Pediatric Asthma,4.1,Pediatrics,U014,F03,2026-08-15 17:00:00,Pending Transfer
P00866,12,Male,High,Cellulitis,7.7,Med-Surg,U013,F03,2026-08-15 09:00:00,Discharged
P00867,21,Non-Binary,Low,Cellulitis,3.0,Med-Surg,U003,F01,2026-08-27 18:00:00,Pending Transfer
P00868,77,Male,Medium,Diabetes Complications,3.9,Med-Surg,U013,F03,2026-08-28 16:00:00,Admitted
P00869,43,Male,Medium,Post-Cardiac Arrest,3.7,ICU,U011,F03,2026-08-30 08:00:00,Admitted
P00870,54,Male,Low,Congenital Heart Defect,2.9,Pediatrics,U009,F02,2026-08-05 06:00:00,Transfer Approved
P00871,24,Female,High,Dehydration,7.2,Med-Surg,U004,F01,2026-08-27 18:00:00,Admitted
P00872,39,Female,Low,Congenital Heart Defect,1.9,Pediatrics,U014,F03,2026-08-05 08:00:00,Admitted
P00873,39,Non-Binary,Low,Severe Abdominal Pain,1.7,Emergency,U007,F02,2026-08-10 13:00:00,Pending Transfer
P00874,23,Female,Low,Diabetes Complications,1.6,Med-Surg,U003,F01,2026-08-16 02:00:00,Admitted
P00875,77,Non-Binary,Medium,Stroke,4.7,Emergency,U012,F03,2026-08-28 08:00:00,Admitted
P00876,81,Non-Binary,Medium,Cellulitis,5.4,Med-Surg,U013,F03,2026-08-12 16:00:00,Pending Transfer
P00877,74,Male,High,Multi-organ Dysfunction,6.0,Med-Surg,U001,F01,2026-08-15 22:00:00,Discharged
P00878,18,Female,Critical,Septic Shock,8.8,ICU,U001,F01,2026-08-21 11:00:00,Admitted
P00879,7,Female,Critical,Pneumonia,11.4,Med-Surg,U008,F02,2026-08-17 06:00:00,Admitted
P00880,81,Male,Medium,Pediatric Asthma,4.7,Pediatrics,U014,F03,2026-08-11 10:00:00,Pending Transfer
P00881,88,Female,Medium,Multi-organ Dysfunction,4.9,ICU,U001,F01,2026-08-04 17:00:00,Admitted
P00882,75,Female,Low,Septic Shock,1.5,ICU,U011,F03,2026-08-12 15:00:00,Transfer Approved
P00883,53,Female,Medium,Acute Myocardial Infarction,5.8,Emergency,U002,F01,2026-08-08 06:00:00,Admitted
P00884,72,Non-Binary,Medium,Polytrauma,4.3,Emergency,U002,F01,2026-08-04 04:00:00,Admitted
P00885,3,Female,Low,Dehydration,2.1,Pediatrics,U014,F03,2026-08-27 14:00:00,Admitted
P00886,77,Non-Binary,Low,Tumor Lysis Syndrome,1.8,Oncology,U010,F02,2026-08-24 03:00:00,Admitted
P00887,29,Male,Medium,Febrile Neutropenia,4.5,Oncology,U005,F01,2026-08-07 04:00:00,Admitted
P00888,11,Female,Low,Post-Operative Recovery,1.7,Med-Surg,U003,F01,2026-08-25 13:00:00,Discharged
P00889,6,Male,Medium,Chemotherapy Monitoring,3.6,Oncology,U005,F01,2026-08-19 01:00:00,Admitted
P00890,61,Male,Low,Tumor Lysis Syndrome,1.6,Oncology,U010,F02,2026-08-01 03:00:00,Admitted
P00891,16,Non-Binary,High,Acute Myocardial Infarction,7.3,Emergency,U007,F02,2026-08-22 11:00:00,Admitted
P00892,4,Male,Medium,Diabetes Complications,5.2,Med-Surg,U003,F01,2026-08-31 18:00:00,Pending Transfer
P00893,45,Female,High,Diabetes Complications,8.1,Med-Surg,U003,F01,2026-08-20 07:00:00,Admitted
P00894,65,Non-Binary,Low,Post-Operative Recovery,1.7,Med-Surg,U013,F03,2026-08-01 16:00:00,Admitted
P00895,28,Non-Binary,Low,Bronchiolitis,3.4,Pediatrics,U004,F01,2026-08-25 17:00:00,Admitted
P00896,1,Non-Binary,Medium,Pediatric Asthma,5.3,Pediatrics,U009,F02,2026-08-28 22:00:00,Admitted
P00897,61,Female,Medium,Febrile Neutropenia,4.4,Oncology,U010,F02,2026-08-06 11:00:00,Admitted
P00898,49,Female,Low,Acute Myocardial Infarction,2.5,Emergency,U007,F02,2026-08-25 10:00:00,Admitted
P00899,16,Female,Low,Pediatric Asthma,2.5,Pediatrics,U014,F03,2026-08-12 22:00:00,Admitted
P00900,37,Non-Binary,High,Pediatric Asthma,5.7,Pediatrics,U009,F02,2026-08-13 09:00:00,Admitted
P00901,59,Non-Binary,Medium,Dehydration,4.9,Pediatrics,U009,F02,2026-08-08 17:00:00,Pending Transfer
P00902,53,Female,Low,Palliative Care,1.9,Pediatrics,U005,F01,2026-08-31 21:00:00,Discharged
P00903,48,Male,Low,Acute Respiratory Distress,3.5,ICU,U006,F02,2026-08-04 12:00:00,Admitted
P00904,57,Non-Binary,Medium,Polytrauma,3.7,Emergency,U012,F03,2026-08-23 18:00:00,Admitted
P00905,14,Non-Binary,Medium,Septic Shock,3.6,ICU,U006,F02,2026-08-11 06:00:00,Admitted
P00906,77,Female,Critical,Chemotherapy Monitoring,9.8,Oncology,U010,F02,2026-08-16 08:00:00,Admitted
P00907,92,Non-Binary,Medium,Tumor Lysis Syndrome,5.0,Oncology,U010,F02,2026-08-31 12:00:00,Admitted
P00908,46,Female,High,Severe Abdominal Pain,8.5,Emergency,U007,F02,2026-08-05 14:00:00,Admitted
P00909,14,Male,High,Stroke,7.0,Emergency,U012,F03,2026-08-31 04:00:00,Admitted
P00910,4,Male,Low,Acute Respiratory Distress,3.2,ICU,U001,F01,2026-08-01 05:00:00,Admitted
P00911,49,Non-Binary,High,Tumor Lysis Syndrome,6.0,Oncology,U005,F01,2026-08-04 02:00:00,Admitted
P00912,85,Non-Binary,High,Post-Cardiac Arrest,7.0,ICU,U001,F01,2026-08-22 15:00:00,Transfer Approved
P00913,63,Non-Binary,Critical,Tumor Lysis Syndrome,11.5,Oncology,U015,F03,2026-08-18 17:00:00,Admitted
P00914,3,Male,Medium,Post-Cardiac Arrest,5.3,ICU,U006,F02,2026-08-15 10:00:00,Admitted
P00915,49,Female,Low,Congenital Heart Defect,1.6,Pediatrics,U004,F01,2026-08-22 09:00:00,Admitted
P00916,91,Male,Medium,Congenital Heart Defect,4.4,Pediatrics,U004,F01,2026-08-13 15:00:00,Pending Transfer
P00917,15,Non-Binary,Medium,Palliative Care,4.8,Oncology,U005,F01,2026-08-19 15:00:00,Admitted
P00918,61,Non-Binary,Medium,Febrile Neutropenia,4.5,Oncology,U010,F02,2026-08-16 18:00:00,Admitted
P00919,49,Non-Binary,High,Pneumonia,7.8,Med-Surg,U013,F03,2026-08-02 00:00:00,Admitted
P00920,76,Male,High,Febrile Neutropenia,8.0,Oncology,U005,F01,2026-08-24 18:00:00,Discharged
P00921,4,Non-Binary,High,Dehydration,6.6,Pediatrics,U004,F01,2026-08-12 13:00:00,Admitted
P00922,45,Male,Medium,Bronchiolitis,4.0,Pediatrics,U004,F01,2026-08-19 02:00:00,Admitted
P00923,89,Male,Critical,Tumor Lysis Syndrome,9.1,Oncology,U015,F03,2026-08-18 10:00:00,Pending Transfer
P00924,5,Female,Low,Post-Cardiac Arrest,2.6,ICU,U006,F02,2026-08-09 00:00:00,Admitted
P00925,90,Female,Medium,Chemotherapy Monitoring,5.5,Oncology,U005,F01,2026-08-13 10:00:00,Pending Transfer
P00926,74,Male,High,Cellulitis,5.8,Med-Surg,U003,F01,2026-08-11 15:00:00,Admitted
P00927,65,Non-Binary,High,Multi-organ Dysfunction,6.0,ICU,U001,F01,2026-08-14 06:00:00,Admitted
P00928,64,Non-Binary,High,Pediatric Asthma,8.0,Pediatrics,U009,F02,2026-08-10 08:00:00,Admitted
P00929,7,Female,Medium,Palliative Care,5.1,Oncology,U015,F03,2026-08-31 02:00:00,Admitted
P00930,92,Non-Binary,Medium,Pediatric Asthma,4.7,Pediatrics,U009,F02,2026-08-19 16:00:00,Admitted
P00931,61,Female,Low,Diabetes Complications,2.2,Med-Surg,U003,F01,2026-08-17 09:00:00,Admitted
P00932,56,Non-Binary,Medium,Tumor Lysis Syndrome,3.9,Oncology,U015,F03,2026-08-20 16:00:00,Admitted
P00933,59,Non-Binary,Low,Diabetes Complications,3.3,Med-Surg,U013,F03,2026-08-17 05:00:00,Pending Transfer
P00934,74,Female,Medium,Acute Myocardial Infarction,4.8,Emergency,U007,F02,2026-08-31 14:00:00,Admitted
P00935,35,Non-Binary,Medium,Cellulitis,5.4,Med-Surg,U013,F03,2026-08-02 16:00:00,Admitted
P00936,26,Female,Low,Cellulitis,1.8,Med-Surg,U003,F01,2026-08-22 09:00:00,Pending Transfer
P00937,56,Female,Low,Dehydration,3.2,Pediatrics,U014,F03,2026-08-21 06:00:00,Admitted
P00938,53,Female,Medium,Tumor Lysis Syndrome,4.8,Oncology,U005,F01,2026-08-20 07:00:00,Transfer Approved
P00939,52,Male,High,Acute Respiratory Distress,5.9,Med-Surg,U001,F01,2026-08-15 15:00:00,Pending Transfer
P00940,72,Female,High,Palliative Care,7.4,Emergency,U015,F03,2026-08-09 04:00:00,Admitted
P00941,4,Female,Low,Dehydration,2.8,Pediatrics,U014,F03,2026-08-28 01:00:00,Pending Transfer
P00942,63,Male,Medium,Polytrauma,5.2,Oncology,U012,F03,2026-08-10 02:00:00,Transfer Approved
P00943,53,Female,High,Chemotherapy Monitoring,6.7,Oncology,U005,F01,2026-08-27 04:00:00,Admitted
P00944,31,Male,Medium,Acute Respiratory Distress,7.1,ICU,U011,F03,2026-08-31 16:00:00,Admitted
P00945,33,Female,Medium,Chemotherapy Monitoring,4.0,Oncology,U015,F03,2026-08-26 10:00:00,Admitted
P00946,43,Non-Binary,Critical,Palliative Care,12.9,Oncology,U010,F02,2026-08-30 13:00:00,Admitted
P00947,28,Male,Low,Pediatric Asthma,1.9,Pediatrics,U009,F02,2026-08-15 13:00:00,Admitted
P00948,33,Non-Binary,Medium,Polytrauma,4.5,Emergency,U007,F02,2026-08-31 03:00:00,Admitted
P00949,41,Non-Binary,Medium,Post-Cardiac Arrest,4.4,ICU,U011,F03,2026-08-09 04:00:00,Admitted
P00950,47,Female,Medium,Dehydration,5.1,Oncology,U009,F02,2026-08-02 23:00:00,Admitted
P00951,85,Male,Medium,Diabetes Complications,4.0,Med-Surg,U013,F03,2026-08-21 22:00:00,Admitted
P00952,47,Non-Binary,Low,Chemotherapy Monitoring,2.6,Oncology,U015,F03,2026-08-15 12:00:00,Admitted
P00953,2,Female,Medium,Stroke,4.1,Emergency,U002,F01,2026-08-25 07:00:00,Pending Transfer
P00954,39,Male,Low,Bronchiolitis,3.3,Pediatrics,U014,F03,2026-08-29 20:00:00,Admitted
P00955,53,Male,Low,Dehydration,3.2,Pediatrics,U009,F02,2026-08-31 15:00:00,Admitted
P00956,61,Non-Binary,High,Congenital Heart Defect,8.3,Pediatrics,U014,F03,2026-08-14 03:00:00,Transfer Approved
P00957,21,Non-Binary,Critical,Dehydration,11.3,Pediatrics,U004,F01,2026-08-20 23:00:00,Admitted
P00958,71,Non-Binary,Medium,Stroke,4.4,ICU,U007,F02,2026-08-21 20:00:00,Admitted
P00959,24,Non-Binary,High,Severe Abdominal Pain,7.9,Emergency,U012,F03,2026-08-13 06:00:00,Discharged
P00960,81,Female,Low,Tumor Lysis Syndrome,2.7,Oncology,U005,F01,2026-08-08 16:00:00,Pending Transfer
P00961,92,Non-Binary,Low,Febrile Neutropenia,3.2,Oncology,U005,F01,2026-08-26 10:00:00,Pending Transfer
P00962,58,Female,Medium,Acute Myocardial Infarction,4.0,Emergency,U002,F01,2026-08-27 10:00:00,Admitted
P00963,37,Male,Medium,Acute Respiratory Distress,4.3,ICU,U001,F01,2026-08-29 12:00:00,Admitted
P00964,74,Male,Medium,Post-Operative Recovery,5.4,Med-Surg,U013,F03,2026-08-21 19:00:00,Admitted
P00965,81,Male,High,Pediatric Asthma,8.4,Pediatrics,U009,F02,2026-08-23 05:00:00,Discharged
P00966,7,Female,Critical,Severe Abdominal Pain,11.8,Emergency,U012,F03,2026-08-31 11:00:00,Admitted
P00967,22,Non-Binary,Medium,Acute Respiratory Distress,3.5,ICU,U001,F01,2026-08-25 14:00:00,Admitted
P00968,87,Female,Low,Chemotherapy Monitoring,1.9,Oncology,U010,F02,2026-08-31 08:00:00,Admitted
P00969,37,Non-Binary,Critical,Congenital Heart Defect,6.6,Pediatrics,U014,F03,2026-08-07 19:00:00,Admitted
P00970,28,Female,Medium,Bronchiolitis,4.3,Pediatrics,U014,F03,2026-08-05 00:00:00,Admitted
P00971,38,Female,Medium,Septic Shock,4.7,ICU,U006,F02,2026-08-12 18:00:00,Discharged
P00972,88,Non-Binary,Low,Congenital Heart Defect,1.7,Pediatrics,U009,F02,2026-08-28 10:00:00,Admitted
P00973,89,Female,High,Diabetes Complications,7.6,Med-Surg,U008,F02,2026-08-24 19:00:00,Transfer Approved
P00974,33,Male,Medium,Pediatric Asthma,4.6,Emergency,U009,F02,2026-08-16 11:00:00,Admitted
P00975,78,Non-Binary,Medium,Pediatric Asthma,3.5,Pediatrics,U004,F01,2026-08-13 09:00:00,Admitted
P00976,51,Non-Binary,Medium,Tumor Lysis Syndrome,3.8,Oncology,U010,F02,2026-08-02 18:00:00,Admitted
P00977,23,Female,Medium,Febrile Neutropenia,4.5,Oncology,U015,F03,2026-08-29 14:00:00,Pending Transfer
P00978,17,Male,Low,Multi-organ Dysfunction,2.9,ICU,U001,F01,2026-08-09 03:00:00,Admitted
P00979,41,Male,High,Acute Myocardial Infarction,7.0,Emergency,U007,F02,2026-08-09 23:00:00,Admitted
P00980,47,Female,High,Multi-organ Dysfunction,8.2,ICU,U006,F02,2026-08-27 08:00:00,Admitted
P00981,67,Female,Low,Severe Abdominal Pain,3.3,Emergency,U002,F01,2026-08-16 04:00:00,Transfer Approved
P00982,72,Non-Binary,Medium,Cellulitis,3.6,Med-Surg,U013,F03,2026-08-08 05:00:00,Admitted
P00983,5,Female,Medium,Pneumonia,3.8,Med-Surg,U013,F03,2026-08-04 15:00:00,Admitted
P00984,6,Female,Low,Multi-organ Dysfunction,3.5,ICU,U011,F03,2026-08-15 15:00:00,Admitted
P00985,15,Non-Binary,Medium,Febrile Neutropenia,3.7,Med-Surg,U015,F03,2026-08-06 05:00:00,Admitted
P00986,66,Female,Medium,Bronchiolitis,4.7,Pediatrics,U009,F02,2026-08-17 18:00:00,Pending Transfer
P00987,24,Female,Critical,Pediatric Asthma,9.9,Pediatrics,U004,F01,2026-08-04 10:00:00,Pending Transfer
P00988,4,Female,High,Acute Respiratory Distress,6.7,ICU,U011,F03,2026-08-31 03:00:00,Admitted
P00989,42,Male,Medium,Pediatric Asthma,3.7,Pediatrics,U009,F02,2026-08-22 15:00:00,Admitted
P00990,59,Non-Binary,High,Dehydration,7.3,ICU,U004,F01,2026-08-21 19:00:00,Pending Transfer
P00991,58,Female,Critical,Acute Myocardial Infarction,9.7,Med-Surg,U012,F03,2026-08-11 01:00:00,Admitted
P00992,10,Non-Binary,Low,Severe Abdominal Pain,1.7,Emergency,U007,F02,2026-08-08 12:00:00,Admitted
P00993,12,Male,High,Acute Myocardial Infarction,6.0,Emergency,U002,F01,2026-08-10 20:00:00,Transfer Approved
P00994,84,Male,Medium,Acute Respiratory Distress,4.1,ICU,U006,F02,2026-08-24 09:00:00,Admitted
P00995,88,Non-Binary,Low,Acute Myocardial Infarction,2.2,Med-Surg,U002,F01,2026-08-17 06:00:00,Admitted
P00996,63,Female,High,Severe Abdominal Pain,6.9,Emergency,U012,F03,2026-08-14 02:00:00,Admitted
P00997,55,Female,Low,Febrile Neutropenia,2.4,Oncology,U010,F02,2026-08-02 16:00:00,Admitted
P00998,44,Female,Low,Febrile Neutropenia,2.5,Oncology,U005,F01,2026-08-30 15:00:00,Pending Transfer
P00999,68,Non-Binary,High,Acute Respiratory Distress,6.4,ICU,U006,F02,2026-08-30 15:00:00,Admitted
P01000,39,Male,Medium,Bronchiolitis,4.9,Pediatrics,U014,F03,2026-08-08 16:00:00,Pending Transfer
P01001,55,Female,Low,Acute Respiratory Distress,2.6,ICU,U011,F03,2026-08-17 03:00:00,Admitted
P01002,66,Female,Medium,Palliative Care,3.7,Oncology,U010,F02,2026-08-19 08:00:00,Discharged
P01003,46,Female,Medium,Chemotherapy Monitoring,5.0,Pediatrics,U005,F01,2026-08-06 05:00:00,Admitted
P01004,51,Male,Low,Pediatric Asthma,2.3,Pediatrics,U004,F01,2026-08-11 18:00:00,Transfer Approved
P01005,59,Non-Binary,Medium,Severe Abdominal Pain,4.7,Emergency,U007,F02,2026-08-31 05:00:00,Pending Transfer
P01006,28,Male,Low,Chemotherapy Monitoring,3.0,Oncology,U010,F02,2026-08-28 21:00:00,Admitted
P01007,14,Female,High,Chemotherapy Monitoring,5.5,Oncology,U010,F02,2026-08-06 20:00:00,Admitted
P01008,62,Female,Medium,Cellulitis,4.5,Med-Surg,U003,F01,2026-08-20 23:00:00,Admitted
P01009,63,Female,Medium,Pneumonia,4.9,Med-Surg,U008,F02,2026-08-22 12:00:00,Admitted
P01010,39,Male,Medium,Septic Shock,3.8,ICU,U011,F03,2026-08-27 00:00:00,Admitted
P01011,90,Male,Critical,Chemotherapy Monitoring,9.7,Oncology,U015,F03,2026-08-21 07:00:00,Admitted
P01012,56,Non-Binary,High,Septic Shock,5.8,ICU,U001,F01,2026-08-05 15:00:00,Transfer Approved
P01013,55,Male,High,Acute Respiratory Distress,6.0,ICU,U011,F03,2026-08-23 14:00:00,Admitted
P01014,63,Female,High,Polytrauma,8.1,Emergency,U002,F01,2026-08-07 09:00:00,Admitted
P01015,73,Female,Low,Post-Operative Recovery,2.2,Med-Surg,U013,F03,2026-08-28 22:00:00,Transfer Approved
P01016,56,Female,Medium,Cellulitis,3.0,Med-Surg,U008,F02,2026-08-18 09:00:00,Admitted
P01017,5,Female,Medium,Post-Cardiac Arrest,4.5,ICU,U011,F03,2026-08-20 21:00:00,Admitted
P01018,63,Male,High,Post-Operative Recovery,7.1,Med-Surg,U008,F02,2026-08-11 17:00:00,Pending Transfer
P01019,9,Female,Medium,Cellulitis,5.3,Med-Surg,U003,F01,2026-08-20 20:00:00,Admitted
P01020,45,Female,Medium,Congenital Heart Defect,3.5,Pediatrics,U009,F02,2026-08-07 15:00:00,Admitted
P01021,45,Female,Medium,Acute Myocardial Infarction,4.5,Emergency,U012,F03,2026-08-22 10:00:00,Admitted
P01022,78,Non-Binary,Medium,Severe Abdominal Pain,3.8,Emergency,U007,F02,2026-08-23 12:00:00,Admitted
P01023,54,Non-Binary,Medium,Pneumonia,5.1,Med-Surg,U013,F03,2026-08-28 05:00:00,Transfer Approved
P01024,80,Male,Medium,Multi-organ Dysfunction,4.9,Pediatrics,U001,F01,2026-08-05 05:00:00,Admitted
P01025,26,Male,High,Palliative Care,5.8,Oncology,U010,F02,2026-08-16 09:00:00,Pending Transfer
P01026,31,Male,Low,Post-Operative Recovery,3.5,Med-Surg,U013,F03,2026-08-09 11:00:00,Admitted
P01027,87,Male,High,Diabetes Complications,8.0,Med-Surg,U013,F03,2026-08-02 02:00:00,Admitted
P01028,44,Female,Low,Acute Respiratory Distress,2.7,ICU,U011,F03,2026-08-08 15:00:00,Transfer Approved
P01029,34,Female,High,Tumor Lysis Syndrome,7.8,Oncology,U005,F01,2026-08-18 08:00:00,Admitted
P01030,20,Non-Binary,Medium,Post-Operative Recovery,4.9,Med-Surg,U013,F03,2026-08-15 14:00:00,Pending Transfer
P01031,15,Male,Medium,Polytrauma,5.1,ICU,U002,F01,2026-08-06 20:00:00,Admitted
P01032,16,Male,High,Dehydration,6.0,Pediatrics,U004,F01,2026-08-15 16:00:00,Admitted
P01033,64,Non-Binary,Low,Polytrauma,1.8,Emergency,U012,F03,2026-08-27 04:00:00,Pending Transfer
P01034,16,Male,Low,Severe Abdominal Pain,3.4,Emergency,U002,F01,2026-08-01 07:00:00,Admitted
P01035,61,Female,Low,Dehydration,2.5,Med-Surg,U009,F02,2026-08-23 13:00:00,Admitted
P01036,47,Non-Binary,Medium,Acute Myocardial Infarction,3.8,Emergency,U012,F03,2026-08-14 07:00:00,Transfer Approved
P01037,18,Female,Medium,Cellulitis,5.3,Med-Surg,U008,F02,2026-08-31 16:00:00,Admitted
P01038,88,Female,Medium,Chemotherapy Monitoring,4.4,Oncology,U005,F01,2026-08-23 16:00:00,Admitted
P01039,9,Male,Low,Dehydration,2.5,Pediatrics,U009,F02,2026-08-06 13:00:00,Pending Transfer
P01040,8,Female,Critical,Pediatric Asthma,12.1,Pediatrics,U014,F03,2026-08-29 18:00:00,Discharged
P01041,8,Non-Binary,Medium,Stroke,4.3,Emergency,U007,F02,2026-08-23 17:00:00,Admitted
P01042,39,Non-Binary,High,Stroke,8.2,Med-Surg,U002,F01,2026-08-29 16:00:00,Admitted
P01043,79,Male,High,Post-Cardiac Arrest,6.8,ICU,U006,F02,2026-08-18 19:00:00,Admitted
P01044,80,Non-Binary,Critical,Post-Cardiac Arrest,12.3,ICU,U001,F01,2026-08-26 20:00:00,Admitted
P01045,52,Male,Low,Multi-organ Dysfunction,1.7,ICU,U001,F01,2026-08-13 23:00:00,Transfer Approved
P01046,17,Non-Binary,Low,Multi-organ Dysfunction,1.9,ICU,U001,F01,2026-08-10 16:00:00,Transfer Approved
P01047,44,Non-Binary,Medium,Acute Myocardial Infarction,3.5,Emergency,U012,F03,2026-08-18 18:00:00,Admitted
P01048,34,Male,Low,Multi-organ Dysfunction,3.0,ICU,U001,F01,2026-08-04 23:00:00,Admitted
P01049,8,Female,High,Dehydration,7.4,Pediatrics,U009,F02,2026-08-02 20:00:00,Discharged
P01050,16,Female,Medium,Pneumonia,4.6,Med-Surg,U003,F01,2026-08-08 23:00:00,Admitted
P01051,75,Non-Binary,Low,Diabetes Complications,2.2,Med-Surg,U013,F03,2026-08-26 22:00:00,Admitted
P01052,74,Non-Binary,Medium,Acute Myocardial Infarction,4.9,Emergency,U012,F03,2026-08-08 03:00:00,Admitted
P01053,42,Non-Binary,Low,Acute Myocardial Infarction,3.1,Emergency,U002,F01,2026-08-04 04:00:00,Admitted
P01054,92,Female,Critical,Congenital Heart Defect,9.0,Emergency,U004,F01,2026-08-16 06:00:00,Admitted
P01055,58,Male,Medium,Multi-organ Dysfunction,4.5,ICU,U006,F02,2026-08-18 16:00:00,Pending Transfer
P01056,51,Female,Medium,Severe Abdominal Pain,4.8,Emergency,U002,F01,2026-08-23 15:00:00,Admitted
P01057,54,Male,Low,Diabetes Complications,2.5,Med-Surg,U008,F02,2026-08-15 04:00:00,Admitted
P01058,91,Non-Binary,Low,Post-Operative Recovery,2.9,Med-Surg,U003,F01,2026-08-02 23:00:00,Admitted
P01059,21,Non-Binary,Medium,Dehydration,3.3,Pediatrics,U014,F03,2026-08-28 13:00:00,Admitted
P01060,15,Male,Low,Stroke,2.6,Emergency,U002,F01,2026-08-04 11:00:00,Admitted
P01061,40,Female,High,Tumor Lysis Syndrome,6.4,Emergency,U005,F01,2026-08-05 18:00:00,Admitted
P01062,54,Male,Low,Stroke,3.3,Emergency,U012,F03,2026-08-27 23:00:00,Pending Transfer
P01063,63,Male,Low,Pediatric Asthma,2.6,ICU,U004,F01,2026-08-14 15:00:00,Admitted
P01064,74,Female,High,Congenital Heart Defect,8.2,Pediatrics,U009,F02,2026-08-16 23:00:00,Pending Transfer
P01065,78,Male,High,Acute Myocardial Infarction,7.0,Emergency,U012,F03,2026-08-15 21:00:00,Admitted
P01066,58,Male,Low,Tumor Lysis Syndrome,1.7,Oncology,U005,F01,2026-08-20 13:00:00,Admitted
P01067,50,Male,Medium,Congenital Heart Defect,4.2,Pediatrics,U014,F03,2026-08-24 08:00:00,Admitted
P01068,83,Male,Medium,Diabetes Complications,4.9,Med-Surg,U008,F02,2026-08-26 22:00:00,Admitted
P01069,40,Non-Binary,Medium,Pediatric Asthma,4.8,Oncology,U014,F03,2026-08-18 18:00:00,Admitted
P01070,7,Non-Binary,Medium,Febrile Neutropenia,5.0,Oncology,U015,F03,2026-08-01 03:00:00,Admitted
P01071,85,Non-Binary,High,Acute Myocardial Infarction,8.4,Emergency,U007,F02,2026-08-07 07:00:00,Admitted
P01072,91,Non-Binary,Critical,Post-Cardiac Arrest,9.0,ICU,U001,F01,2026-08-11 12:00:00,Pending Transfer
P01073,76,Male,Low,Congenital Heart Defect,3.2,Pediatrics,U009,F02,2026-08-06 13:00:00,Admitted
P01074,4,Non-Binary,High,Tumor Lysis Syndrome,6.6,ICU,U005,F01,2026-08-18 05:00:00,Admitted
P01075,37,Male,High,Bronchiolitis,6.3,Med-Surg,U004,F01,2026-08-31 13:00:00,Admitted
P01076,87,Male,Low,Polytrauma,2.7,Emergency,U012,F03,2026-08-01 22:00:00,Pending Transfer
P01077,8,Female,High,Post-Cardiac Arrest,5.8,ICU,U011,F03,2026-08-29 10:00:00,Admitted
P01078,34,Female,Low,Acute Respiratory Distress,1.6,ICU,U011,F03,2026-08-20 18:00:00,Admitted
P01079,31,Female,Medium,Congenital Heart Defect,5.4,Pediatrics,U014,F03,2026-08-11 14:00:00,Admitted
P01080,71,Female,Medium,Post-Operative Recovery,4.5,Med-Surg,U003,F01,2026-08-08 00:00:00,Transfer Approved
P01081,35,Non-Binary,High,Polytrauma,6.2,Emergency,U012,F03,2026-08-26 04:00:00,Admitted
P01082,39,Non-Binary,Medium,Palliative Care,4.4,Oncology,U010,F02,2026-08-17 06:00:00,Admitted
P01083,19,Female,Medium,Febrile Neutropenia,5.1,Oncology,U010,F02,2026-08-14 17:00:00,Admitted
P01084,58,Male,Critical,Polytrauma,13.0,Emergency,U002,F01,2026-08-20 09:00:00,Admitted
P01085,84,Male,Low,Polytrauma,1.6,Emergency,U002,F01,2026-08-09 19:00:00,Pending Transfer
P01086,33,Non-Binary,Low,Palliative Care,3.5,Oncology,U015,F03,2026-08-07 18:00:00,Discharged
P01087,66,Female,Low,Post-Operative Recovery,1.8,Med-Surg,U013,F03,2026-08-03 09:00:00,Admitted
P01088,12,Female,High,Post-Operative Recovery,8.0,Med-Surg,U013,F03,2026-08-09 13:00:00,Admitted
P01089,27,Non-Binary,Medium,Multi-organ Dysfunction,5.3,ICU,U011,F03,2026-08-21 08:00:00,Admitted
P01090,91,Female,Medium,Tumor Lysis Syndrome,4.0,Oncology,U015,F03,2026-08-11 06:00:00,Admitted
P01091,59,Non-Binary,Medium,Multi-organ Dysfunction,3.5,ICU,U006,F02,2026-08-21 00:00:00,Admitted
P01092,78,Female,Low,Acute Respiratory Distress,3.3,ICU,U011,F03,2026-08-14 17:00:00,Pending Transfer
P01093,90,Non-Binary,Low,Post-Cardiac Arrest,3.0,ICU,U006,F02,2026-08-26 20:00:00,Admitted
P01094,84,Male,Medium,Chemotherapy Monitoring,5.3,Oncology,U015,F03,2026-08-15 21:00:00,Pending Transfer
P01095,16,Female,Medium,Post-Cardiac Arrest,5.2,ICU,U006,F02,2026-08-06 22:00:00,Admitted
P01096,2,Male,Critical,Cellulitis,10.5,Med-Surg,U003,F01,2026-08-01 07:00:00,Discharged
P01097,3,Female,Low,Multi-organ Dysfunction,1.9,ICU,U011,F03,2026-08-21 09:00:00,Admitted
P01098,92,Male,Low,Acute Myocardial Infarction,3.5,Emergency,U002,F01,2026-08-02 08:00:00,Admitted
P01099,64,Non-Binary,Medium,Acute Myocardial Infarction,3.5,Emergency,U007,F02,2026-08-21 12:00:00,Transfer Approved
P01100,15,Female,Medium,Congenital Heart Defect,3.8,Pediatrics,U009,F02,2026-08-24 18:00:00,Admitted
P01101,87,Non-Binary,Low,Febrile Neutropenia,1.6,Oncology,U010,F02,2026-08-03 04:00:00,Admitted
P01102,34,Non-Binary,Low,Diabetes Complications,3.3,Med-Surg,U013,F03,2026-08-09 06:00:00,Admitted
P01103,87,Male,Medium,Dehydration,4.9,Pediatrics,U004,F01,2026-08-01 13:00:00,Admitted
P01104,83,Non-Binary,High,Post-Operative Recovery,8.1,Med-Surg,U013,F03,2026-08-28 13:00:00,Admitted
P01105,36,Male,High,Palliative Care,7.0,Oncology,U010,F02,2026-08-02 23:00:00,Pending Transfer
P01106,29,Male,High,Pneumonia,8.3,Med-Surg,U003,F01,2026-08-11 00:00:00,Pending Transfer
P01107,51,Male,High,Tumor Lysis Syndrome,5.7,Oncology,U015,F03,2026-08-01 23:00:00,Admitted
P01108,29,Non-Binary,Medium,Severe Abdominal Pain,5.4,Emergency,U012,F03,2026-08-07 05:00:00,Admitted
P01109,43,Female,Low,Post-Operative Recovery,2.8,Pediatrics,U008,F02,2026-08-14 00:00:00,Admitted
P01110,76,Non-Binary,Critical,Stroke,13.1,Emergency,U002,F01,2026-08-16 07:00:00,Admitted
P01111,44,Male,Critical,Stroke,11.4,Emergency,U002,F01,2026-08-03 19:00:00,Admitted
P01112,80,Female,Medium,Post-Operative Recovery,4.8,Med-Surg,U008,F02,2026-08-03 01:00:00,Admitted
P01113,5,Female,High,Stroke,8.2,Emergency,U002,F01,2026-08-26 04:00:00,Admitted
P01114,8,Female,Medium,Polytrauma,4.1,Emergency,U002,F01,2026-08-03 03:00:00,Admitted
P01115,87,Male,Medium,Chemotherapy Monitoring,4.1,Oncology,U005,F01,2026-08-04 19:00:00,Admitted
P01116,53,Male,Medium,Polytrauma,4.4,Emergency,U002,F01,2026-08-14 19:00:00,Admitted
P01117,80,Male,Low,Pneumonia,2.8,Med-Surg,U013,F03,2026-08-01 14:00:00,Admitted
P01118,67,Female,High,Bronchiolitis,5.8,ICU,U014,F03,2026-08-19 06:00:00,Admitted
P01119,74,Male,Low,Multi-organ Dysfunction,2.2,ICU,U006,F02,2026-08-20 14:00:00,Pending Transfer
P01120,24,Male,Critical,Acute Myocardial Infarction,12.9,Med-Surg,U007,F02,2026-08-19 13:00:00,Admitted
P01121,66,Non-Binary,High,Multi-organ Dysfunction,6.4,ICU,U006,F02,2026-08-25 04:00:00,Transfer Approved
P01122,19,Female,Low,Dehydration,2.7,Pediatrics,U014,F03,2026-08-01 16:00:00,Pending Transfer
P01123,76,Non-Binary,High,Bronchiolitis,5.7,Pediatrics,U009,F02,2026-08-27 17:00:00,Pending Transfer
P01124,7,Female,Low,Pneumonia,1.9,Med-Surg,U008,F02,2026-08-30 06:00:00,Admitted
P01125,9,Female,Medium,Diabetes Complications,4.8,Med-Surg,U013,F03,2026-08-15 19:00:00,Admitted
P01126,89,Female,Medium,Multi-organ Dysfunction,4.7,ICU,U011,F03,2026-08-06 03:00:00,Admitted
P01127,59,Male,Medium,Cellulitis,3.9,Emergency,U013,F03,2026-08-23 07:00:00,Admitted
P01128,60,Non-Binary,Medium,Diabetes Complications,4.0,Med-Surg,U008,F02,2026-08-31 10:00:00,Admitted
P01129,49,Male,Medium,Severe Abdominal Pain,3.9,Emergency,U002,F01,2026-08-12 00:00:00,Pending Transfer
P01130,10,Female,High,Chemotherapy Monitoring,7.2,Oncology,U010,F02,2026-08-15 06:00:00,Admitted
P01131,81,Non-Binary,High,Stroke,5.6,Emergency,U007,F02,2026-08-10 05:00:00,Pending Transfer
P01132,29,Female,Medium,Septic Shock,4.2,ICU,U001,F01,2026-08-06 06:00:00,Transfer Approved
P01133,3,Male,Low,Dehydration,3.3,Emergency,U009,F02,2026-08-13 20:00:00,Admitted
P01134,15,Female,Medium,Febrile Neutropenia,4.1,Oncology,U010,F02,2026-08-26 11:00:00,Pending Transfer
P01135,85,Male,High,Congenital Heart Defect,8.1,Emergency,U009,F02,2026-08-29 04:00:00,Discharged
P01136,25,Male,Low,Severe Abdominal Pain,2.9,Emergency,U002,F01,2026-08-14 20:00:00,Admitted
P01137,32,Male,High,Septic Shock,8.1,ICU,U001,F01,2026-08-05 10:00:00,Admitted
P01138,32,Male,Low,Stroke,3.2,Emergency,U002,F01,2026-08-31 18:00:00,Admitted
P01139,63,Male,Medium,Pediatric Asthma,5.1,Pediatrics,U004,F01,2026-08-20 02:00:00,Admitted
P01140,22,Non-Binary,Critical,Severe Abdominal Pain,12.6,Emergency,U002,F01,2026-08-17 11:00:00,Admitted
P01141,64,Non-Binary,High,Post-Cardiac Arrest,6.0,ICU,U006,F02,2026-08-17 22:00:00,Admitted
P01142,62,Non-Binary,Medium,Congenital Heart Defect,4.4,Pediatrics,U004,F01,2026-08-21 18:00:00,Admitted
P01143,84,Male,Critical,Septic Shock,9.7,ICU,U006,F02,2026-08-28 07:00:00,Transfer Approved
P01144,51,Male,Low,Pneumonia,2.4,Med-Surg,U003,F01,2026-08-06 11:00:00,Admitted
P01145,33,Non-Binary,High,Post-Operative Recovery,5.9,Pediatrics,U013,F03,2026-08-17 11:00:00,Admitted
P01146,30,Non-Binary,Medium,Polytrauma,4.5,Emergency,U007,F02,2026-08-14 14:00:00,Admitted
P01147,60,Female,Medium,Palliative Care,4.2,Oncology,U015,F03,2026-08-09 12:00:00,Admitted
P01148,4,Male,Medium,Severe Abdominal Pain,4.0,Emergency,U002,F01,2026-08-12 02:00:00,Pending Transfer
P01149,38,Non-Binary,Critical,Post-Operative Recovery,12.8,Med-Surg,U003,F01,2026-08-04 03:00:00,Admitted
P01150,10,Female,Medium,Chemotherapy Monitoring,4.6,Oncology,U015,F03,2026-08-22 10:00:00,Admitted
P01151,33,Female,Low,Tumor Lysis Syndrome,1.9,Oncology,U005,F01,2026-08-05 22:00:00,Admitted
P01152,70,Female,Low,Polytrauma,3.0,Emergency,U012,F03,2026-08-12 12:00:00,Admitted
P01153,52,Non-Binary,Critical,Polytrauma,11.1,Emergency,U012,F03,2026-08-25 04:00:00,Admitted
P01154,51,Male,Medium,Septic Shock,7.7,ICU,U001,F01,2026-08-08 16:00:00,Pending Transfer
P01155,76,Non-Binary,Medium,Cellulitis,4.9,Med-Surg,U003,F01,2026-08-26 02:00:00,Admitted
P01156,41,Male,Low,Cellulitis,3.0,Med-Surg,U013,F03,2026-08-07 14:00:00,Admitted
P01157,58,Non-Binary,Critical,Chemotherapy Monitoring,10.6,Oncology,U015,F03,2026-08-05 09:00:00,Admitted
P01158,2,Female,High,Multi-organ Dysfunction,6.5,ICU,U011,F03,2026-08-22 12:00:00,Admitted
P01159,89,Non-Binary,High,Tumor Lysis Syndrome,6.5,ICU,U005,F01,2026-08-30 04:00:00,Transfer Approved
P01160,20,Female,High,Palliative Care,8.4,Oncology,U005,F01,2026-08-13 02:00:00,Pending Transfer
P01161,69,Female,Low,Septic Shock,2.4,ICU,U006,F02,2026-08-31 14:00:00,Admitted
P01162,82,Female,Medium,Pediatric Asthma,6.0,Pediatrics,U009,F02,2026-08-06 01:00:00,Admitted
P01163,89,Non-Binary,Critical,Cellulitis,8.6,Med-Surg,U008,F02,2026-08-30 12:00:00,Admitted
P01164,37,Male,Critical,Bronchiolitis,10.1,Pediatrics,U009,F02,2026-08-15 01:00:00,Pending Transfer
P01165,48,Non-Binary,Low,Chemotherapy Monitoring,1.8,Oncology,U005,F01,2026-08-14 12:00:00,Pending Transfer
P01166,21,Male,Low,Diabetes Complications,2.6,Med-Surg,U013,F03,2026-08-03 12:00:00,Admitted
P01167,27,Male,High,Diabetes Complications,6.4,Med-Surg,U008,F02,2026-08-22 15:00:00,Pending Transfer
P01168,21,Non-Binary,High,Multi-organ Dysfunction,7.3,ICU,U001,F01,2026-08-22 14:00:00,Admitted
P01169,36,Male,Medium,Polytrauma,5.5,Emergency,U007,F02,2026-08-27 12:00:00,Admitted
P01170,78,Male,Medium,Pneumonia,5.3,Med-Surg,U008,F02,2026-08-15 14:00:00,Pending Transfer
P01171,74,Male,Medium,Pediatric Asthma,4.1,Pediatrics,U009,F02,2026-08-15 11:00:00,Admitted
P01172,90,Non-Binary,Low,Tumor Lysis Syndrome,2.3,Oncology,U010,F02,2026-08-28 05:00:00,Admitted
P01173,54,Male,High,Febrile Neutropenia,8.2,Oncology,U010,F02,2026-08-15 12:00:00,Transfer Approved
P01174,85,Male,Low,Pediatric Asthma,2.3,Pediatrics,U014,F03,2026-08-08 05:00:00,Admitted
P01175,36,Non-Binary,Medium,Tumor Lysis Syndrome,4.8,Emergency,U015,F03,2026-08-30 15:00:00,Transfer Approved
P01176,53,Non-Binary,Low,Chemotherapy Monitoring,3.5,ICU,U010,F02,2026-08-17 10:00:00,Pending Transfer
P01177,53,Female,Critical,Septic Shock,9.9,ICU,U001,F01,2026-08-15 00:00:00,Admitted
P01178,10,Non-Binary,Critical,Severe Abdominal Pain,10.6,Emergency,U002,F01,2026-08-28 06:00:00,Pending Transfer
P01179,51,Male,Medium,Pediatric Asthma,4.0,Pediatrics,U004,F01,2026-08-05 10:00:00,Admitted
P01180,86,Non-Binary,Medium,Cellulitis,4.5,Oncology,U003,F01,2026-08-22 07:00:00,Admitted
P01181,92,Female,Medium,Diabetes Complications,4.4,Med-Surg,U008,F02,2026-08-06 05:00:00,Admitted
P01182,3,Non-Binary,Low,Pediatric Asthma,1.9,Pediatrics,U009,F02,2026-08-24 12:00:00,Transfer Approved
P01183,22,Male,High,Polytrauma,7.5,Emergency,U012,F03,2026-08-12 05:00:00,Admitted
P01184,28,Non-Binary,Low,Chemotherapy Monitoring,2.5,Oncology,U010,F02,2026-08-15 22:00:00,Transfer Approved
P01185,7,Non-Binary,Low,Acute Respiratory Distress,2.3,ICU,U006,F02,2026-08-02 19:00:00,Transfer Approved
P01186,1,Male,Low,Post-Cardiac Arrest,3.0,ICU,U006,F02,2026-08-12 07:00:00,Admitted
P01187,26,Male,Low,Post-Operative Recovery,2.3,Med-Surg,U003,F01,2026-08-11 06:00:00,Admitted
P01188,88,Non-Binary,Medium,Post-Operative Recovery,3.9,Med-Surg,U003,F01,2026-08-26 21:00:00,Pending Transfer
P01189,22,Non-Binary,High,Septic Shock,5.6,ICU,U011,F03,2026-08-27 10:00:00,Admitted
P01190,42,Non-Binary,High,Acute Myocardial Infarction,7.4,Emergency,U007,F02,2026-08-13 13:00:00,Pending Transfer
P01191,16,Male,Low,Bronchiolitis,1.7,Pediatrics,U004,F01,2026-08-01 12:00:00,Pending Transfer
P01192,84,Female,High,Acute Respiratory Distress,6.7,ICU,U001,F01,2026-08-03 21:00:00,Pending Transfer
P01193,36,Non-Binary,Medium,Tumor Lysis Syndrome,3.6,Oncology,U010,F02,2026-08-14 09:00:00,Admitted
P01194,77,Female,Medium,Acute Respiratory Distress,4.9,ICU,U006,F02,2026-08-30 18:00:00,Admitted
P01195,22,Female,Medium,Chemotherapy Monitoring,4.7,Oncology,U015,F03,2026-08-23 12:00:00,Admitted
P01196,87,Non-Binary,Low,Diabetes Complications,2.2,Med-Surg,U008,F02,2026-08-29 22:00:00,Admitted
P01197,41,Non-Binary,Medium,Congenital Heart Defect,3.6,Oncology,U009,F02,2026-08-15 12:00:00,Transfer Approved
P01198,66,Non-Binary,Medium,Febrile Neutropenia,4.5,Oncology,U015,F03,2026-08-01 07:00:00,Admitted
P01199,3,Non-Binary,Low,Post-Operative Recovery,2.1,Med-Surg,U013,F03,2026-08-25 07:00:00,Transfer Approved
P01200,80,Male,Low,Acute Respiratory Distress,1.8,ICU,U011,F03,2026-08-07 04:00:00,Admitted
P01201,49,Male,Low,Chemotherapy Monitoring,2.0,Oncology,U005,F01,2026-08-31 14:00:00,Admitted
P01202,43,Male,High,Dehydration,6.5,Pediatrics,U004,F01,2026-08-02 16:00:00,Admitted
P01203,54,Non-Binary,Medium,Stroke,5.0,Emergency,U007,F02,2026-08-24 10:00:00,Admitted
P01204,44,Male,Medium,Septic Shock,4.6,ICU,U001,F01,2026-08-22 07:00:00,Admitted
P01205,88,Non-Binary,Critical,Diabetes Complications,11.8,Med-Surg,U003,F01,2026-08-11 05:00:00,Admitted
P01206,57,Non-Binary,Low,Polytrauma,1.6,Emergency,U002,F01,2026-08-31 06:00:00,Admitted
P01207,7,Non-Binary,Medium,Diabetes Complications,5.4,Med-Surg,U013,F03,2026-08-06 18:00:00,Admitted
P01208,71,Male,High,Bronchiolitis,7.0,Pediatrics,U014,F03,2026-08-15 09:00:00,Admitted
P01209,22,Non-Binary,Low,Septic Shock,2.5,ICU,U011,F03,2026-08-08 09:00:00,Transfer Approved
P01210,37,Non-Binary,Critical,Post-Cardiac Arrest,13.8,ICU,U001,F01,2026-08-28 15:00:00,Admitted
P01211,11,Female,High,Palliative Care,6.6,Oncology,U015,F03,2026-08-14 16:00:00,Admitted
P01212,79,Non-Binary,Low,Cellulitis,3.0,Med-Surg,U003,F01,2026-08-26 15:00:00,Discharged
P01213,3,Female,Critical,Palliative Care,13.2,Oncology,U005,F01,2026-08-30 09:00:00,Admitted
P01214,77,Non-Binary,Low,Bronchiolitis,2.6,Pediatrics,U014,F03,2026-08-13 14:00:00,Transfer Approved
P01215,40,Female,Low,Stroke,2.3,Emergency,U012,F03,2026-08-03 10:00:00,Admitted
P01216,18,Non-Binary,High,Severe Abdominal Pain,6.1,Emergency,U012,F03,2026-08-01 00:00:00,Admitted
P01217,65,Non-Binary,High,Stroke,7.0,Emergency,U012,F03,2026-08-31 12:00:00,Pending Transfer
P01218,48,Female,Low,Palliative Care,2.1,Oncology,U015,F03,2026-08-03 13:00:00,Admitted
P01219,5,Male,Medium,Palliative Care,5.4,Oncology,U005,F01,2026-08-25 13:00:00,Admitted
P01220,33,Non-Binary,Low,Dehydration,2.5,Pediatrics,U009,F02,2026-08-23 11:00:00,Transfer Approved
P01221,90,Male,Medium,Palliative Care,5.4,Oncology,U015,F03,2026-08-08 15:00:00,Admitted
P01222,5,Female,Low,Chemotherapy Monitoring,2.9,Oncology,U015,F03,2026-08-09 19:00:00,Pending Transfer
P01223,59,Non-Binary,High,Diabetes Complications,6.3,Med-Surg,U013,F03,2026-08-31 21:00:00,Admitted
P01224,21,Male,Critical,Pediatric Asthma,12.7,Pediatrics,U004,F01,2026-08-30 12:00:00,Admitted
P01225,51,Non-Binary,High,Acute Respiratory Distress,7.1,ICU,U001,F01,2026-08-14 05:00:00,Admitted
P01226,55,Female,Critical,Tumor Lysis Syndrome,11.3,Oncology,U015,F03,2026-08-29 12:00:00,Admitted
P01227,76,Female,Medium,Palliative Care,5.0,Oncology,U015,F03,2026-08-28 02:00:00,Pending Transfer
P01228,14,Non-Binary,High,Stroke,7.9,Emergency,U012,F03,2026-08-07 23:00:00,Transfer Approved
P01229,51,Non-Binary,Low,Pneumonia,1.5,Med-Surg,U013,F03,2026-08-16 00:00:00,Transfer Approved
P01230,13,Male,Low,Palliative Care,2.5,Oncology,U015,F03,2026-08-24 13:00:00,Admitted
P01231,22,Male,Medium,Dehydration,3.9,Pediatrics,U014,F03,2026-08-16 05:00:00,Admitted
P01232,65,Male,Medium,Post-Cardiac Arrest,4.6,ICU,U006,F02,2026-08-07 01:00:00,Pending Transfer
P01233,24,Male,High,Dehydration,8.4,Pediatrics,U004,F01,2026-08-15 20:00:00,Admitted
P01234,80,Male,Low,Acute Myocardial Infarction,1.7,ICU,U012,F03,2026-08-09 02:00:00,Admitted
P01235,44,Male,Medium,Bronchiolitis,4.5,Pediatrics,U004,F01,2026-08-04 00:00:00,Admitted
P01236,8,Female,Medium,Post-Operative Recovery,4.8,Med-Surg,U003,F01,2026-08-02 03:00:00,Discharged
P01237,28,Non-Binary,Low,Polytrauma,2.3,Emergency,U002,F01,2026-08-31 08:00:00,Admitted
P01238,63,Female,Medium,Tumor Lysis Syndrome,4.7,Oncology,U005,F01,2026-08-22 10:00:00,Admitted
P01239,41,Male,Medium,Dehydration,4.8,Pediatrics,U014,F03,2026-08-02 11:00:00,Admitted
P01240,43,Male,Low,Pediatric Asthma,2.4,Pediatrics,U009,F02,2026-08-24 04:00:00,Admitted
P01241,4,Non-Binary,Low,Polytrauma,3.2,Emergency,U007,F02,2026-08-23 07:00:00,Admitted
P01242,48,Female,Medium,Congenital Heart Defect,4.5,Pediatrics,U014,F03,2026-08-01 20:00:00,Admitted
P01243,42,Male,High,Dehydration,8.1,Pediatrics,U014,F03,2026-08-24 10:00:00,Admitted
P01244,87,Female,Medium,Septic Shock,4.7,ICU,U006,F02,2026-08-20 02:00:00,Admitted
P01245,45,Female,High,Cellulitis,8.5,Med-Surg,U003,F01,2026-08-29 03:00:00,Pending Transfer
P01246,50,Female,Low,Acute Myocardial Infarction,2.9,Emergency,U002,F01,2026-08-29 18:00:00,Admitted
P01247,92,Non-Binary,Low,Post-Operative Recovery,1.8,Med-Surg,U013,F03,2026-08-10 21:00:00,Admitted
P01248,71,Female,High,Diabetes Complications,8.2,Med-Surg,U013,F03,2026-08-16 21:00:00,Admitted
P01249,70,Male,Medium,Diabetes Complications,3.9,Med-Surg,U008,F02,2026-08-22 22:00:00,Admitted
P01250,12,Male,Low,Post-Cardiac Arrest,3.5,Med-Surg,U011,F03,2026-08-29 12:00:00,Discharged
P01251,36,Male,Medium,Pneumonia,4.8,Med-Surg,U008,F02,2026-08-22 03:00:00,Admitted
P01252,86,Male,Low,Severe Abdominal Pain,1.7,Emergency,U007,F02,2026-08-28 07:00:00,Admitted
P01253,74,Non-Binary,Low,Acute Respiratory Distress,2.8,ICU,U006,F02,2026-08-23 23:00:00,Admitted
P01254,49,Non-Binary,High,Cellulitis,7.9,Med-Surg,U013,F03,2026-08-04 09:00:00,Pending Transfer
P01255,12,Male,Medium,Pediatric Asthma,4.2,Pediatrics,U004,F01,2026-08-07 23:00:00,Pending Transfer
P01256,15,Non-Binary,Low,Pneumonia,1.8,Med-Surg,U008,F02,2026-08-13 18:00:00,Admitted
P01257,1,Female,Medium,Post-Operative Recovery,4.7,Med-Surg,U013,F03,2026-08-13 13:00:00,Admitted
P01258,41,Female,Medium,Acute Myocardial Infarction,4.5,Emergency,U012,F03,2026-08-08 03:00:00,Pending Transfer
P01259,51,Male,Low,Post-Cardiac Arrest,2.1,ICU,U006,F02,2026-08-10 07:00:00,Admitted
P01260,64,Non-Binary,Low,Post-Cardiac Arrest,1.8,ICU,U011,F03,2026-08-24 21:00:00,Admitted
P01261,90,Male,High,Pneumonia,6.4,Med-Surg,U013,F03,2026-08-04 08:00:00,Admitted
P01262,91,Non-Binary,High,Palliative Care,7.4,Oncology,U010,F02,2026-08-10 22:00:00,Admitted
P01263,49,Male,Low,Pneumonia,1.8,Med-Surg,U013,F03,2026-08-28 23:00:00,Admitted
P01264,29,Non-Binary,Low,Acute Respiratory Distress,3.3,ICU,U001,F01,2026-08-28 15:00:00,Discharged
P01265,51,Female,Low,Febrile Neutropenia,3.5,Oncology,U005,F01,2026-08-11 13:00:00,Admitted
P01266,87,Female,High,Multi-organ Dysfunction,7.8,ICU,U006,F02,2026-08-17 23:00:00,Admitted
P01267,37,Female,High,Bronchiolitis,7.6,Pediatrics,U009,F02,2026-08-04 04:00:00,Admitted
P01268,42,Non-Binary,Medium,Post-Operative Recovery,5.2,Med-Surg,U013,F03,2026-08-15 20:00:00,Pending Transfer
P01269,21,Non-Binary,High,Bronchiolitis,6.8,Pediatrics,U009,F02,2026-08-29 04:00:00,Admitted
P01270,27,Male,High,Febrile Neutropenia,7.7,Oncology,U015,F03,2026-08-04 21:00:00,Pending Transfer
P01271,19,Female,Low,Cellulitis,2.9,Med-Surg,U008,F02,2026-08-02 03:00:00,Admitted
P01272,46,Female,Medium,Acute Myocardial Infarction,5.4,Emergency,U012,F03,2026-08-17 20:00:00,Admitted
P01273,44,Non-Binary,Low,Post-Cardiac Arrest,3.4,ICU,U006,F02,2026-08-13 07:00:00,Admitted
P01274,5,Male,Low,Bronchiolitis,2.3,Pediatrics,U014,F03,2026-08-20 05:00:00,Pending Transfer
P01275,84,Non-Binary,Critical,Palliative Care,12.8,Oncology,U005,F01,2026-08-22 21:00:00,Transfer Approved
P01276,12,Female,High,Cellulitis,6.3,Med-Surg,U013,F03,2026-08-12 00:00:00,Admitted
P01277,16,Male,Medium,Acute Respiratory Distress,4.5,ICU,U011,F03,2026-08-30 16:00:00,Admitted
P01278,29,Male,Medium,Palliative Care,4.0,Oncology,U015,F03,2026-08-26 18:00:00,Pending Transfer
P01279,24,Female,Medium,Cellulitis,5.5,Med-Surg,U013,F03,2026-08-10 18:00:00,Admitted
P01280,17,Male,Critical,Pneumonia,8.8,Med-Surg,U008,F02,2026-08-26 17:00:00,Admitted
P01281,24,Female,Low,Pediatric Asthma,2.3,Pediatrics,U004,F01,2026-08-26 16:00:00,Pending Transfer
P01282,63,Male,High,Polytrauma,7.8,Emergency,U012,F03,2026-08-22 03:00:00,Admitted
P01283,24,Non-Binary,High,Febrile Neutropenia,5.5,Oncology,U010,F02,2026-08-11 03:00:00,Admitted
P01284,6,Male,Critical,Diabetes Complications,12.1,Med-Surg,U013,F03,2026-08-28 01:00:00,Admitted
P01285,11,Male,Critical,Dehydration,10.5,Pediatrics,U009,F02,2026-08-14 21:00:00,Pending Transfer
P01286,1,Male,Low,Stroke,1.6,Emergency,U007,F02,2026-08-29 09:00:00,Transfer Approved
P01287,85,Non-Binary,Medium,Congenital Heart Defect,3.8,Pediatrics,U014,F03,2026-08-11 16:00:00,Transfer Approved
P01288,46,Non-Binary,High,Febrile Neutropenia,7.6,Oncology,U005,F01,2026-08-02 07:00:00,Admitted
P01289,5,Male,High,Acute Myocardial Infarction,6.4,Emergency,U007,F02,2026-08-31 04:00:00,Pending Transfer
P01290,78,Non-Binary,Medium,Bronchiolitis,4.7,Pediatrics,U009,F02,2026-08-24 19:00:00,Admitted
P01291,55,Male,Low,Dehydration,2.0,Pediatrics,U009,F02,2026-08-06 12:00:00,Transfer Approved
P01292,59,Male,Low,Dehydration,2.9,Pediatrics,U004,F01,2026-08-05 17:00:00,Admitted
P01293,27,Male,Critical,Tumor Lysis Syndrome,14.0,Oncology,U015,F03,2026-08-07 22:00:00,Admitted
P01294,48,Non-Binary,Low,Diabetes Complications,2.3,Med-Surg,U013,F03,2026-08-26 13:00:00,Admitted
P01295,49,Male,High,Septic Shock,5.7,ICU,U006,F02,2026-08-04 21:00:00,Discharged
P01296,71,Female,Low,Chemotherapy Monitoring,2.2,Med-Surg,U015,F03,2026-08-25 08:00:00,Admitted
P01297,19,Male,Medium,Tumor Lysis Syndrome,3.5,Oncology,U010,F02,2026-08-08 12:00:00,Admitted
P01298,14,Male,Low,Bronchiolitis,2.6,Pediatrics,U009,F02,2026-08-19 15:00:00,Admitted
P01299,13,Non-Binary,Low,Multi-organ Dysfunction,2.9,ICU,U011,F03,2026-08-18 08:00:00,Admitted
P01300,78,Male,Medium,Pediatric Asthma,3.8,Pediatrics,U014,F03,2026-08-13 05:00:00,Admitted
P01301,45,Non-Binary,Low,Severe Abdominal Pain,2.5,Emergency,U012,F03,2026-08-01 21:00:00,Admitted
P01302,66,Non-Binary,High,Bronchiolitis,7.5,Pediatrics,U009,F02,2026-08-19 23:00:00,Admitted
P01303,35,Male,Medium,Multi-organ Dysfunction,7.6,ICU,U001,F01,2026-08-20 13:00:00,Admitted
P01304,91,Female,Medium,Diabetes Complications,4.4,Med-Surg,U008,F02,2026-08-15 16:00:00,Admitted
P01305,37,Female,High,Congenital Heart Defect,7.1,Pediatrics,U014,F03,2026-08-30 07:00:00,Admitted
P01306,40,Non-Binary,Critical,Post-Operative Recovery,13.7,Med-Surg,U008,F02,2026-08-11 02:00:00,Admitted
P01307,82,Male,Low,Post-Operative Recovery,3.0,Med-Surg,U003,F01,2026-08-06 18:00:00,Pending Transfer
P01308,8,Male,Medium,Stroke,4.6,Emergency,U002,F01,2026-08-28 00:00:00,Admitted
P01309,55,Non-Binary,Low,Acute Myocardial Infarction,2.5,Emergency,U012,F03,2026-08-22 17:00:00,Admitted
P01310,90,Male,Medium,Cellulitis,3.5,Med-Surg,U003,F01,2026-08-27 23:00:00,Admitted
P01311,1,Non-Binary,High,Post-Cardiac Arrest,7.6,ICU,U006,F02,2026-08-08 23:00:00,Admitted
P01312,85,Non-Binary,Low,Polytrauma,2.7,Emergency,U012,F03,2026-08-22 16:00:00,Pending Transfer
P01313,29,Male,Critical,Pediatric Asthma,10.5,Pediatrics,U009,F02,2026-08-12 01:00:00,Admitted
P01314,55,Female,Low,Congenital Heart Defect,1.8,Pediatrics,U009,F02,2026-08-11 21:00:00,Pending Transfer
P01315,32,Non-Binary,Low,Pediatric Asthma,2.1,Pediatrics,U004,F01,2026-08-09 06:00:00,Admitted
P01316,1,Non-Binary,Medium,Palliative Care,3.9,Oncology,U005,F01,2026-08-30 20:00:00,Admitted
P01317,66,Male,High,Palliative Care,8.2,Oncology,U010,F02,2026-08-02 11:00:00,Transfer Approved
P01318,1,Non-Binary,Medium,Palliative Care,4.2,Oncology,U010,F02,2026-08-01 11:00:00,Admitted
P01319,24,Female,Medium,Multi-organ Dysfunction,3.5,ICU,U011,F03,2026-08-07 02:00:00,Admitted
P01320,68,Non-Binary,High,Acute Myocardial Infarction,6.7,Emergency,U007,F02,2026-08-01 04:00:00,Admitted
P01321,85,Female,Low,Septic Shock,2.4,ICU,U011,F03,2026-08-12 13:00:00,Admitted
P01322,24,Non-Binary,Critical,Tumor Lysis Syndrome,9.1,Oncology,U005,F01,2026-08-27 14:00:00,Admitted
P01323,21,Male,Low,Tumor Lysis Syndrome,3.0,Emergency,U015,F03,2026-08-04 06:00:00,Admitted
P01324,37,Male,High,Septic Shock,6.7,ICU,U001,F01,2026-08-29 01:00:00,Admitted
P01325,21,Non-Binary,Medium,Bronchiolitis,4.5,Pediatrics,U014,F03,2026-08-09 03:00:00,Admitted
P01326,54,Female,Low,Cellulitis,3.1,Med-Surg,U003,F01,2026-08-11 12:00:00,Admitted
P01327,65,Non-Binary,Medium,Congenital Heart Defect,3.8,Pediatrics,U009,F02,2026-08-26 00:00:00,Pending Transfer
P01328,17,Male,Medium,Multi-organ Dysfunction,4.5,ICU,U006,F02,2026-08-08 01:00:00,Transfer Approved
P01329,87,Female,Medium,Severe Abdominal Pain,5.5,Emergency,U002,F01,2026-08-14 15:00:00,Admitted
P01330,38,Female,High,Post-Cardiac Arrest,5.7,ICU,U006,F02,2026-08-20 04:00:00,Discharged
P01331,66,Male,Medium,Acute Myocardial Infarction,4.1,Emergency,U007,F02,2026-08-09 22:00:00,Admitted
P01332,32,Non-Binary,Low,Cellulitis,1.9,Med-Surg,U013,F03,2026-08-26 03:00:00,Admitted
P01333,90,Non-Binary,High,Septic Shock,6.1,ICU,U006,F02,2026-08-21 20:00:00,Admitted
P01334,20,Male,Low,Post-Operative Recovery,1.8,Emergency,U013,F03,2026-08-30 04:00:00,Transfer Approved
P01335,55,Male,Low,Bronchiolitis,1.7,Pediatrics,U004,F01,2026-08-17 09:00:00,Pending Transfer
P01336,90,Non-Binary,Medium,Febrile Neutropenia,3.9,Oncology,U005,F01,2026-08-02 16:00:00,Pending Transfer
P01337,55,Non-Binary,Low,Pediatric Asthma,2.1,Pediatrics,U009,F02,2026-08-09 11:00:00,Admitted
P01338,92,Female,Low,Diabetes Complications,2.1,ICU,U003,F01,2026-08-01 01:00:00,Admitted
P01339,85,Non-Binary,Low,Multi-organ Dysfunction,1.9,ICU,U001,F01,2026-08-30 19:00:00,Pending Transfer
P01340,13,Female,Low,Septic Shock,2.0,ICU,U011,F03,2026-08-11 09:00:00,Admitted
P01341,15,Male,Medium,Acute Respiratory Distress,4.9,ICU,U001,F01,2026-08-05 10:00:00,Admitted
P01342,47,Non-Binary,Medium,Stroke,5.0,Emergency,U012,F03,2026-08-20 11:00:00,Admitted
P01343,31,Non-Binary,Medium,Tumor Lysis Syndrome,3.9,Oncology,U005,F01,2026-08-29 03:00:00,Discharged
P01344,17,Non-Binary,Medium,Post-Operative Recovery,3.6,Med-Surg,U003,F01,2026-08-29 20:00:00,Admitted
P01345,25,Male,Critical,Cellulitis,11.25,Oncology,U003,F01,2026-08-20 10:00:00,Admitted
P01346,39,Non-Binary,Medium,Congenital Heart Defect,5.5,Pediatrics,U004,F01,2026-08-24 04:00:00,Pending Transfer
P01347,6,Male,Medium,Septic Shock,4.3,ICU,U001,F01,2026-08-29 17:00:00,Pending Transfer
P01348,45,Female,Medium,Post-Cardiac Arrest,4.8,ICU,U006,F02,2026-08-14 02:00:00,Admitted
P01349,62,Female,Low,Polytrauma,1.8,Emergency,U007,F02,2026-08-31 04:00:00,Admitted
P01350,38,Male,Medium,Polytrauma,5.1,Emergency,U002,F01,2026-08-24 12:00:00,Admitted
P01351,64,Non-Binary,Medium,Chemotherapy Monitoring,3.8,Oncology,U015,F03,2026-08-13 17:00:00,Admitted
P01352,50,Female,Medium,Stroke,3.9,Oncology,U012,F03,2026-08-07 18:00:00,Pending Transfer
P01353,90,Male,Critical,Post-Cardiac Arrest,11.3,ICU,U011,F03,2026-08-09 09:00:00,Admitted
P01354,29,Female,Low,Tumor Lysis Syndrome,2.6,Oncology,U015,F03,2026-08-02 17:00:00,Admitted
P01355,31,Female,Medium,Acute Respiratory Distress,4.8,ICU,U001,F01,2026-08-09 04:00:00,Admitted
P01356,35,Male,Medium,Acute Myocardial Infarction,5.5,Emergency,U012,F03,2026-08-04 00:00:00,Pending Transfer
P01357,84,Female,Critical,Multi-organ Dysfunction,10.3,ICU,U006,F02,2026-08-29 17:00:00,Admitted
P01358,34,Non-Binary,High,Diabetes Complications,6.7,Med-Surg,U003,F01,2026-08-11 01:00:00,Admitted
P01359,81,Male,Critical,Tumor Lysis Syndrome,9.7,Oncology,U005,F01,2026-08-06 08:00:00,Pending Transfer
P01360,3,Non-Binary,Medium,Chemotherapy Monitoring,4.9,Oncology,U005,F01,2026-08-31 20:00:00,Admitted
P01361,33,Non-Binary,Low,Bronchiolitis,3.1,Pediatrics,U004,F01,2026-08-09 06:00:00,Admitted
P01362,75,Non-Binary,Medium,Post-Cardiac Arrest,3.8,ICU,U011,F03,2026-08-24 13:00:00,Admitted
P01363,48,Male,Low,Post-Cardiac Arrest,1.7,ICU,U011,F03,2026-08-06 05:00:00,Admitted
P01364,25,Non-Binary,Low,Palliative Care,3.4,Oncology,U005,F01,2026-08-10 00:00:00,Admitted
P01365,40,Male,High,Febrile Neutropenia,8.0,Oncology,U010,F02,2026-08-07 02:00:00,Pending Transfer
P01366,19,Male,High,Severe Abdominal Pain,6.2,Emergency,U007,F02,2026-08-13 03:00:00,Admitted
P01367,68,Male,Medium,Chemotherapy Monitoring,4.7,Oncology,U015,F03,2026-08-01 03:00:00,Pending Transfer
P01368,2,Non-Binary,Medium,Acute Respiratory Distress,3.8,ICU,U006,F02,2026-08-09 04:00:00,Admitted
P01369,81,Non-Binary,Medium,Chemotherapy Monitoring,5.1,ICU,U015,F03,2026-08-18 23:00:00,Admitted
P01370,44,Non-Binary,Low,Polytrauma,1.9,Emergency,U012,F03,2026-08-19 14:00:00,Admitted
P01371,21,Female,High,Stroke,6.9,Emergency,U012,F03,2026-08-18 22:00:00,Admitted
P01372,35,Non-Binary,Low,Chemotherapy Monitoring,1.5,Oncology,U015,F03,2026-08-10 03:00:00,Admitted
P01373,66,Female,Low,Septic Shock,1.5,ICU,U006,F02,2026-08-08 13:00:00,Discharged
P01374,50,Male,Medium,Tumor Lysis Syndrome,4.8,Oncology,U010,F02,2026-08-29 21:00:00,Admitted
P01375,50,Non-Binary,Medium,Post-Operative Recovery,4.5,Med-Surg,U003,F01,2026-08-08 03:00:00,Transfer Approved
P01376,37,Female,Low,Polytrauma,2.7,Emergency,U002,F01,2026-08-30 02:00:00,Admitted
P01377,6,Non-Binary,Medium,Acute Myocardial Infarction,3.9,Emergency,U012,F03,2026-08-20 05:00:00,Admitted
P01378,87,Female,Low,Diabetes Complications,3.3,Med-Surg,U003,F01,2026-08-20 09:00:00,Admitted
P01379,45,Male,Critical,Multi-organ Dysfunction,13.5,ICU,U006,F02,2026-08-30 08:00:00,Transfer Approved
P01380,92,Male,High,Post-Operative Recovery,8.1,Med-Surg,U003,F01,2026-08-25 20:00:00,Admitted
P01381,19,Female,High,Acute Myocardial Infarction,6.7,Emergency,U007,F02,2026-08-26 15:00:00,Admitted
P01382,9,Male,Low,Cellulitis,3.4,Med-Surg,U003,F01,2026-08-03 10:00:00,Admitted
P01383,17,Male,Critical,Severe Abdominal Pain,10.4,Emergency,U002,F01,2026-08-16 22:00:00,Admitted
P01384,53,Non-Binary,Medium,Dehydration,3.8,Pediatrics,U014,F03,2026-08-30 07:00:00,Discharged
P01385,50,Female,Medium,Congenital Heart Defect,4.6,Pediatrics,U014,F03,2026-08-18 07:00:00,Admitted
P01386,50,Male,Low,Severe Abdominal Pain,2.6,Emergency,U007,F02,2026-08-26 23:00:00,Admitted
P01387,29,Non-Binary,Critical,Pediatric Asthma,9.8,ICU,U014,F03,2026-08-12 17:00:00,Discharged
P01388,61,Male,Medium,Acute Respiratory Distress,3.6,ICU,U006,F02,2026-08-28 04:00:00,Admitted
P01389,38,Female,Medium,Bronchiolitis,5.2,Pediatrics,U014,F03,2026-08-30 13:00:00,Pending Transfer
P01390,32,Male,High,Septic Shock,5.7,ICU,U006,F02,2026-08-31 22:00:00,Admitted
P01391,91,Male,High,Severe Abdominal Pain,7.7,Emergency,U012,F03,2026-08-14 11:00:00,Admitted
P01392,7,Non-Binary,Medium,Chemotherapy Monitoring,4.8,Oncology,U005,F01,2026-08-28 05:00:00,Admitted
P01393,4,Male,Medium,Multi-organ Dysfunction,3.8,ICU,U001,F01,2026-08-01 18:00:00,Discharged
P01394,54,Male,Medium,Febrile Neutropenia,4.4,Oncology,U005,F01,2026-08-17 22:00:00,Admitted
P01395,39,Female,Low,Palliative Care,2.9,Oncology,U010,F02,2026-08-21 22:00:00,Admitted
P01396,2,Female,Low,Polytrauma,1.8,Emergency,U002,F01,2026-08-02 19:00:00,Pending Transfer
P01397,23,Non-Binary,Medium,Acute Myocardial Infarction,3.5,Emergency,U007,F02,2026-08-22 14:00:00,Admitted
P01398,71,Non-Binary,High,Multi-organ Dysfunction,8.3,ICU,U011,F03,2026-08-23 07:00:00,Admitted
P01399,55,Male,Low,Dehydration,3.4,Pediatrics,U009,F02,2026-08-31 04:00:00,Admitted
P01400,28,Female,Medium,Acute Respiratory Distress,3.9,ICU,U001,F01,2026-08-24 17:00:00,Admitted
P01401,78,Male,High,Post-Cardiac Arrest,6.9,ICU,U011,F03,2026-08-13 12:00:00,Pending Transfer
P01402,22,Male,Critical,Multi-organ Dysfunction,12.1,ICU,U011,F03,2026-08-04 03:00:00,Admitted
P01403,10,Female,High,Tumor Lysis Syndrome,5.6,Oncology,U005,F01,2026-08-18 03:00:00,Admitted
P01404,9,Male,Low,Polytrauma,3.0,Emergency,U007,F02,2026-08-18 06:00:00,Admitted
P01405,82,Male,Critical,Acute Myocardial Infarction,10.0,Emergency,U012,F03,2026-08-19 01:00:00,Admitted
P01406,73,Female,Low,Chemotherapy Monitoring,1.6,Med-Surg,U015,F03,2026-08-01 11:00:00,Admitted
P01407,37,Female,High,Acute Myocardial Infarction,6.4,Emergency,U002,F01,2026-08-12 04:00:00,Pending Transfer
P01408,90,Non-Binary,Low,Pediatric Asthma,2.2,Pediatrics,U004,F01,2026-08-17 03:00:00,Admitted
P01409,65,Male,Medium,Polytrauma,4.7,Emergency,U012,F03,2026-08-19 01:00:00,Admitted
P01410,38,Male,Critical,Diabetes Complications,12.3,ICU,U013,F03,2026-08-31 22:00:00,Admitted
P01411,30,Male,Critical,Diabetes Complications,12.7,Med-Surg,U003,F01,2026-08-31 16:00:00,Admitted
P01412,67,Non-Binary,Medium,Tumor Lysis Syndrome,4.4,Oncology,U010,F02,2026-08-10 11:00:00,Admitted
P01413,80,Female,Medium,Chemotherapy Monitoring,5.3,Oncology,U005,F01,2026-08-13 07:00:00,Admitted
P01414,27,Non-Binary,Low,Pediatric Asthma,3.4,Pediatrics,U009,F02,2026-08-16 03:00:00,Admitted
P01415,2,Male,Low,Tumor Lysis Syndrome,2.6,Oncology,U010,F02,2026-08-26 02:00:00,Discharged
P01416,64,Male,Low,Severe Abdominal Pain,2.1,Emergency,U012,F03,2026-08-06 02:00:00,Admitted
P01417,36,Non-Binary,Low,Multi-organ Dysfunction,2.2,Pediatrics,U001,F01,2026-08-09 15:00:00,Admitted
P01418,33,Female,High,Febrile Neutropenia,8.3,Oncology,U010,F02,2026-08-16 01:00:00,Admitted
P01419,47,Female,Medium,Cellulitis,4.3,Med-Surg,U008,F02,2026-08-22 04:00:00,Transfer Approved
P01420,57,Female,Low,Dehydration,2.2,Pediatrics,U009,F02,2026-08-17 14:00:00,Admitted
P01421,34,Non-Binary,Critical,Pediatric Asthma,11.9,Pediatrics,U004,F01,2026-08-24 07:00:00,Pending Transfer
P01422,90,Non-Binary,Critical,Chemotherapy Monitoring,9.4,Oncology,U015,F03,2026-08-13 05:00:00,Admitted
P01423,73,Female,Low,Pediatric Asthma,1.9,Pediatrics,U009,F02,2026-08-22 02:00:00,Admitted
P01424,45,Female,Medium,Palliative Care,4.8,Oncology,U005,F01,2026-08-15 03:00:00,Pending Transfer
P01425,11,Male,High,Polytrauma,8.3,Emergency,U012,F03,2026-08-25 13:00:00,Admitted
P01426,26,Female,Medium,Multi-organ Dysfunction,3.6,ICU,U001,F01,2026-08-20 15:00:00,Pending Transfer
P01427,28,Non-Binary,Critical,Severe Abdominal Pain,9.1,Emergency,U012,F03,2026-08-18 04:00:00,Admitted
P01428,61,Male,Low,Septic Shock,2.1,Oncology,U006,F02,2026-08-25 12:00:00,Admitted
P01429,8,Female,Medium,Congenital Heart Defect,5.5,Pediatrics,U004,F01,2026-08-07 00:00:00,Admitted
P01430,88,Female,Low,Pneumonia,2.0,Med-Surg,U003,F01,2026-08-05 02:00:00,Admitted
P01431,36,Female,Medium,Acute Respiratory Distress,4.1,ICU,U001,F01,2026-08-28 13:00:00,Admitted
P01432,68,Male,Low,Tumor Lysis Syndrome,1.9,Pediatrics,U015,F03,2026-08-11 09:00:00,Transfer Approved
P01433,22,Male,Critical,Pneumonia,13.7,Med-Surg,U008,F02,2026-08-18 22:00:00,Transfer Approved
P01434,21,Non-Binary,Medium,Palliative Care,4.2,Oncology,U005,F01,2026-08-13 00:00:00,Admitted
P01435,72,Non-Binary,Medium,Febrile Neutropenia,3.7,Oncology,U005,F01,2026-08-20 04:00:00,Admitted
P01436,42,Non-Binary,Medium,Dehydration,3.5,Pediatrics,U009,F02,2026-08-30 04:00:00,Admitted
P01437,64,Female,High,Post-Operative Recovery,7.9,Med-Surg,U003,F01,2026-08-09 16:00:00,Transfer Approved
P01438,1,Female,Critical,Septic Shock,12.0,ICU,U011,F03,2026-08-19 03:00:00,Transfer Approved
P01439,5,Male,Medium,Acute Myocardial Infarction,4.3,Emergency,U012,F03,2026-08-06 19:00:00,Pending Transfer
P01440,49,Male,Medium,Pneumonia,3.9,Med-Surg,U003,F01,2026-08-22 18:00:00,Admitted
P01441,2,Female,Medium,Multi-organ Dysfunction,3.5,ICU,U001,F01,2026-08-17 03:00:00,Discharged
P01442,90,Female,Medium,Severe Abdominal Pain,4.3,Emergency,U007,F02,2026-08-27 17:00:00,Admitted
P01443,55,Non-Binary,High,Dehydration,5.8,Pediatrics,U009,F02,2026-08-14 11:00:00,Transfer Approved
P01444,23,Non-Binary,Medium,Acute Myocardial Infarction,4.6,Emergency,U012,F03,2026-08-28 21:00:00,Admitted
P01445,89,Non-Binary,Low,Cellulitis,2.8,Med-Surg,U008,F02,2026-08-31 03:00:00,Pending Transfer
P01446,12,Male,Medium,Post-Operative Recovery,4.8,Med-Surg,U013,F03,2026-08-14 03:00:00,Admitted
P01447,64,Non-Binary,Medium,Acute Respiratory Distress,4.8,ICU,U001,F01,2026-08-26 01:00:00,Pending Transfer
P01448,86,Female,Medium,Severe Abdominal Pain,3.9,Emergency,U012,F03,2026-08-18 12:00:00,Pending Transfer
P01449,15,Male,High,Palliative Care,8.4,Oncology,U005,F01,2026-08-26 14:00:00,Admitted
P01450,53,Non-Binary,High,Congenital Heart Defect,5.5,Pediatrics,U014,F03,2026-08-08 16:00:00,Admitted
P01451,37,Female,Medium,Pneumonia,4.1,Med-Surg,U008,F02,2026-08-30 13:00:00,Admitted
P01452,87,Male,Low,Post-Operative Recovery,3.3,Med-Surg,U008,F02,2026-08-01 00:00:00,Discharged
P01453,20,Female,Low,Dehydration,2.2,Pediatrics,U009,F02,2026-08-14 07:00:00,Pending Transfer
P01454,72,Female,Low,Bronchiolitis,2.7,Pediatrics,U009,F02,2026-08-02 18:00:00,Admitted
P01455,55,Male,High,Post-Cardiac Arrest,8.4,ICU,U006,F02,2026-08-29 10:00:00,Admitted
P01456,67,Male,Medium,Congenital Heart Defect,4.0,Pediatrics,U004,F01,2026-08-05 16:00:00,Admitted
P01457,16,Non-Binary,Medium,Palliative Care,5.2,Oncology,U015,F03,2026-08-09 17:00:00,Admitted
P01458,21,Female,Low,Septic Shock,1.7,ICU,U011,F03,2026-08-21 18:00:00,Admitted
P01459,20,Male,High,Chemotherapy Monitoring,7.2,Emergency,U010,F02,2026-08-15 20:00:00,Admitted
P01460,81,Female,Low,Bronchiolitis,2.0,Pediatrics,U014,F03,2026-08-10 06:00:00,Admitted
P01461,69,Male,Low,Cellulitis,3.0,Med-Surg,U013,F03,2026-08-09 02:00:00,Pending Transfer
P01462,19,Non-Binary,High,Acute Respiratory Distress,7.4,ICU,U001,F01,2026-08-04 03:00:00,Admitted
P01463,59,Non-Binary,High,Chemotherapy Monitoring,5.8,Oncology,U010,F02,2026-08-29 05:00:00,Admitted
P01464,12,Male,High,Palliative Care,8.0,Oncology,U005,F01,2026-08-07 12:00:00,Admitted
P01465,13,Female,Medium,Acute Respiratory Distress,4.3,ICU,U001,F01,2026-08-21 02:00:00,Pending Transfer
P01466,27,Non-Binary,Low,Post-Cardiac Arrest,2.3,ICU,U011,F03,2026-08-30 14:00:00,Admitted
P01467,21,Male,Medium,Multi-organ Dysfunction,3.5,ICU,U006,F02,2026-08-19 20:00:00,Admitted
P01468,78,Male,Medium,Polytrauma,5.5,Emergency,U012,F03,2026-08-16 19:00:00,Admitted
P01469,77,Non-Binary,Medium,Chemotherapy Monitoring,3.8,Oncology,U010,F02,2026-08-30 03:00:00,Admitted
P01470,25,Non-Binary,Critical,Chemotherapy Monitoring,11.4,Oncology,U015,F03,2026-08-25 04:00:00,Admitted
P01471,28,Female,Critical,Pediatric Asthma,13.4,Emergency,U014,F03,2026-08-08 02:00:00,Discharged
P01472,89,Male,Medium,Pneumonia,4.0,Med-Surg,U003,F01,2026-08-03 11:00:00,Admitted
P01473,91,Non-Binary,Medium,Pneumonia,4.4,Med-Surg,U008,F02,2026-08-14 16:00:00,Pending Transfer
P01474,52,Male,Medium,Tumor Lysis Syndrome,3.8,Oncology,U005,F01,2026-08-29 22:00:00,Admitted
P01475,36,Female,Medium,Pediatric Asthma,2.7,Pediatrics,U004,F01,2026-08-10 05:00:00,Admitted
P01476,27,Non-Binary,Medium,Cellulitis,4.4,Med-Surg,U008,F02,2026-08-20 23:00:00,Admitted
P01477,35,Female,Medium,Polytrauma,4.7,Emergency,U002,F01,2026-08-19 11:00:00,Pending Transfer
P01478,48,Non-Binary,Medium,Post-Operative Recovery,4.4,Med-Surg,U013,F03,2026-08-31 16:00:00,Transfer Approved
P01479,33,Non-Binary,Medium,Severe Abdominal Pain,4.1,Emergency,U007,F02,2026-08-21 16:00:00,Pending Transfer
P01480,46,Female,Medium,Chemotherapy Monitoring,3.7,Oncology,U005,F01,2026-08-14 05:00:00,Admitted
P01481,46,Male,Medium,Polytrauma,3.9,Emergency,U007,F02,2026-08-05 10:00:00,Pending Transfer
P01482,16,Male,Medium,Dehydration,4.9,Pediatrics,U014,F03,2026-08-07 14:00:00,Admitted
P01483,73,Female,Medium,Febrile Neutropenia,4.5,Oncology,U005,F01,2026-08-20 06:00:00,Admitted
P01484,68,Male,High,Pediatric Asthma,7.2,Pediatrics,U009,F02,2026-08-31 21:00:00,Admitted
P01485,10,Non-Binary,Critical,Palliative Care,12.3,Oncology,U005,F01,2026-08-27 10:00:00,Admitted
P01486,26,Male,Low,Chemotherapy Monitoring,3.1,Oncology,U015,F03,2026-08-09 13:00:00,Admitted
P01487,16,Male,Low,Severe Abdominal Pain,1.8,Emergency,U012,F03,2026-08-13 07:00:00,Pending Transfer
P01488,74,Male,High,Tumor Lysis Syndrome,5.6,Oncology,U005,F01,2026-08-19 00:00:00,Admitted
P01489,60,Female,Low,Diabetes Complications,3.2,Med-Surg,U003,F01,2026-08-29 17:00:00,Admitted
P01490,68,Male,Medium,Dehydration,4.8,ICU,U014,F03,2026-08-27 13:00:00,Admitted
P01491,39,Female,Medium,Dehydration,5.0,Pediatrics,U004,F01,2026-08-18 10:00:00,Admitted
P01492,64,Non-Binary,Medium,Pediatric Asthma,4.3,Pediatrics,U004,F01,2026-08-15 15:00:00,Admitted
P01493,83,Male,Medium,Stroke,5.4,Emergency,U007,F02,2026-08-08 01:00:00,Admitted
P01494,2,Male,Medium,Acute Respiratory Distress,5.5,ICU,U006,F02,2026-08-24 13:00:00,Admitted
P01495,29,Male,Medium,Polytrauma,3.9,Emergency,U012,F03,2026-08-12 17:00:00,Admitted
P01496,1,Non-Binary,Low,Acute Respiratory Distress,2.0,ICU,U011,F03,2026-08-04 01:00:00,Admitted
P01497,39,Male,High,Stroke,6.5,Emergency,U007,F02,2026-08-26 12:00:00,Admitted
P01498,35,Non-Binary,Low,Diabetes Complications,3.3,Med-Surg,U013,F03,2026-08-04 04:00:00,Admitted
P01499,41,Male,Critical,Severe Abdominal Pain,12.0,Emergency,U012,F03,2026-08-17 16:00:00,Pending Transfer
P01500,31,Non-Binary,Low,Congenital Heart Defect,2.8,Pediatrics,U004,F01,2026-08-11 23:00:00,Admitted
P01501,62,Male,High,Post-Operative Recovery,6.3,Med-Surg,U008,F02,2026-08-03 11:00:00,Discharged
P01502,72,Male,Medium,Septic Shock,4.9,Pediatrics,U006,F02,2026-08-02 06:00:00,Admitted
P01503,2,Non-Binary,Low,Bronchiolitis,2.5,Pediatrics,U009,F02,2026-08-16 03:00:00,Admitted
P01504,44,Male,Low,Dehydration,3.0,Pediatrics,U009,F02,2026-08-15 20:00:00,Transfer Approved
P01505,20,Non-Binary,Low,Pediatric Asthma,3.3,Pediatrics,U014,F03,2026-08-12 12:00:00,Pending Transfer
P01506,58,Non-Binary,Medium,Septic Shock,5.1,ICU,U001,F01,2026-08-09 13:00:00,Transfer Approved
P01507,22,Non-Binary,Medium,Tumor Lysis Syndrome,5.4,Oncology,U005,F01,2026-08-04 04:00:00,Admitted
P01508,60,Male,Low,Polytrauma,2.0,Emergency,U007,F02,2026-08-06 08:00:00,Admitted
P01509,4,Female,Low,Post-Cardiac Arrest,2.2,ICU,U006,F02,2026-08-18 02:00:00,Transfer Approved
P01510,46,Female,Medium,Septic Shock,3.8,ICU,U001,F01,2026-08-17 10:00:00,Pending Transfer
P01511,7,Female,Medium,Multi-organ Dysfunction,4.2,Pediatrics,U001,F01,2026-08-24 13:00:00,Transfer Approved
P01512,25,Female,Low,Diabetes Complications,2.3,Med-Surg,U008,F02,2026-08-17 19:00:00,Admitted
P01513,64,Non-Binary,Medium,Post-Cardiac Arrest,3.7,Emergency,U011,F03,2026-08-31 03:00:00,Admitted
P01514,29,Male,Medium,Pediatric Asthma,5.3,Pediatrics,U014,F03,2026-08-08 02:00:00,Admitted
P01515,69,Male,Medium,Multi-organ Dysfunction,4.0,ICU,U011,F03,2026-08-23 12:00:00,Admitted
P01516,51,Female,Medium,Polytrauma,3.9,Emergency,U002,F01,2026-08-23 08:00:00,Admitted
P01517,64,Male,Low,Bronchiolitis,3.1,Pediatrics,U004,F01,2026-08-10 22:00:00,Admitted
P01518,77,Female,Critical,Acute Respiratory Distress,9.0,ICU,U006,F02,2026-08-23 19:00:00,Discharged
P01519,62,Non-Binary,Medium,Dehydration,5.2,Pediatrics,U014,F03,2026-08-06 10:00:00,Transfer Approved
P01520,88,Male,Medium,Septic Shock,3.9,ICU,U006,F02,2026-08-05 00:00:00,Admitted
P01521,86,Female,Critical,Severe Abdominal Pain,10.3,Emergency,U007,F02,2026-08-09 02:00:00,Admitted
P01522,22,Non-Binary,Medium,Acute Respiratory Distress,4.7,ICU,U006,F02,2026-08-19 00:00:00,Admitted
P01523,63,Male,High,Post-Cardiac Arrest,5.8,ICU,U011,F03,2026-08-19 21:00:00,Admitted
P01524,38,Male,Low,Febrile Neutropenia,3.0,Oncology,U005,F01,2026-08-04 09:00:00,Admitted
P01525,43,Female,Medium,Cellulitis,5.0,Med-Surg,U013,F03,2026-08-09 21:00:00,Pending Transfer
P01526,63,Female,Medium,Stroke,4.4,Emergency,U002,F01,2026-08-10 22:00:00,Admitted
P01527,43,Non-Binary,High,Congenital Heart Defect,5.8,Pediatrics,U014,F03,2026-08-24 20:00:00,Admitted
P01528,3,Male,Low,Cellulitis,3.2,Med-Surg,U008,F02,2026-08-05 11:00:00,Admitted
P01529,64,Male,Low,Septic Shock,2.7,ICU,U001,F01,2026-08-14 11:00:00,Admitted
P01530,27,Non-Binary,Low,Pediatric Asthma,1.9,Pediatrics,U014,F03,2026-08-21 03:00:00,Pending Transfer
P01531,36,Non-Binary,Medium,Post-Cardiac Arrest,5.5,ICU,U011,F03,2026-08-06 08:00:00,Pending Transfer
P01532,87,Female,Low,Multi-organ Dysfunction,2.3,ICU,U001,F01,2026-08-09 09:00:00,Admitted
P01533,25,Male,Low,Pneumonia,3.2,Med-Surg,U013,F03,2026-08-26 14:00:00,Pending Transfer
P01534,73,Female,Low,Tumor Lysis Syndrome,1.7,Emergency,U015,F03,2026-08-15 21:00:00,Admitted
P01535,20,Non-Binary,Medium,Multi-organ Dysfunction,4.7,ICU,U011,F03,2026-08-10 15:00:00,Admitted
P01536,37,Male,Critical,Pneumonia,8.6,Med-Surg,U008,F02,2026-08-27 18:00:00,Admitted
P01537,16,Male,Medium,Cellulitis,4.1,Med-Surg,U003,F01,2026-08-22 00:00:00,Admitted
P01538,7,Female,Medium,Septic Shock,4.2,ICU,U001,F01,2026-08-28 16:00:00,Transfer Approved
P01539,86,Non-Binary,Medium,Septic Shock,5.4,ICU,U006,F02,2026-08-05 23:00:00,Admitted
P01540,26,Female,Low,Pediatric Asthma,2.1,Med-Surg,U009,F02,2026-08-08 21:00:00,Admitted
P01541,82,Female,High,Cellulitis,6.7,Med-Surg,U013,F03,2026-08-29 08:00:00,Admitted
P01542,39,Non-Binary,Medium,Tumor Lysis Syndrome,3.8,Oncology,U010,F02,2026-08-29 10:00:00,Pending Transfer
P01543,75,Male,Low,Bronchiolitis,2.0,Pediatrics,U004,F01,2026-08-07 09:00:00,Admitted
P01544,40,Male,Medium,Tumor Lysis Syndrome,4.6,Oncology,U010,F02,2026-08-18 05:00:00,Admitted
P01545,49,Female,Low,Pediatric Asthma,1.8,Pediatrics,U004,F01,2026-08-11 16:00:00,Admitted
P01546,88,Non-Binary,Low,Multi-organ Dysfunction,2.4,ICU,U006,F02,2026-08-14 13:00:00,Admitted
P01547,60,Male,High,Pediatric Asthma,8.4,Pediatrics,U004,F01,2026-08-25 04:00:00,Pending Transfer
P01548,79,Female,Medium,Septic Shock,4.7,ICU,U006,F02,2026-08-20 17:00:00,Admitted
P01549,73,Female,Medium,Chemotherapy Monitoring,5.0,Oncology,U005,F01,2026-08-13 21:00:00,Admitted
P01550,1,Female,High,Post-Cardiac Arrest,8.0,Med-Surg,U006,F02,2026-08-27 20:00:00,Admitted
P01551,14,Female,Critical,Pediatric Asthma,13.0,Pediatrics,U009,F02,2026-08-23 10:00:00,Admitted
P01552,8,Male,High,Chemotherapy Monitoring,7.6,Oncology,U005,F01,2026-08-18 23:00:00,Pending Transfer
P01553,64,Male,Medium,Febrile Neutropenia,5.3,Oncology,U010,F02,2026-08-05 09:00:00,Pending Transfer
P01554,81,Female,Medium,Polytrauma,5.1,Emergency,U002,F01,2026-08-07 03:00:00,Discharged
P01555,9,Male,Low,Acute Myocardial Infarction,2.7,Emergency,U007,F02,2026-08-04 07:00:00,Admitted
P01556,27,Male,High,Severe Abdominal Pain,5.6,Emergency,U007,F02,2026-08-13 01:00:00,Transfer Approved
P01557,16,Female,Critical,Palliative Care,11.2,Oncology,U005,F01,2026-08-08 17:00:00,Transfer Approved
P01558,34,Non-Binary,Low,Palliative Care,3.2,Oncology,U005,F01,2026-08-14 04:00:00,Admitted
P01559,82,Male,Low,Acute Myocardial Infarction,1.8,Emergency,U007,F02,2026-08-08 05:00:00,Admitted
P01560,66,Non-Binary,High,Bronchiolitis,6.9,Pediatrics,U009,F02,2026-08-22 03:00:00,Admitted
P01561,76,Female,Critical,Tumor Lysis Syndrome,12.2,Oncology,U010,F02,2026-08-23 03:00:00,Admitted
P01562,60,Female,Medium,Palliative Care,3.8,Oncology,U015,F03,2026-08-04 18:00:00,Admitted
P01563,50,Male,Medium,Stroke,5.6,Emergency,U007,F02,2026-08-22 19:00:00,Admitted
P01564,57,Male,High,Tumor Lysis Syndrome,8.4,Oncology,U010,F02,2026-08-24 14:00:00,Admitted
P01565,36,Male,Medium,Bronchiolitis,4.2,Pediatrics,U004,F01,2026-08-17 06:00:00,Admitted
P01566,45,Non-Binary,Critical,Congenital Heart Defect,11.3,Pediatrics,U014,F03,2026-08-05 11:00:00,Admitted
P01567,84,Non-Binary,High,Dehydration,6.9,Pediatrics,U014,F03,2026-08-05 08:00:00,Admitted
P01568,85,Female,Critical,Post-Cardiac Arrest,8.9,ICU,U006,F02,2026-08-16 12:00:00,Pending Transfer
P01569,61,Non-Binary,Low,Acute Myocardial Infarction,2.7,Emergency,U007,F02,2026-08-25 21:00:00,Admitted
P01570,68,Female,High,Septic Shock,7.6,ICU,U001,F01,2026-08-19 11:00:00,Admitted
P01571,75,Non-Binary,High,Severe Abdominal Pain,5.7,Emergency,U012,F03,2026-08-08 03:00:00,Pending Transfer
P01572,86,Male,Low,Post-Cardiac Arrest,3.4,ICU,U011,F03,2026-08-25 07:00:00,Admitted
P01573,31,Male,Critical,Febrile Neutropenia,12.5,Oncology,U010,F02,2026-08-14 02:00:00,Admitted
P01574,8,Non-Binary,Medium,Stroke,3.7,Emergency,U012,F03,2026-08-03 14:00:00,Admitted
P01575,48,Non-Binary,Medium,Post-Operative Recovery,5.3,Med-Surg,U003,F01,2026-08-23 14:00:00,Transfer Approved
P01576,49,Male,Medium,Septic Shock,3.9,ICU,U011,F03,2026-08-22 09:00:00,Pending Transfer
P01577,29,Male,Medium,Febrile Neutropenia,4.4,Oncology,U010,F02,2026-08-26 06:00:00,Admitted
P01578,12,Non-Binary,Low,Acute Respiratory Distress,2.8,ICU,U006,F02,2026-08-07 01:00:00,Admitted
P01579,18,Male,High,Multi-organ Dysfunction,7.8,ICU,U006,F02,2026-08-28 02:00:00,Admitted
P01580,44,Male,Low,Post-Cardiac Arrest,1.9,ICU,U011,F03,2026-08-27 15:00:00,Admitted
P01581,65,Female,Low,Dehydration,2.7,Pediatrics,U014,F03,2026-08-05 02:00:00,Admitted
P01582,57,Female,Low,Palliative Care,3.2,Oncology,U015,F03,2026-08-05 16:00:00,Pending Transfer
P01583,39,Male,Low,Pediatric Asthma,2.5,Oncology,U004,F01,2026-08-11 00:00:00,Admitted
P01584,29,Female,Medium,Stroke,4.3,Emergency,U002,F01,2026-08-28 05:00:00,Transfer Approved
P01585,37,Male,Low,Diabetes Complications,3.2,Med-Surg,U003,F01,2026-08-17 09:00:00,Admitted
P01586,52,Non-Binary,High,Polytrauma,7.1,Emergency,U007,F02,2026-08-19 15:00:00,Admitted
P01587,34,Non-Binary,Medium,Pediatric Asthma,3.6,Pediatrics,U009,F02,2026-08-07 10:00:00,Admitted
P01588,8,Male,Low,Diabetes Complications,2.6,Med-Surg,U003,F01,2026-08-30 21:00:00,Admitted
P01589,8,Male,Critical,Palliative Care,8.9,Oncology,U015,F03,2026-08-29 19:00:00,Admitted
P01590,90,Male,Low,Pneumonia,3.5,Med-Surg,U013,F03,2026-08-20 23:00:00,Admitted
P01591,79,Male,Low,Post-Cardiac Arrest,3.4,ICU,U011,F03,2026-08-02 03:00:00,Admitted
P01592,5,Female,Medium,Bronchiolitis,4.8,Pediatrics,U009,F02,2026-08-10 07:00:00,Admitted
P01593,3,Male,High,Chemotherapy Monitoring,7.8,Oncology,U015,F03,2026-08-18 19:00:00,Transfer Approved
P01594,49,Non-Binary,Medium,Polytrauma,4.6,Pediatrics,U007,F02,2026-08-23 04:00:00,Admitted
P01595,56,Non-Binary,Low,Congenital Heart Defect,2.6,Pediatrics,U009,F02,2026-08-04 19:00:00,Transfer Approved
P01596,48,Female,Low,Febrile Neutropenia,2.2,Oncology,U005,F01,2026-08-08 07:00:00,Admitted
P01597,12,Non-Binary,Low,Pediatric Asthma,2.0,Pediatrics,U009,F02,2026-08-29 17:00:00,Admitted
P01598,73,Male,Medium,Polytrauma,5.2,Emergency,U002,F01,2026-08-02 02:00:00,Admitted
P01599,8,Male,High,Cellulitis,6.0,Med-Surg,U003,F01,2026-08-20 20:00:00,Discharged
P01600,32,Female,Low,Febrile Neutropenia,2.7,Oncology,U005,F01,2026-08-04 21:00:00,Admitted
P01601,10,Male,Low,Dehydration,3.4,Pediatrics,U004,F01,2026-08-23 23:00:00,Admitted
P01602,46,Male,Low,Severe Abdominal Pain,2.9,Emergency,U002,F01,2026-08-25 17:00:00,Admitted
P01603,38,Non-Binary,High,Diabetes Complications,7.1,Med-Surg,U008,F02,2026-08-23 17:00:00,Admitted
P01604,65,Male,Medium,Acute Respiratory Distress,4.2,ICU,U006,F02,2026-08-31 19:00:00,Admitted
P01605,63,Female,Medium,Acute Respiratory Distress,3.9,ICU,U006,F02,2026-08-17 07:00:00,Admitted
P01606,40,Non-Binary,Low,Bronchiolitis,1.7,Pediatrics,U009,F02,2026-08-26 04:00:00,Pending Transfer
P01607,5,Male,Medium,Post-Cardiac Arrest,4.8,ICU,U001,F01,2026-08-04 00:00:00,Admitted
P01608,64,Male,High,Pneumonia,6.3,Med-Surg,U013,F03,2026-08-27 02:00:00,Admitted
P01609,8,Female,Medium,Cellulitis,4.5,Med-Surg,U013,F03,2026-08-13 14:00:00,Transfer Approved
P01610,6,Male,Critical,Febrile Neutropenia,10.6,Oncology,U015,F03,2026-08-18 01:00:00,Transfer Approved
P01611,85,Female,Low,Acute Respiratory Distress,2.6,ICU,U006,F02,2026-08-01 19:00:00,Transfer Approved
P01612,44,Female,Low,Acute Myocardial Infarction,3.0,Emergency,U002,F01,2026-08-27 19:00:00,Admitted
P01613,56,Female,Low,Chemotherapy Monitoring,3.1,Oncology,U010,F02,2026-08-31 23:00:00,Admitted
P01614,87,Female,High,Palliative Care,6.8,Oncology,U015,F03,2026-08-25 16:00:00,Admitted
P01615,34,Male,Medium,Cellulitis,4.4,Med-Surg,U003,F01,2026-08-08 04:00:00,Admitted
P01616,2,Female,High,Pneumonia,5.8,Med-Surg,U013,F03,2026-08-18 09:00:00,Admitted
P01617,44,Non-Binary,High,Congenital Heart Defect,5.6,Pediatrics,U004,F01,2026-08-09 21:00:00,Admitted
P01618,33,Non-Binary,Low,Pediatric Asthma,1.7,Pediatrics,U004,F01,2026-08-11 08:00:00,Admitted
P01619,23,Female,Medium,Post-Cardiac Arrest,3.5,ICU,U006,F02,2026-08-31 11:00:00,Admitted
P01620,62,Non-Binary,High,Febrile Neutropenia,6.7,Oncology,U010,F02,2026-08-03 08:00:00,Admitted
P01621,79,Non-Binary,Medium,Stroke,5.4,Emergency,U002,F01,2026-08-09 08:00:00,Admitted
P01622,34,Female,Critical,Acute Myocardial Infarction,9.8,Emergency,U002,F01,2026-08-28 19:00:00,Admitted
P01623,84,Male,Low,Febrile Neutropenia,1.7,Oncology,U010,F02,2026-08-28 14:00:00,Admitted
P01624,75,Female,Low,Pediatric Asthma,2.6,Pediatrics,U004,F01,2026-08-31 22:00:00,Admitted
P01625,34,Female,Low,Post-Operative Recovery,2.9,Med-Surg,U008,F02,2026-08-12 17:00:00,Admitted
P01626,92,Male,Medium,Febrile Neutropenia,4.2,Pediatrics,U010,F02,2026-08-04 16:00:00,Admitted
P01627,10,Male,Critical,Diabetes Complications,10.3,Med-Surg,U008,F02,2026-08-27 21:00:00,Admitted
P01628,54,Male,Medium,Severe Abdominal Pain,5.3,Emergency,U012,F03,2026-08-11 19:00:00,Admitted
P01629,47,Female,High,Cellulitis,8.2,Med-Surg,U008,F02,2026-08-31 09:00:00,Admitted
P01630,80,Male,Medium,Bronchiolitis,4.2,Pediatrics,U009,F02,2026-08-05 18:00:00,Pending Transfer
P01631,4,Male,Medium,Febrile Neutropenia,5.1,Oncology,U010,F02,2026-08-25 23:00:00,Admitted
P01632,66,Non-Binary,Low,Dehydration,3.4,Pediatrics,U009,F02,2026-08-19 01:00:00,Admitted
P01633,85,Non-Binary,Critical,Acute Myocardial Infarction,10.6,Emergency,U002,F01,2026-08-03 02:00:00,Admitted
P01634,29,Non-Binary,Low,Severe Abdominal Pain,2.6,Emergency,U007,F02,2026-08-29 16:00:00,Discharged
P01635,7,Non-Binary,Low,Congenital Heart Defect,2.8,Pediatrics,U004,F01,2026-08-11 08:00:00,Transfer Approved
P01636,25,Non-Binary,High,Stroke,8.2,Emergency,U007,F02,2026-08-26 11:00:00,Admitted
P01637,30,Female,Low,Pneumonia,3.0,Med-Surg,U003,F01,2026-08-08 14:00:00,Pending Transfer
P01638,53,Female,High,Post-Operative Recovery,6.6,Med-Surg,U013,F03,2026-08-30 11:00:00,Pending Transfer
P01639,84,Female,Medium,Septic Shock,4.4,ICU,U001,F01,2026-08-19 04:00:00,Pending Transfer
P01640,69,Male,Low,Severe Abdominal Pain,2.8,Emergency,U012,F03,2026-08-20 08:00:00,Admitted
P01641,37,Female,High,Tumor Lysis Syndrome,5.9,Oncology,U010,F02,2026-08-17 04:00:00,Admitted
P01642,74,Female,High,Acute Myocardial Infarction,8.2,Emergency,U007,F02,2026-08-01 05:00:00,Discharged
P01643,16,Female,Medium,Multi-organ Dysfunction,5.0,ICU,U011,F03,2026-08-16 23:00:00,Admitted
P01644,13,Male,High,Post-Operative Recovery,8.0,Emergency,U003,F01,2026-08-03 04:00:00,Admitted
P01645,66,Non-Binary,Low,Post-Cardiac Arrest,3.3,ICU,U011,F03,2026-08-13 22:00:00,Pending Transfer
P01646,72,Male,Critical,Multi-organ Dysfunction,9.2,ICU,U006,F02,2026-08-29 10:00:00,Admitted
P01647,76,Non-Binary,Low,Polytrauma,3.5,Med-Surg,U012,F03,2026-08-31 14:00:00,Admitted
P01648,53,Non-Binary,Medium,Cellulitis,5.0,Med-Surg,U008,F02,2026-08-25 15:00:00,Pending Transfer
P01649,90,Male,Medium,Diabetes Complications,4.9,Med-Surg,U008,F02,2026-08-27 16:00:00,Admitted
P01650,11,Male,High,Polytrauma,7.3,Emergency,U002,F01,2026-08-21 14:00:00,Admitted
P01651,49,Female,Critical,Cellulitis,9.5,Med-Surg,U003,F01,2026-08-09 03:00:00,Pending Transfer
P01652,30,Female,Medium,Post-Cardiac Arrest,4.2,ICU,U006,F02,2026-08-29 16:00:00,Admitted
P01653,75,Non-Binary,Low,Post-Cardiac Arrest,2.1,ICU,U011,F03,2026-08-25 05:00:00,Admitted
P01654,19,Male,Critical,Bronchiolitis,10.9,Pediatrics,U009,F02,2026-08-29 19:00:00,Admitted
P01655,41,Male,Medium,Pneumonia,10.1,Med-Surg,U013,F03,2026-08-09 15:00:00,Pending Transfer
P01656,57,Male,High,Bronchiolitis,6.4,Pediatrics,U014,F03,2026-08-20 03:00:00,Admitted
P01657,30,Non-Binary,Low,Stroke,1.8,Emergency,U012,F03,2026-08-27 16:00:00,Pending Transfer
P01658,22,Male,Low,Acute Respiratory Distress,3.4,ICU,U006,F02,2026-08-26 06:00:00,Admitted
P01659,1,Female,Medium,Polytrauma,4.2,Emergency,U002,F01,2026-08-31 18:00:00,Admitted
P01660,55,Non-Binary,Medium,Cellulitis,4.5,Med-Surg,U003,F01,2026-08-10 03:00:00,Admitted
P01661,92,Non-Binary,Critical,Pediatric Asthma,10.9,Pediatrics,U004,F01,2026-08-09 02:00:00,Admitted
P01662,18,Female,Medium,Acute Respiratory Distress,5.4,ICU,U011,F03,2026-08-24 07:00:00,Admitted
P01663,10,Female,Low,Bronchiolitis,2.5,Pediatrics,U014,F03,2026-08-21 23:00:00,Admitted
P01664,66,Non-Binary,High,Acute Respiratory Distress,7.6,ICU,U006,F02,2026-08-30 01:00:00,Admitted
P01665,56,Male,Medium,Dehydration,9.5,Pediatrics,U009,F02,2026-08-27 20:00:00,Transfer Approved
P01666,5,Non-Binary,Low,Acute Respiratory Distress,2.0,ICU,U006,F02,2026-08-28 07:00:00,Admitted
P01667,87,Male,High,Pneumonia,6.9,Med-Surg,U003,F01,2026-08-06 23:00:00,Admitted
P01668,64,Female,High,Febrile Neutropenia,6.1,Oncology,U005,F01,2026-08-31 16:00:00,Discharged
P01669,28,Male,Low,Congenital Heart Defect,1.6,Pediatrics,U004,F01,2026-08-07 22:00:00,Admitted
P01670,23,Male,Low,Cellulitis,2.9,Med-Surg,U003,F01,2026-08-21 18:00:00,Admitted
P01671,31,Non-Binary,Medium,Stroke,4.5,Emergency,U012,F03,2026-08-06 09:00:00,Admitted
P01672,30,Female,Medium,Palliative Care,4.5,Oncology,U005,F01,2026-08-20 11:00:00,Admitted
P01673,70,Female,High,Stroke,5.8,Emergency,U007,F02,2026-08-29 09:00:00,Admitted
P01674,54,Female,High,Pneumonia,6.2,Med-Surg,U013,F03,2026-08-06 14:00:00,Admitted
P01675,41,Non-Binary,Low,Chemotherapy Monitoring,2.2,Oncology,U005,F01,2026-08-05 15:00:00,Discharged
P01676,63,Non-Binary,Low,Post-Cardiac Arrest,2.9,Med-Surg,U001,F01,2026-08-17 06:00:00,Transfer Approved
P01677,53,Male,Medium,Multi-organ Dysfunction,4.0,ICU,U001,F01,2026-08-13 14:00:00,Admitted
P01678,55,Female,Low,Tumor Lysis Syndrome,3.3,Oncology,U005,F01,2026-08-24 07:00:00,Admitted
P01679,44,Non-Binary,Medium,Polytrauma,4.1,Emergency,U002,F01,2026-08-19 05:00:00,Admitted
P01680,69,Male,Critical,Polytrauma,13.7,Emergency,U012,F03,2026-08-11 04:00:00,Admitted
P01681,78,Non-Binary,Low,Pediatric Asthma,3.4,Pediatrics,U009,F02,2026-08-03 22:00:00,Admitted
P01682,43,Female,Medium,Acute Respiratory Distress,4.8,ICU,U011,F03,2026-08-12 17:00:00,Admitted
P01683,26,Male,Low,Palliative Care,3.2,Oncology,U005,F01,2026-08-26 05:00:00,Transfer Approved
P01684,48,Female,Medium,Severe Abdominal Pain,3.9,Emergency,U012,F03,2026-08-31 00:00:00,Admitted
P01685,5,Male,Medium,Chemotherapy Monitoring,4.5,Oncology,U005,F01,2026-08-02 05:00:00,Transfer Approved
P01686,37,Female,Medium,Post-Operative Recovery,4.0,Med-Surg,U008,F02,2026-08-08 01:00:00,Admitted
P01687,35,Non-Binary,Medium,Acute Respiratory Distress,5.1,ICU,U006,F02,2026-08-13 04:00:00,Admitted
P01688,35,Male,Medium,Acute Respiratory Distress,3.6,ICU,U006,F02,2026-08-25 23:00:00,Pending Transfer
P01689,54,Male,High,Chemotherapy Monitoring,7.7,Oncology,U005,F01,2026-08-30 04:00:00,Transfer Approved
P01690,13,Non-Binary,Low,Post-Cardiac Arrest,1.9,ICU,U001,F01,2026-08-10 10:00:00,Transfer Approved
P01691,55,Non-Binary,Medium,Post-Operative Recovery,4.1,Med-Surg,U003,F01,2026-08-04 08:00:00,Transfer Approved
P01692,84,Non-Binary,Medium,Palliative Care,4.3,Oncology,U015,F03,2026-08-08 13:00:00,Admitted
P01693,72,Female,High,Post-Cardiac Arrest,6.4,ICU,U006,F02,2026-08-17 07:00:00,Admitted
P01694,49,Male,Low,Post-Cardiac Arrest,3.0,ICU,U011,F03,2026-08-25 17:00:00,Admitted
P01695,92,Male,High,Congenital Heart Defect,6.2,Pediatrics,U009,F02,2026-08-13 07:00:00,Discharged
P01696,58,Female,Low,Palliative Care,2.6,Oncology,U010,F02,2026-08-11 04:00:00,Admitted
P01697,81,Male,Medium,Post-Operative Recovery,4.6,Med-Surg,U003,F01,2026-08-31 15:00:00,Transfer Approved
P01698,76,Male,Low,Acute Respiratory Distress,1.8,ICU,U011,F03,2026-08-16 16:00:00,Discharged
P01699,73,Male,Low,Chemotherapy Monitoring,3.0,Oncology,U010,F02,2026-08-10 23:00:00,Admitted
P01700,44,Male,Low,Polytrauma,2.1,Emergency,U012,F03,2026-08-14 00:00:00,Pending Transfer
P01701,35,Non-Binary,Medium,Bronchiolitis,5.0,Pediatrics,U009,F02,2026-08-18 15:00:00,Admitted
P01702,41,Non-Binary,Medium,Bronchiolitis,4.1,Pediatrics,U009,F02,2026-08-17 17:00:00,Admitted
P01703,11,Male,Medium,Congenital Heart Defect,4.9,Pediatrics,U014,F03,2026-08-25 00:00:00,Admitted
P01704,21,Non-Binary,Medium,Chemotherapy Monitoring,3.8,Oncology,U010,F02,2026-08-04 01:00:00,Pending Transfer
P01705,55,Female,Medium,Acute Myocardial Infarction,4.8,Emergency,U012,F03,2026-08-05 23:00:00,Discharged
P01706,71,Female,Low,Post-Cardiac Arrest,1.5,ICU,U006,F02,2026-08-10 23:00:00,Admitted
P01707,87,Female,Medium,Multi-organ Dysfunction,4.7,ICU,U006,F02,2026-08-21 05:00:00,Admitted
P01708,19,Female,High,Febrile Neutropenia,7.9,Oncology,U005,F01,2026-08-12 16:00:00,Admitted
P01709,78,Female,Low,Severe Abdominal Pain,2.4,Emergency,U007,F02,2026-08-30 23:00:00,Admitted
P01710,18,Male,High,Cellulitis,5.5,Med-Surg,U003,F01,2026-08-05 15:00:00,Pending Transfer
P01711,9,Male,Medium,Dehydration,4.9,Pediatrics,U004,F01,2026-08-04 17:00:00,Admitted
P01712,59,Female,Medium,Chemotherapy Monitoring,8.8,Oncology,U010,F02,2026-08-06 02:00:00,Admitted
P01713,45,Non-Binary,Low,Febrile Neutropenia,2.2,Emergency,U015,F03,2026-08-09 09:00:00,Admitted
P01714,55,Non-Binary,Medium,Pneumonia,4.2,Med-Surg,U008,F02,2026-08-30 08:00:00,Admitted
P01715,72,Non-Binary,Low,Septic Shock,1.7,ICU,U001,F01,2026-08-24 06:00:00,Admitted
P01716,36,Male,Low,Multi-organ Dysfunction,2.6,ICU,U006,F02,2026-08-17 18:00:00,Admitted
P01717,83,Female,Medium,Pneumonia,4.7,Med-Surg,U008,F02,2026-08-20 08:00:00,Admitted
P01718,79,Non-Binary,Critical,Cellulitis,9.7,Emergency,U013,F03,2026-08-07 02:00:00,Admitted
P01719,79,Male,High,Febrile Neutropenia,6.0,Oncology,U010,F02,2026-08-11 02:00:00,Admitted
P01720,7,Male,Low,Congenital Heart Defect,2.4,Pediatrics,U004,F01,2026-08-10 16:00:00,Pending Transfer
P01721,16,Male,High,Palliative Care,6.6,Oncology,U005,F01,2026-08-16 11:00:00,Admitted
P01722,40,Non-Binary,High,Dehydration,7.1,Pediatrics,U014,F03,2026-08-27 06:00:00,Discharged
P01723,22,Non-Binary,Medium,Multi-organ Dysfunction,4.9,ICU,U006,F02,2026-08-18 14:00:00,Admitted
P01724,63,Non-Binary,Low,Pneumonia,2.9,Med-Surg,U003,F01,2026-08-14 20:00:00,Pending Transfer
P01725,45,Male,Medium,Polytrauma,5.2,Emergency,U012,F03,2026-08-25 21:00:00,Transfer Approved
P01726,45,Non-Binary,High,Congenital Heart Defect,6.1,Pediatrics,U004,F01,2026-08-30 06:00:00,Admitted
P01727,49,Female,Medium,Septic Shock,5.4,ICU,U006,F02,2026-08-07 14:00:00,Admitted
P01728,47,Non-Binary,Low,Diabetes Complications,1.5,Med-Surg,U003,F01,2026-08-04 11:00:00,Admitted
P01729,33,Non-Binary,Medium,Chemotherapy Monitoring,4.7,Med-Surg,U005,F01,2026-08-21 15:00:00,Admitted
P01730,51,Male,Medium,Stroke,4.0,Oncology,U007,F02,2026-08-27 00:00:00,Admitted
P01731,92,Female,Medium,Congenital Heart Defect,4.5,Pediatrics,U009,F02,2026-08-28 20:00:00,Admitted
P01732,70,Male,Medium,Pediatric Asthma,4.2,Pediatrics,U009,F02,2026-08-23 04:00:00,Transfer Approved
P01733,91,Non-Binary,Low,Bronchiolitis,3.2,Pediatrics,U004,F01,2026-08-14 03:00:00,Transfer Approved
P01734,8,Female,Medium,Chemotherapy Monitoring,4.1,Oncology,U005,F01,2026-08-09 06:00:00,Pending Transfer
P01735,84,Non-Binary,Medium,Post-Operative Recovery,4.2,Med-Surg,U013,F03,2026-08-29 10:00:00,Admitted
P01736,91,Male,Medium,Dehydration,4.5,Pediatrics,U014,F03,2026-08-13 13:00:00,Admitted
P01737,86,Non-Binary,Critical,Chemotherapy Monitoring,8.9,Oncology,U010,F02,2026-08-17 04:00:00,Admitted
P01738,35,Male,Medium,Septic Shock,4.4,ICU,U001,F01,2026-08-07 22:00:00,Discharged
P01739,65,Female,High,Septic Shock,7.4,ICU,U001,F01,2026-08-31 00:00:00,Admitted
P01740,40,Female,Low,Stroke,1.7,Emergency,U012,F03,2026-08-27 22:00:00,Admitted
P01741,12,Non-Binary,Medium,Severe Abdominal Pain,3.7,Emergency,U002,F01,2026-08-06 23:00:00,Admitted
P01742,12,Male,Medium,Dehydration,4.7,Pediatrics,U014,F03,2026-08-25 05:00:00,Admitted
P01743,2,Male,Low,Tumor Lysis Syndrome,2.4,Oncology,U005,F01,2026-08-31 07:00:00,Admitted
P01744,40,Non-Binary,Low,Septic Shock,3.0,ICU,U001,F01,2026-08-10 01:00:00,Admitted
P01745,49,Non-Binary,Low,Pneumonia,1.9,Med-Surg,U008,F02,2026-08-11 13:00:00,Pending Transfer
P01746,29,Male,Low,Tumor Lysis Syndrome,3.3,Oncology,U005,F01,2026-08-10 08:00:00,Pending Transfer
P01747,90,Female,Medium,Tumor Lysis Syndrome,3.7,Oncology,U015,F03,2026-08-12 11:00:00,Admitted
P01748,83,Non-Binary,High,Congenital Heart Defect,8.0,Pediatrics,U004,F01,2026-08-06 01:00:00,Admitted
P01749,75,Female,Medium,Bronchiolitis,4.6,Pediatrics,U014,F03,2026-08-23 13:00:00,Admitted
P01750,45,Non-Binary,Low,Tumor Lysis Syndrome,1.9,Oncology,U015,F03,2026-08-17 17:00:00,Admitted
P01751,35,Male,Critical,Acute Myocardial Infarction,9.9,Emergency,U007,F02,2026-08-02 03:00:00,Admitted
P01752,67,Non-Binary,Medium,Bronchiolitis,4.5,Pediatrics,U014,F03,2026-08-11 11:00:00,Admitted
P01753,73,Female,Medium,Post-Operative Recovery,4.1,Med-Surg,U013,F03,2026-08-12 00:00:00,Admitted
P01754,21,Female,Low,Post-Cardiac Arrest,2.2,ICU,U011,F03,2026-08-04 05:00:00,Admitted
P01755,46,Female,Low,Febrile Neutropenia,2.4,Oncology,U010,F02,2026-08-01 14:00:00,Admitted
P01756,79,Female,Critical,Cellulitis,12.5,Med-Surg,U013,F03,2026-08-08 08:00:00,Admitted
P01757,48,Non-Binary,Medium,Multi-organ Dysfunction,4.5,ICU,U001,F01,2026-08-02 07:00:00,Admitted
P01758,65,Male,Medium,Post-Cardiac Arrest,4.4,ICU,U001,F01,2026-08-19 12:00:00,Admitted
P01759,76,Male,Low,Acute Myocardial Infarction,2.5,Emergency,U002,F01,2026-08-29 19:00:00,Admitted
P01760,90,Non-Binary,Medium,Septic Shock,5.4,ICU,U006,F02,2026-08-05 04:00:00,Admitted
P01761,85,Female,Critical,Chemotherapy Monitoring,13.8,Oncology,U010,F02,2026-08-25 04:00:00,Transfer Approved
P01762,45,Female,Low,Congenital Heart Defect,1.8,Emergency,U004,F01,2026-08-07 05:00:00,Admitted
P01763,39,Female,Medium,Polytrauma,3.9,Emergency,U002,F01,2026-08-14 02:00:00,Pending Transfer
P01764,32,Male,Low,Tumor Lysis Syndrome,1.5,Oncology,U015,F03,2026-08-04 15:00:00,Admitted
P01765,71,Non-Binary,Critical,Cellulitis,12.3,Med-Surg,U008,F02,2026-08-22 12:00:00,Admitted
P01766,60,Non-Binary,Medium,Bronchiolitis,5.0,Emergency,U004,F01,2026-08-11 04:00:00,Admitted
P01767,52,Female,High,Stroke,8.0,Emergency,U007,F02,2026-08-14 19:00:00,Admitted
P01768,51,Non-Binary,Medium,Pediatric Asthma,4.2,Pediatrics,U004,F01,2026-08-19 00:00:00,Pending Transfer
P01769,29,Non-Binary,Low,Bronchiolitis,3.0,Pediatrics,U009,F02,2026-08-11 16:00:00,Admitted
P01770,1,Non-Binary,Low,Severe Abdominal Pain,3.3,Emergency,U007,F02,2026-08-05 15:00:00,Pending Transfer
P01771,25,Male,Medium,Febrile Neutropenia,4.1,Pediatrics,U015,F03,2026-08-21 05:00:00,Admitted
P01772,55,Male,Medium,Tumor Lysis Syndrome,4.5,Oncology,U005,F01,2026-08-16 01:00:00,Admitted
P01773,34,Female,High,Septic Shock,6.0,ICU,U006,F02,2026-08-27 03:00:00,Admitted
P01774,60,Male,Low,Multi-organ Dysfunction,2.9,ICU,U001,F01,2026-08-28 12:00:00,Pending Transfer
P01775,2,Male,Medium,Stroke,3.8,Emergency,U012,F03,2026-08-22 14:00:00,Transfer Approved
P01776,2,Female,Low,Cellulitis,2.5,Pediatrics,U013,F03,2026-08-09 23:00:00,Discharged
P01777,82,Male,Low,Congenital Heart Defect,2.5,Pediatrics,U014,F03,2026-08-23 10:00:00,Admitted
P01778,69,Female,Medium,Polytrauma,5.1,Emergency,U002,F01,2026-08-18 12:00:00,Admitted
P01779,87,Male,Medium,Diabetes Complications,3.5,Med-Surg,U008,F02,2026-08-23 18:00:00,Discharged
P01780,34,Male,Low,Cellulitis,2.5,Med-Surg,U008,F02,2026-08-02 03:00:00,Admitted
P01781,63,Female,High,Pneumonia,5.7,Med-Surg,U013,F03,2026-08-12 08:00:00,Admitted
P01782,55,Female,High,Stroke,7.8,Med-Surg,U002,F01,2026-08-06 09:00:00,Pending Transfer
P01783,46,Female,Low,Post-Operative Recovery,2.4,Med-Surg,U008,F02,2026-08-02 19:00:00,Admitted
P01784,15,Female,Medium,Pediatric Asthma,4.6,Pediatrics,U004,F01,2026-08-06 02:00:00,Pending Transfer
P01785,69,Male,High,Febrile Neutropenia,7.7,Oncology,U010,F02,2026-08-14 08:00:00,Admitted
P01786,45,Female,Low,Diabetes Complications,3.3,Med-Surg,U013,F03,2026-08-30 23:00:00,Pending Transfer
P01787,68,Non-Binary,High,Severe Abdominal Pain,5.6,Emergency,U012,F03,2026-08-02 04:00:00,Admitted
P01788,78,Non-Binary,Low,Chemotherapy Monitoring,2.3,Oncology,U010,F02,2026-08-03 10:00:00,Transfer Approved
P01789,82,Non-Binary,Critical,Stroke,10.8,Med-Surg,U007,F02,2026-08-24 20:00:00,Admitted
P01790,11,Female,Medium,Polytrauma,5.1,Emergency,U007,F02,2026-08-10 19:00:00,Admitted
P01791,66,Non-Binary,Medium,Septic Shock,4.9,Oncology,U001,F01,2026-08-16 06:00:00,Transfer Approved
P01792,56,Female,Critical,Diabetes Complications,10.0,Med-Surg,U013,F03,2026-08-20 12:00:00,Admitted
P01793,24,Non-Binary,Low,Tumor Lysis Syndrome,2.0,Oncology,U005,F01,2026-08-01 13:00:00,Pending Transfer
P01794,85,Male,Medium,Tumor Lysis Syndrome,4.0,Oncology,U005,F01,2026-08-21 10:00:00,Discharged
P01795,13,Male,Medium,Bronchiolitis,3.5,Pediatrics,U009,F02,2026-08-03 19:00:00,Admitted
P01796,37,Non-Binary,Medium,Severe Abdominal Pain,4.7,Emergency,U002,F01,2026-08-11 17:00:00,Admitted
P01797,50,Female,Medium,Acute Respiratory Distress,4.2,ICU,U011,F03,2026-08-27 14:00:00,Discharged
P01798,20,Female,High,Severe Abdominal Pain,6.1,Emergency,U007,F02,2026-08-22 12:00:00,Admitted
P01799,33,Female,Low,Post-Operative Recovery,2.8,Med-Surg,U008,F02,2026-08-03 20:00:00,Admitted
P01800,63,Non-Binary,Low,Stroke,1.7,Emergency,U007,F02,2026-08-17 11:00:00,Admitted
P01801,39,Female,Low,Stroke,2.4,Emergency,U002,F01,2026-08-05 19:00:00,Transfer Approved
P01802,75,Male,High,Stroke,7.2,Emergency,U002,F01,2026-08-25 00:00:00,Admitted
P01803,37,Non-Binary,Medium,Post-Cardiac Arrest,5.5,ICU,U006,F02,2026-08-18 04:00:00,Pending Transfer
P01804,49,Non-Binary,Medium,Pediatric Asthma,3.7,Pediatrics,U009,F02,2026-08-04 18:00:00,Pending Transfer
P01805,38,Male,Low,Febrile Neutropenia,3.0,Oncology,U015,F03,2026-08-13 17:00:00,Transfer Approved
P01806,53,Female,High,Febrile Neutropenia,6.8,Oncology,U010,F02,2026-08-11 11:00:00,Admitted
P01807,81,Male,High,Dehydration,7.0,Pediatrics,U004,F01,2026-08-08 12:00:00,Transfer Approved
P01808,64,Female,Low,Multi-organ Dysfunction,3.2,ICU,U001,F01,2026-08-30 05:00:00,Admitted
P01809,52,Female,High,Polytrauma,7.1,Emergency,U012,F03,2026-08-15 20:00:00,Admitted
P01810,23,Non-Binary,Medium,Chemotherapy Monitoring,4.3,Oncology,U010,F02,2026-08-14 13:00:00,Admitted
P01811,25,Non-Binary,Medium,Chemotherapy Monitoring,7.4,Oncology,U010,F02,2026-08-20 16:00:00,Pending Transfer
P01812,11,Non-Binary,Low,Congenital Heart Defect,3.4,Pediatrics,U004,F01,2026-08-08 05:00:00,Admitted
P01813,73,Non-Binary,Medium,Congenital Heart Defect,4.9,Pediatrics,U014,F03,2026-08-01 23:00:00,Admitted
P01814,77,Non-Binary,Low,Palliative Care,2.6,Oncology,U015,F03,2026-08-28 05:00:00,Pending Transfer
P01815,59,Female,Low,Acute Myocardial Infarction,1.9,Emergency,U007,F02,2026-08-30 06:00:00,Transfer Approved
P01816,42,Male,Low,Tumor Lysis Syndrome,1.6,Oncology,U010,F02,2026-08-15 14:00:00,Transfer Approved
P01817,32,Non-Binary,Low,Congenital Heart Defect,3.5,Pediatrics,U009,F02,2026-08-15 16:00:00,Admitted
P01818,83,Male,Medium,Stroke,5.2,Emergency,U007,F02,2026-08-08 14:00:00,Transfer Approved
P01819,9,Male,Medium,Chemotherapy Monitoring,4.9,Oncology,U015,F03,2026-08-17 15:00:00,Admitted
P01820,50,Male,High,Congenital Heart Defect,8.4,Pediatrics,U014,F03,2026-08-18 03:00:00,Admitted
P01821,92,Non-Binary,Medium,Post-Operative Recovery,4.5,Med-Surg,U013,F03,2026-08-02 09:00:00,Discharged
P01822,51,Non-Binary,Low,Polytrauma,2.2,Emergency,U007,F02,2026-08-17 20:00:00,Admitted
P01823,84,Female,Medium,Palliative Care,5.1,Oncology,U015,F03,2026-08-28 08:00:00,Admitted
P01824,75,Male,Low,Bronchiolitis,2.2,Pediatrics,U009,F02,2026-08-05 07:00:00,Admitted
P01825,62,Male,High,Pneumonia,5.8,Med-Surg,U013,F03,2026-08-03 14:00:00,Admitted
P01826,91,Female,Low,Febrile Neutropenia,3.0,Oncology,U010,F02,2026-08-23 14:00:00,Admitted
P01827,43,Female,High,Tumor Lysis Syndrome,7.2,Oncology,U005,F01,2026-08-25 04:00:00,Admitted
P01828,19,Non-Binary,High,Pneumonia,5.6,Med-Surg,U008,F02,2026-08-19 11:00:00,Admitted
P01829,92,Female,Low,Tumor Lysis Syndrome,3.4,Oncology,U005,F01,2026-08-21 09:00:00,Admitted
P01830,61,Non-Binary,High,Post-Cardiac Arrest,7.5,ICU,U006,F02,2026-08-26 22:00:00,Admitted
P01831,17,Male,Critical,Pneumonia,13.2,Med-Surg,U013,F03,2026-08-08 00:00:00,Admitted
P01832,28,Non-Binary,Low,Dehydration,1.8,Med-Surg,U004,F01,2026-08-24 16:00:00,Admitted
P01833,67,Female,Medium,Severe Abdominal Pain,4.5,Emergency,U007,F02,2026-08-12 20:00:00,Admitted
P01834,20,Non-Binary,Medium,Pneumonia,4.5,Med-Surg,U003,F01,2026-08-30 15:00:00,Admitted
P01835,83,Male,Medium,Severe Abdominal Pain,3.9,Emergency,U002,F01,2026-08-01 21:00:00,Admitted
P01836,9,Female,Medium,Acute Myocardial Infarction,2.1,Emergency,U007,F02,2026-08-09 19:00:00,Pending Transfer
P01837,16,Non-Binary,Low,Septic Shock,2.2,ICU,U006,F02,2026-08-30 20:00:00,Admitted
P01838,2,Non-Binary,Medium,Septic Shock,5.0,ICU,U011,F03,2026-08-02 12:00:00,Admitted
P01839,81,Male,High,Multi-organ Dysfunction,7.0,ICU,U011,F03,2026-08-31 17:00:00,Admitted
P01840,69,Male,Medium,Chemotherapy Monitoring,4.4,Oncology,U015,F03,2026-08-08 08:00:00,Pending Transfer
P01841,24,Non-Binary,Medium,Diabetes Complications,4.0,Med-Surg,U008,F02,2026-08-06 01:00:00,Admitted
P01842,78,Female,High,Multi-organ Dysfunction,5.8,ICU,U001,F01,2026-08-27 02:00:00,Admitted
P01843,17,Non-Binary,Medium,Tumor Lysis Syndrome,3.6,Oncology,U015,F03,2026-08-19 18:00:00,Admitted
P01844,62,Female,Critical,Polytrauma,11.5,Emergency,U012,F03,2026-08-11 20:00:00,Admitted
P01845,10,Male,Medium,Cellulitis,5.8,Emergency,U003,F01,2026-08-04 17:00:00,Admitted
P01846,76,Male,Medium,Severe Abdominal Pain,4.1,Pediatrics,U007,F02,2026-08-28 03:00:00,Admitted
P01847,57,Non-Binary,Low,Diabetes Complications,2.7,Med-Surg,U008,F02,2026-08-25 14:00:00,Admitted
P01848,1,Female,Medium,Severe Abdominal Pain,4.7,Emergency,U012,F03,2026-08-06 10:00:00,Admitted
P01849,65,Female,Medium,Multi-organ Dysfunction,4.5,ICU,U011,F03,2026-08-28 17:00:00,Admitted
P01850,32,Female,Critical,Stroke,12.2,Emergency,U007,F02,2026-08-21 14:00:00,Admitted
P01851,15,Male,High,Congenital Heart Defect,5.5,Pediatrics,U004,F01,2026-08-17 15:00:00,Admitted
P01852,64,Male,High,Bronchiolitis,5.7,Pediatrics,U014,F03,2026-08-10 03:00:00,Admitted
P01853,57,Female,Low,Bronchiolitis,1.9,Pediatrics,U009,F02,2026-08-08 06:00:00,Admitted
P01854,40,Non-Binary,Low,Pneumonia,2.1,Med-Surg,U003,F01,2026-08-04 21:00:00,Admitted
P01855,39,Non-Binary,Low,Febrile Neutropenia,2.6,Oncology,U010,F02,2026-08-06 06:00:00,Admitted
P01856,51,Male,High,Febrile Neutropenia,7.3,Oncology,U015,F03,2026-08-31 16:00:00,Pending Transfer
P01857,61,Non-Binary,High,Palliative Care,7.8,Oncology,U005,F01,2026-08-30 08:00:00,Admitted
P01858,61,Female,Medium,Stroke,1.8,Emergency,U012,F03,2026-08-12 23:00:00,Pending Transfer
P01859,41,Female,Medium,Tumor Lysis Syndrome,4.4,Oncology,U015,F03,2026-08-14 00:00:00,Pending Transfer
P01860,52,Male,Low,Palliative Care,2.2,Oncology,U015,F03,2026-08-15 08:00:00,Discharged
P01861,3,Non-Binary,Critical,Septic Shock,9.6,ICU,U006,F02,2026-08-10 11:00:00,Admitted
P01862,4,Female,Medium,Severe Abdominal Pain,5.1,Emergency,U007,F02,2026-08-18 23:00:00,Transfer Approved
P01863,26,Male,High,Cellulitis,8.1,Med-Surg,U008,F02,2026-08-08 05:00:00,Admitted
P01864,42,Non-Binary,Low,Congenital Heart Defect,3.4,Pediatrics,U014,F03,2026-08-31 01:00:00,Admitted
P01865,85,Female,High,Cellulitis,6.2,Med-Surg,U003,F01,2026-08-19 12:00:00,Transfer Approved
P01866,8,Male,Medium,Polytrauma,4.8,Emergency,U012,F03,2026-08-12 14:00:00,Discharged
P01867,37,Male,High,Congenital Heart Defect,5.9,Pediatrics,U014,F03,2026-08-11 23:00:00,Admitted
P01868,53,Male,Low,Diabetes Complications,2.7,Med-Surg,U003,F01,2026-08-18 02:00:00,Pending Transfer
P01869,57,Male,Low,Pneumonia,2.6,Med-Surg,U013,F03,2026-08-09 17:00:00,Pending Transfer
P01870,68,Female,Low,Acute Respiratory Distress,1.8,ICU,U011,F03,2026-08-28 22:00:00,Admitted
P01871,92,Non-Binary,Critical,Pneumonia,13.8,Med-Surg,U008,F02,2026-08-25 14:00:00,Transfer Approved
P01872,28,Male,Low,Tumor Lysis Syndrome,2.4,Oncology,U005,F01,2026-08-11 06:00:00,Admitted
P01873,87,Non-Binary,Medium,Stroke,4.0,Emergency,U002,F01,2026-08-01 04:00:00,Transfer Approved
P01874,16,Non-Binary,Medium,Cellulitis,2.4,Med-Surg,U003,F01,2026-08-26 01:00:00,Admitted
P01875,68,Male,Medium,Pneumonia,3.5,Med-Surg,U013,F03,2026-08-02 16:00:00,Admitted
P01876,42,Non-Binary,Critical,Cellulitis,10.1,Med-Surg,U003,F01,2026-08-03 23:00:00,Admitted
P01877,10,Non-Binary,Medium,Polytrauma,5.4,Emergency,U002,F01,2026-08-18 05:00:00,Admitted
P01878,66,Male,High,Severe Abdominal Pain,7.3,Emergency,U012,F03,2026-08-25 02:00:00,Discharged
P01879,88,Female,Medium,Stroke,4.4,Emergency,U007,F02,2026-08-24 04:00:00,Discharged
P01880,84,Female,Low,Chemotherapy Monitoring,1.9,Oncology,U010,F02,2026-08-15 16:00:00,Admitted
P01881,89,Non-Binary,Low,Severe Abdominal Pain,3.3,Emergency,U002,F01,2026-08-10 00:00:00,Admitted
P01882,80,Female,High,Post-Operative Recovery,5.5,Med-Surg,U003,F01,2026-08-05 08:00:00,Pending Transfer
P01883,29,Non-Binary,Critical,Stroke,11.4,Emergency,U012,F03,2026-08-07 18:00:00,Admitted
P01884,46,Non-Binary,Low,Febrile Neutropenia,1.9,Oncology,U005,F01,2026-08-10 05:00:00,Transfer Approved
P01885,13,Male,Medium,Pediatric Asthma,5.1,Pediatrics,U014,F03,2026-08-31 02:00:00,Admitted
P01886,42,Female,Low,Acute Myocardial Infarction,2.8,Emergency,U012,F03,2026-08-06 13:00:00,Admitted
P01887,35,Male,High,Acute Myocardial Infarction,7.8,Pediatrics,U002,F01,2026-08-04 12:00:00,Discharged
P01888,4,Female,Medium,Febrile Neutropenia,4.3,Oncology,U015,F03,2026-08-13 06:00:00,Admitted
P01889,27,Female,High,Polytrauma,5.8,Emergency,U002,F01,2026-08-30 18:00:00,Admitted
P01890,67,Male,Medium,Acute Myocardial Infarction,5.0,Emergency,U002,F01,2026-08-16 23:00:00,Admitted
P01891,78,Female,Medium,Multi-organ Dysfunction,4.3,ICU,U006,F02,2026-08-03 16:00:00,Pending Transfer
P01892,47,Female,Low,Tumor Lysis Syndrome,2.5,Oncology,U010,F02,2026-08-01 00:00:00,Admitted
P01893,49,Female,Medium,Congenital Heart Defect,5.4,Pediatrics,U014,F03,2026-08-12 09:00:00,Admitted
P01894,9,Female,Low,Pneumonia,2.0,Med-Surg,U008,F02,2026-08-21 20:00:00,Admitted
P01895,50,Female,Medium,Post-Operative Recovery,4.5,Med-Surg,U003,F01,2026-08-21 10:00:00,Admitted
P01896,6,Male,Critical,Diabetes Complications,9.5,Oncology,U003,F01,2026-08-05 04:00:00,Admitted
P01897,89,Female,Medium,Acute Respiratory Distress,3.6,ICU,U001,F01,2026-08-28 23:00:00,Admitted
P01898,85,Female,High,Multi-organ Dysfunction,7.4,ICU,U006,F02,2026-08-14 05:00:00,Admitted
P01899,23,Non-Binary,Low,Acute Myocardial Infarction,3.0,Emergency,U012,F03,2026-08-06 11:00:00,Admitted
P01900,15,Male,Critical,Chemotherapy Monitoring,11.2,Oncology,U015,F03,2026-08-21 11:00:00,Discharged
P01901,34,Non-Binary,Medium,Stroke,3.6,ICU,U007,F02,2026-08-29 15:00:00,Admitted
P01902,5,Non-Binary,Low,Acute Myocardial Infarction,3.3,Pediatrics,U007,F02,2026-08-25 19:00:00,Admitted
P01903,68,Male,Critical,Acute Myocardial Infarction,9.1,Emergency,U007,F02,2026-08-08 02:00:00,Pending Transfer
P01904,54,Male,High,Polytrauma,8.4,Emergency,U007,F02,2026-08-14 17:00:00,Admitted
P01905,57,Male,High,Chemotherapy Monitoring,6.4,Oncology,U015,F03,2026-08-29 08:00:00,Admitted
P01906,17,Female,Medium,Pneumonia,5.4,Med-Surg,U013,F03,2026-08-04 15:00:00,Admitted
P01907,64,Non-Binary,Low,Diabetes Complications,1.8,Med-Surg,U013,F03,2026-08-26 04:00:00,Admitted
P01908,29,Non-Binary,Low,Post-Operative Recovery,3.0,Med-Surg,U003,F01,2026-08-10 19:00:00,Transfer Approved
P01909,14,Male,Medium,Diabetes Complications,4.0,Med-Surg,U003,F01,2026-08-10 10:00:00,Admitted
P01910,91,Female,Low,Pneumonia,3.0,Med-Surg,U008,F02,2026-08-14 11:00:00,Transfer Approved
P01911,85,Male,Low,Polytrauma,3.0,Emergency,U012,F03,2026-08-21 01:00:00,Admitted
P01912,26,Male,Low,Acute Respiratory Distress,1.8,Emergency,U006,F02,2026-08-06 12:00:00,Admitted
P01913,42,Male,High,Severe Abdominal Pain,7.0,Emergency,U007,F02,2026-08-21 18:00:00,Admitted
P01914,52,Female,Medium,Acute Myocardial Infarction,2.4,Emergency,U002,F01,2026-08-15 03:00:00,Pending Transfer
P01915,36,Non-Binary,Low,Stroke,2.2,Emergency,U002,F01,2026-08-09 10:00:00,Transfer Approved
P01916,63,Non-Binary,Medium,Palliative Care,4.8,Oncology,U010,F02,2026-08-11 16:00:00,Admitted
P01917,34,Male,Medium,Dehydration,4.4,Oncology,U004,F01,2026-08-05 03:00:00,Admitted
P01918,30,Female,Medium,Pediatric Asthma,3.7,Pediatrics,U004,F01,2026-08-05 11:00:00,Admitted
P01919,40,Female,High,Post-Cardiac Arrest,7.2,ICU,U011,F03,2026-08-31 16:00:00,Transfer Approved
P01920,24,Female,Low,Bronchiolitis,1.8,Pediatrics,U009,F02,2026-08-25 00:00:00,Admitted
P01921,26,Non-Binary,Critical,Tumor Lysis Syndrome,11.4,Oncology,U015,F03,2026-08-19 16:00:00,Admitted
P01922,68,Male,Low,Multi-organ Dysfunction,2.6,ICU,U006,F02,2026-08-17 05:00:00,Pending Transfer
P01923,48,Male,Low,Polytrauma,2.9,Emergency,U012,F03,2026-08-28 19:00:00,Discharged
P01924,29,Non-Binary,Low,Febrile Neutropenia,2.6,Oncology,U015,F03,2026-08-14 06:00:00,Transfer Approved
P01925,36,Male,Low,Severe Abdominal Pain,2.1,Emergency,U012,F03,2026-08-14 15:00:00,Transfer Approved
P01926,60,Female,High,Bronchiolitis,7.7,Pediatrics,U014,F03,2026-08-03 08:00:00,Admitted
P01927,91,Non-Binary,Medium,Stroke,3.9,Emergency,U002,F01,2026-08-20 02:00:00,Admitted
P01928,8,Female,Low,Septic Shock,1.8,ICU,U011,F03,2026-08-25 07:00:00,Admitted
P01929,51,Male,Low,Palliative Care,2.3,Oncology,U015,F03,2026-08-27 11:00:00,Pending Transfer
P01930,10,Male,Medium,Tumor Lysis Syndrome,3.8,Oncology,U005,F01,2026-08-24 23:00:00,Transfer Approved
P01931,75,Non-Binary,High,Diabetes Complications,6.1,Med-Surg,U008,F02,2026-08-09 10:00:00,Admitted
P01932,2,Non-Binary,High,Chemotherapy Monitoring,7.1,Oncology,U005,F01,2026-08-25 20:00:00,Admitted
P01933,77,Female,High,Acute Myocardial Infarction,7.5,Emergency,U007,F02,2026-08-04 17:00:00,Discharged
P01934,79,Female,Low,Bronchiolitis,1.6,Pediatrics,U014,F03,2026-08-30 23:00:00,Admitted
P01935,44,Female,Medium,Chemotherapy Monitoring,4.3,Oncology,U005,F01,2026-08-04 20:00:00,Pending Transfer
P01936,60,Female,Low,Acute Myocardial Infarction,2.5,Emergency,U007,F02,2026-08-26 15:00:00,Admitted
P01937,38,Male,Medium,Post-Operative Recovery,4.5,Med-Surg,U008,F02,2026-08-31 19:00:00,Admitted
P01938,47,Male,Low,Post-Cardiac Arrest,3.2,ICU,U011,F03,2026-08-14 01:00:00,Pending Transfer
P01939,82,Male,Medium,Pneumonia,5.2,Med-Surg,U003,F01,2026-08-29 08:00:00,Transfer Approved
P01940,82,Non-Binary,High,Stroke,6.8,Emergency,U002,F01,2026-08-12 02:00:00,Admitted
P01941,2,Male,Low,Post-Cardiac Arrest,2.0,ICU,U006,F02,2026-08-19 13:00:00,Pending Transfer
P01942,86,Female,Low,Post-Operative Recovery,3.5,Med-Surg,U003,F01,2026-08-16 17:00:00,Admitted
P01943,78,Non-Binary,Critical,Cellulitis,11.8,Med-Surg,U008,F02,2026-08-22 12:00:00,Admitted
P01944,6,Non-Binary,Medium,Polytrauma,4.7,Emergency,U007,F02,2026-08-31 03:00:00,Admitted
P01945,74,Male,Medium,Chemotherapy Monitoring,5.4,Oncology,U005,F01,2026-08-19 21:00:00,Admitted
P01946,91,Non-Binary,Low,Cellulitis,3.1,Med-Surg,U008,F02,2026-08-02 11:00:00,Pending Transfer
P01947,83,Female,Medium,Cellulitis,4.6,Med-Surg,U008,F02,2026-08-31 12:00:00,Pending Transfer
P01948,81,Non-Binary,Critical,Palliative Care,12.2,Oncology,U015,F03,2026-08-06 00:00:00,Pending Transfer
P01949,81,Female,Low,Acute Respiratory Distress,2.1,ICU,U006,F02,2026-08-01 23:00:00,Admitted
P01950,59,Female,Medium,Pneumonia,5.1,Med-Surg,U003,F01,2026-08-31 07:00:00,Admitted
P01951,36,Female,Low,Pediatric Asthma,2.1,Pediatrics,U014,F03,2026-08-21 08:00:00,Discharged
P01952,21,Male,High,Dehydration,7.7,Pediatrics,U009,F02,2026-08-25 05:00:00,Pending Transfer
P01953,64,Male,High,Dehydration,6.6,Pediatrics,U009,F02,2026-08-26 07:00:00,Admitted
P01954,41,Female,High,Post-Operative Recovery,8.2,Pediatrics,U003,F01,2026-08-11 19:00:00,Admitted
P01955,64,Non-Binary,Medium,Acute Myocardial Infarction,5.0,Emergency,U002,F01,2026-08-28 22:00:00,Admitted
P01956,63,Female,Critical,Stroke,12.9,Emergency,U002,F01,2026-08-25 05:00:00,Admitted
P01957,22,Female,Critical,Acute Respiratory Distress,9.1,ICU,U011,F03,2026-08-30 16:00:00,Admitted
P01958,90,Non-Binary,Medium,Tumor Lysis Syndrome,5.0,Oncology,U015,F03,2026-08-13 19:00:00,Pending Transfer
P01959,90,Male,Medium,Acute Myocardial Infarction,3.7,Emergency,U012,F03,2026-08-30 21:00:00,Pending Transfer
P01960,52,Female,Critical,Bronchiolitis,12.4,Pediatrics,U009,F02,2026-08-13 04:00:00,Transfer Approved
P01961,50,Male,Low,Stroke,2.7,Emergency,U007,F02,2026-08-11 07:00:00,Admitted
P01962,57,Male,Low,Septic Shock,2.6,ICU,U011,F03,2026-08-09 00:00:00,Transfer Approved
P01963,64,Male,Medium,Septic Shock,4.0,ICU,U011,F03,2026-08-21 06:00:00,Admitted
P01964,19,Male,High,Multi-organ Dysfunction,6.2,Oncology,U011,F03,2026-08-16 14:00:00,Admitted
P01965,54,Non-Binary,Low,Acute Myocardial Infarction,2.3,Emergency,U002,F01,2026-08-19 12:00:00,Transfer Approved
P01966,81,Non-Binary,Critical,Post-Cardiac Arrest,12.6,ICU,U011,F03,2026-08-12 08:00:00,Admitted
P01967,56,Female,High,Stroke,8.2,Emergency,U007,F02,2026-08-11 17:00:00,Transfer Approved
P01968,46,Male,Medium,Septic Shock,4.1,ICU,U006,F02,2026-08-23 07:00:00,Pending Transfer
P01969,69,Non-Binary,Medium,Febrile Neutropenia,3.7,Oncology,U005,F01,2026-08-17 22:00:00,Pending Transfer
P01970,61,Non-Binary,Critical,Pneumonia,9.1,Med-Surg,U003,F01,2026-08-08 23:00:00,Admitted
P01971,45,Non-Binary,High,Bronchiolitis,6.9,Pediatrics,U004,F01,2026-08-02 14:00:00,Admitted
P01972,80,Female,Critical,Severe Abdominal Pain,11.8,Emergency,U002,F01,2026-08-01 17:00:00,Admitted
P01973,58,Non-Binary,Low,Pediatric Asthma,3.3,Pediatrics,U014,F03,2026-08-23 04:00:00,Admitted
P01974,9,Non-Binary,Medium,Pneumonia,3.6,Med-Surg,U008,F02,2026-08-19 08:00:00,Admitted
P01975,4,Non-Binary,Medium,Palliative Care,4.4,Oncology,U015,F03,2026-08-05 12:00:00,Admitted
P01976,28,Non-Binary,Medium,Congenital Heart Defect,4.1,Pediatrics,U009,F02,2026-08-10 10:00:00,Transfer Approved
P01977,30,Non-Binary,High,Congenital Heart Defect,5.9,Pediatrics,U009,F02,2026-08-22 18:00:00,Admitted
P01978,41,Male,High,Acute Respiratory Distress,7.6,ICU,U011,F03,2026-08-04 02:00:00,Admitted
P01979,79,Male,Medium,Post-Cardiac Arrest,5.0,ICU,U011,F03,2026-08-08 19:00:00,Admitted
P01980,23,Male,Critical,Pediatric Asthma,12.1,Pediatrics,U009,F02,2026-08-04 10:00:00,Admitted
P01981,12,Male,Medium,Severe Abdominal Pain,4.6,Emergency,U002,F01,2026-08-13 13:00:00,Admitted
P01982,49,Non-Binary,Medium,Cellulitis,3.8,Med-Surg,U013,F03,2026-08-04 09:00:00,Admitted
P01983,46,Male,High,Palliative Care,8.1,Oncology,U015,F03,2026-08-06 08:00:00,Admitted
P01984,52,Male,Low,Febrile Neutropenia,2.2,Oncology,U015,F03,2026-08-03 10:00:00,Admitted
P01985,58,Male,Medium,Tumor Lysis Syndrome,3.5,Oncology,U010,F02,2026-08-18 01:00:00,Admitted
P01986,88,Female,Medium,Polytrauma,3.8,Emergency,U002,F01,2026-08-17 00:00:00,Pending Transfer
P01987,1,Female,High,Cellulitis,6.4,Med-Surg,U008,F02,2026-08-19 18:00:00,Admitted
P01988,48,Male,Medium,Febrile Neutropenia,3.9,Oncology,U015,F03,2026-08-06 17:00:00,Admitted
P01989,28,Female,High,Polytrauma,8.1,Emergency,U002,F01,2026-08-20 11:00:00,Admitted
P01990,74,Male,Low,Cellulitis,2.9,Med-Surg,U008,F02,2026-08-06 16:00:00,Admitted
P01991,20,Female,High,Post-Operative Recovery,7.4,Med-Surg,U003,F01,2026-08-29 03:00:00,Pending Transfer
P01992,40,Female,Medium,Chemotherapy Monitoring,4.2,Oncology,U015,F03,2026-08-17 05:00:00,Transfer Approved
P01993,13,Female,Medium,Bronchiolitis,4.7,Pediatrics,U004,F01,2026-08-30 10:00:00,Pending Transfer
P01994,59,Non-Binary,Medium,Severe Abdominal Pain,5.1,Emergency,U002,F01,2026-08-22 17:00:00,Admitted
P01995,9,Female,Medium,Acute Myocardial Infarction,4.2,Emergency,U012,F03,2026-08-27 15:00:00,Admitted
P01996,25,Female,Medium,Chemotherapy Monitoring,4.2,Oncology,U015,F03,2026-08-30 15:00:00,Admitted
P01997,85,Non-Binary,Medium,Polytrauma,5.2,Med-Surg,U012,F03,2026-08-30 16:00:00,Admitted
P01998,73,Non-Binary,Medium,Congenital Heart Defect,5.0,Pediatrics,U004,F01,2026-08-10 10:00:00,Admitted
P01999,18,Female,Medium,Bronchiolitis,4.1,Pediatrics,U004,F01,2026-08-13 13:00:00,Transfer Approved
P02000,49,Male,Low,Congenital Heart Defect,1.5,Pediatrics,U014,F03,2026-08-18 15:00:00,Discharged
P02001,79,Female,Low,Stroke,2.5,Emergency,U012,F03,2026-08-10 21:00:00,Admitted
P02002,90,Male,Medium,Pediatric Asthma,3.9,Oncology,U009,F02,2026-08-24 18:00:00,Admitted
P02003,70,Male,Medium,Stroke,3.0,Emergency,U007,F02,2026-08-02 09:00:00,Pending Transfer
P02004,50,Male,Low,Multi-organ Dysfunction,3.4,Pediatrics,U011,F03,2026-08-24 16:00:00,Transfer Approved
P02005,68,Male,Medium,Multi-organ Dysfunction,4.9,Emergency,U001,F01,2026-08-04 14:00:00,Admitted
P02006,24,Male,Low,Pneumonia,1.6,Med-Surg,U003,F01,2026-08-07 18:00:00,Admitted
P02007,82,Non-Binary,Low,Acute Respiratory Distress,1.6,ICU,U011,F03,2026-08-29 22:00:00,Admitted
P02008,15,Female,High,Polytrauma,8.2,Emergency,U002,F01,2026-08-30 10:00:00,Admitted
P02009,23,Female,Low,Septic Shock,2.2,ICU,U006,F02,2026-08-02 04:00:00,Pending Transfer
P02010,19,Non-Binary,Medium,Bronchiolitis,4.7,Pediatrics,U004,F01,2026-08-30 13:00:00,Pending Transfer
P02011,88,Non-Binary,Low,Pneumonia,1.9,Med-Surg,U008,F02,2026-08-24 08:00:00,Admitted
P02012,53,Non-Binary,High,Chemotherapy Monitoring,6.7,Oncology,U015,F03,2026-08-09 06:00:00,Transfer Approved
P02013,63,Female,Low,Chemotherapy Monitoring,2.8,Oncology,U005,F01,2026-08-23 14:00:00,Admitted
P02014,17,Non-Binary,Low,Febrile Neutropenia,1.6,Oncology,U010,F02,2026-08-06 15:00:00,Admitted
P02015,9,Male,Critical,Multi-organ Dysfunction,9.4,ICU,U001,F01,2026-08-31 21:00:00,Admitted
P02016,92,Non-Binary,Medium,Cellulitis,4.1,Med-Surg,U008,F02,2026-08-28 18:00:00,Discharged
P02017,34,Male,High,Polytrauma,6.7,Emergency,U007,F02,2026-08-07 02:00:00,Pending Transfer
P02018,72,Female,Low,Acute Myocardial Infarction,1.8,Emergency,U002,F01,2026-08-16 15:00:00,Admitted
P02019,14,Male,Medium,Diabetes Complications,3.6,Med-Surg,U008,F02,2026-08-03 22:00:00,Admitted
P02020,9,Male,Medium,Severe Abdominal Pain,4.7,Emergency,U007,F02,2026-08-05 14:00:00,Admitted
P02021,77,Male,Critical,Diabetes Complications,12.7,Med-Surg,U013,F03,2026-08-02 18:00:00,Pending Transfer
P02022,2,Male,Low,Stroke,3.2,Emergency,U002,F01,2026-08-06 11:00:00,Admitted
P02023,60,Male,Medium,Pediatric Asthma,4.3,Pediatrics,U009,F02,2026-08-10 16:00:00,Discharged
P02024,9,Male,Low,Septic Shock,2.8,ICU,U006,F02,2026-08-24 14:00:00,Admitted
P02025,4,Female,Critical,Pediatric Asthma,13.1,Pediatrics,U009,F02,2026-08-10 17:00:00,Admitted
P02026,21,Male,Low,Multi-organ Dysfunction,1.6,ICU,U011,F03,2026-08-14 16:00:00,Pending Transfer
P02027,69,Male,Low,Diabetes Complications,2.9,Med-Surg,U013,F03,2026-08-02 04:00:00,Admitted
P02028,14,Non-Binary,Medium,Bronchiolitis,3.5,ICU,U004,F01,2026-08-27 12:00:00,Admitted
P02029,73,Male,High,Diabetes Complications,7.8,Oncology,U008,F02,2026-08-03 00:00:00,Admitted
P02030,84,Female,Medium,Palliative Care,4.1,Oncology,U005,F01,2026-08-15 23:00:00,Pending Transfer
P02031,31,Non-Binary,Low,Severe Abdominal Pain,2.7,Emergency,U002,F01,2026-08-21 14:00:00,Pending Transfer
P02032,62,Male,High,Severe Abdominal Pain,7.1,Emergency,U012,F03,2026-08-05 09:00:00,Admitted
P02033,82,Non-Binary,Medium,Bronchiolitis,5.4,Pediatrics,U009,F02,2026-08-09 05:00:00,Admitted
P02034,48,Non-Binary,Low,Pediatric Asthma,2.4,Pediatrics,U009,F02,2026-08-02 14:00:00,Discharged
P02035,53,Non-Binary,Low,Bronchiolitis,3.5,Pediatrics,U009,F02,2026-08-21 11:00:00,Admitted
P02036,27,Female,Critical,Congenital Heart Defect,13.4,Pediatrics,U009,F02,2026-08-15 14:00:00,Admitted
P02037,50,Female,Critical,Pneumonia,10.4,Med-Surg,U003,F01,2026-08-05 23:00:00,Admitted
P02038,68,Male,Medium,Bronchiolitis,3.9,Pediatrics,U009,F02,2026-08-07 23:00:00,Admitted
P02039,85,Non-Binary,Medium,Stroke,5.3,Emergency,U002,F01,2026-08-25 13:00:00,Transfer Approved
P02040,48,Non-Binary,Medium,Stroke,3.9,Emergency,U007,F02,2026-08-04 17:00:00,Admitted
P02041,84,Female,Critical,Pneumonia,13.5,Med-Surg,U003,F01,2026-08-28 19:00:00,Pending Transfer
P02042,53,Male,Low,Bronchiolitis,1.9,Pediatrics,U014,F03,2026-08-06 21:00:00,Admitted
P02043,50,Non-Binary,Low,Congenital Heart Defect,1.9,Pediatrics,U014,F03,2026-08-23 06:00:00,Admitted
P02044,50,Non-Binary,Medium,Bronchiolitis,4.0,Pediatrics,U014,F03,2026-08-19 04:00:00,Admitted
P02045,83,Female,High,Bronchiolitis,6.0,Pediatrics,U009,F02,2026-08-08 23:00:00,Admitted
P02046,17,Female,Medium,Dehydration,4.7,Pediatrics,U014,F03,2026-08-17 23:00:00,Admitted
P02047,81,Male,High,Polytrauma,7.9,ICU,U007,F02,2026-08-30 01:00:00,Admitted
P02048,48,Male,High,Tumor Lysis Syndrome,8.3,Oncology,U015,F03,2026-08-24 04:00:00,Admitted
P02049,28,Female,Low,Polytrauma,2.2,Emergency,U007,F02,2026-08-19 14:00:00,Admitted
P02050,61,Female,Medium,Bronchiolitis,4.1,Pediatrics,U004,F01,2026-08-18 05:00:00,Transfer Approved
P02051,20,Male,Low,Severe Abdominal Pain,1.7,Emergency,U007,F02,2026-08-14 05:00:00,Admitted
P02052,72,Non-Binary,Low,Severe Abdominal Pain,2.9,Emergency,U012,F03,2026-08-28 07:00:00,Admitted
P02053,15,Non-Binary,Low,Bronchiolitis,3.3,ICU,U004,F01,2026-08-05 12:00:00,Admitted
P02054,61,Female,Medium,Palliative Care,3.8,Med-Surg,U015,F03,2026-08-30 14:00:00,Pending Transfer
P02055,75,Non-Binary,Medium,Septic Shock,4.4,Pediatrics,U006,F02,2026-08-31 21:00:00,Pending Transfer
P02056,73,Female,High,Pneumonia,8.5,Med-Surg,U008,F02,2026-08-03 05:00:00,Pending Transfer
P02057,18,Non-Binary,Low,Pneumonia,2.9,Med-Surg,U008,F02,2026-08-04 21:00:00,Discharged
P02058,26,Non-Binary,High,Multi-organ Dysfunction,6.4,ICU,U001,F01,2026-08-26 02:00:00,Admitted
P02059,46,Non-Binary,Critical,Post-Cardiac Arrest,8.6,ICU,U011,F03,2026-08-14 05:00:00,Admitted
P02060,47,Female,Low,Acute Myocardial Infarction,2.5,Emergency,U002,F01,2026-08-29 00:00:00,Admitted
P02061,63,Female,High,Septic Shock,5.7,ICU,U011,F03,2026-08-10 08:00:00,Pending Transfer
P02062,58,Female,Critical,Multi-organ Dysfunction,8.7,ICU,U006,F02,2026-08-25 21:00:00,Admitted
P02063,59,Non-Binary,Low,Pediatric Asthma,2.2,Oncology,U004,F01,2026-08-01 23:00:00,Pending Transfer
P02064,74,Male,Low,Dehydration,2.3,Pediatrics,U009,F02,2026-08-13 12:00:00,Admitted
P02065,5,Non-Binary,High,Multi-organ Dysfunction,7.6,ICU,U006,F02,2026-08-26 16:00:00,Admitted
P02066,55,Female,Low,Multi-organ Dysfunction,1.8,ICU,U006,F02,2026-08-09 17:00:00,Transfer Approved
P02067,25,Female,Critical,Dehydration,10.0,Pediatrics,U014,F03,2026-08-30 21:00:00,Admitted
P02068,11,Non-Binary,Low,Dehydration,3.2,Pediatrics,U014,F03,2026-08-01 04:00:00,Transfer Approved
P02069,14,Male,Low,Acute Respiratory Distress,1.9,Oncology,U001,F01,2026-08-26 07:00:00,Admitted
P02070,12,Male,Low,Pediatric Asthma,2.9,Pediatrics,U004,F01,2026-08-11 19:00:00,Pending Transfer
P02071,10,Male,Medium,Cellulitis,4.8,Med-Surg,U008,F02,2026-08-22 03:00:00,Transfer Approved
P02072,79,Male,Low,Pediatric Asthma,2.9,Pediatrics,U014,F03,2026-08-24 02:00:00,Admitted
P02073,24,Male,Critical,Chemotherapy Monitoring,8.5,Oncology,U015,F03,2026-08-08 06:00:00,Transfer Approved
P02074,7,Non-Binary,Low,Polytrauma,2.3,Emergency,U007,F02,2026-08-07 15:00:00,Admitted
P02075,26,Non-Binary,Low,Post-Cardiac Arrest,2.7,ICU,U006,F02,2026-08-10 23:00:00,Admitted
P02076,87,Non-Binary,Medium,Polytrauma,4.4,Emergency,U012,F03,2026-08-03 05:00:00,Admitted
P02077,26,Female,Critical,Febrile Neutropenia,13.3,Oncology,U005,F01,2026-08-07 22:00:00,Admitted
P02078,16,Non-Binary,Medium,Acute Respiratory Distress,3.9,ICU,U011,F03,2026-08-25 07:00:00,Admitted
P02079,21,Female,Low,Dehydration,2.7,Pediatrics,U004,F01,2026-08-10 06:00:00,Transfer Approved
P02080,55,Female,Low,Tumor Lysis Syndrome,3.0,Oncology,U005,F01,2026-08-21 21:00:00,Pending Transfer
P02081,33,Female,Medium,Acute Myocardial Infarction,3.6,Med-Surg,U007,F02,2026-08-29 23:00:00,Admitted
P02082,8,Non-Binary,Low,Palliative Care,1.7,Oncology,U015,F03,2026-08-23 14:00:00,Admitted
P02083,2,Non-Binary,High,Chemotherapy Monitoring,6.5,Oncology,U005,F01,2026-08-30 11:00:00,Pending Transfer
P02084,90,Non-Binary,Medium,Chemotherapy Monitoring,4.6,Oncology,U005,F01,2026-08-11 14:00:00,Admitted
P02085,46,Non-Binary,High,Palliative Care,6.6,Oncology,U005,F01,2026-08-16 10:00:00,Admitted
P02086,70,Non-Binary,Medium,Septic Shock,4.0,ICU,U011,F03,2026-08-23 11:00:00,Admitted
P02087,53,Female,High,Post-Cardiac Arrest,6.5,ICU,U001,F01,2026-08-31 12:00:00,Pending Transfer
P02088,60,Female,High,Congenital Heart Defect,6.0,Pediatrics,U009,F02,2026-08-13 13:00:00,Admitted
P02089,4,Male,High,Dehydration,6.6,Pediatrics,U014,F03,2026-08-05 12:00:00,Admitted
P02090,47,Male,Low,Palliative Care,3.1,Oncology,U015,F03,2026-08-06 04:00:00,Transfer Approved
P02091,76,Male,Critical,Septic Shock,9.0,ICU,U001,F01,2026-08-05 08:00:00,Pending Transfer
P02092,44,Male,Critical,Pediatric Asthma,11.2,Pediatrics,U014,F03,2026-08-27 17:00:00,Admitted
P02093,36,Male,Medium,Diabetes Complications,4.5,Med-Surg,U003,F01,2026-08-14 13:00:00,Admitted
P02094,21,Female,High,Pediatric Asthma,6.6,Pediatrics,U009,F02,2026-08-31 10:00:00,Transfer Approved
P02095,91,Female,Medium,Dehydration,9.3,Pediatrics,U009,F02,2026-08-16 06:00:00,Admitted
P02096,54,Female,Low,Chemotherapy Monitoring,3.4,Oncology,U015,F03,2026-08-11 20:00:00,Admitted
P02097,40,Non-Binary,Medium,Post-Cardiac Arrest,4.7,ICU,U006,F02,2026-08-17 09:00:00,Admitted
P02098,44,Non-Binary,Low,Multi-organ Dysfunction,3.1,ICU,U006,F02,2026-08-12 18:00:00,Admitted
P02099,61,Male,Medium,Chemotherapy Monitoring,4.4,Oncology,U010,F02,2026-08-07 10:00:00,Transfer Approved
P02100,89,Male,Low,Dehydration,2.8,Pediatrics,U009,F02,2026-08-16 08:00:00,Transfer Approved
P02101,72,Female,Low,Dehydration,2.9,Pediatrics,U009,F02,2026-08-31 10:00:00,Admitted
P02102,81,Non-Binary,Medium,Acute Myocardial Infarction,4.9,Emergency,U012,F03,2026-08-27 07:00:00,Discharged
P02103,63,Non-Binary,Medium,Palliative Care,5.3,Oncology,U010,F02,2026-08-29 03:00:00,Admitted
P02104,50,Male,Low,Dehydration,1.7,Pediatrics,U009,F02,2026-08-20 23:00:00,Transfer Approved
P02105,35,Male,Critical,Severe Abdominal Pain,10.6,Emergency,U012,F03,2026-08-25 08:00:00,Admitted
P02106,92,Male,Medium,Pneumonia,5.2,Emergency,U013,F03,2026-08-08 20:00:00,Admitted
P02107,1,Female,Low,Multi-organ Dysfunction,3.1,ICU,U011,F03,2026-08-05 08:00:00,Admitted
P02108,41,Female,Low,Pneumonia,2.7,Med-Surg,U008,F02,2026-08-27 20:00:00,Transfer Approved
P02109,25,Non-Binary,Low,Pediatric Asthma,2.1,Emergency,U014,F03,2026-08-17 16:00:00,Discharged
P02110,37,Male,High,Congenital Heart Defect,6.8,Pediatrics,U009,F02,2026-08-01 09:00:00,Admitted
P02111,34,Male,Low,Bronchiolitis,2.1,Pediatrics,U009,F02,2026-08-03 11:00:00,Admitted
P02112,60,Male,High,Palliative Care,7.4,Oncology,U010,F02,2026-08-20 14:00:00,Pending Transfer
P02113,41,Male,Low,Stroke,2.4,Emergency,U002,F01,2026-08-20 14:00:00,Pending Transfer
P02114,37,Male,Critical,Bronchiolitis,10.3,ICU,U004,F01,2026-08-28 10:00:00,Admitted
P02115,71,Female,Low,Pneumonia,1.8,Med-Surg,U003,F01,2026-08-13 17:00:00,Admitted
P02116,4,Non-Binary,Low,Severe Abdominal Pain,2.8,Emergency,U002,F01,2026-08-11 19:00:00,Admitted
P02117,5,Non-Binary,Low,Pneumonia,2.1,Med-Surg,U013,F03,2026-08-02 16:00:00,Admitted
P02118,8,Non-Binary,Medium,Septic Shock,4.5,ICU,U011,F03,2026-08-05 04:00:00,Admitted
P02119,14,Non-Binary,Medium,Acute Myocardial Infarction,5.4,Emergency,U007,F02,2026-08-25 11:00:00,Admitted
P02120,46,Female,Medium,Chemotherapy Monitoring,4.3,Oncology,U015,F03,2026-08-16 12:00:00,Admitted
P02121,70,Male,Low,Palliative Care,2.8,Oncology,U015,F03,2026-08-05 17:00:00,Admitted
P02122,12,Male,Low,Severe Abdominal Pain,1.8,Emergency,U002,F01,2026-08-28 08:00:00,Admitted
P02123,30,Male,High,Acute Respiratory Distress,7.4,ICU,U006,F02,2026-08-02 20:00:00,Admitted
P02124,90,Male,Medium,Post-Cardiac Arrest,3.6,ICU,U011,F03,2026-08-08 04:00:00,Admitted
P02125,18,Non-Binary,Low,Pneumonia,2.1,Med-Surg,U013,F03,2026-08-22 12:00:00,Discharged
P02126,3,Non-Binary,Low,Pneumonia,2.5,Med-Surg,U008,F02,2026-08-23 13:00:00,Admitted
P02127,71,Male,Medium,Polytrauma,3.9,Emergency,U007,F02,2026-08-19 15:00:00,Pending Transfer
P02128,1,Female,Medium,Polytrauma,4.7,Emergency,U012,F03,2026-08-29 05:00:00,Admitted
P02129,51,Male,Critical,Bronchiolitis,11.4,Pediatrics,U009,F02,2026-08-24 19:00:00,Pending Transfer
P02130,37,Female,Medium,Stroke,4.5,Emergency,U002,F01,2026-08-07 19:00:00,Admitted
P02131,33,Female,High,Septic Shock,6.5,ICU,U001,F01,2026-08-04 20:00:00,Admitted
P02132,37,Female,Medium,Polytrauma,4.4,Emergency,U002,F01,2026-08-22 16:00:00,Transfer Approved
P02133,52,Male,Low,Febrile Neutropenia,1.7,Oncology,U010,F02,2026-08-04 23:00:00,Admitted
P02134,27,Male,Medium,Dehydration,5.2,Pediatrics,U004,F01,2026-08-29 18:00:00,Admitted
P02135,39,Female,Medium,Severe Abdominal Pain,3.6,Emergency,U002,F01,2026-08-19 08:00:00,Admitted
P02136,28,Non-Binary,High,Pediatric Asthma,6.4,Pediatrics,U009,F02,2026-08-06 10:00:00,Admitted
P02137,27,Female,High,Congenital Heart Defect,7.7,Pediatrics,U004,F01,2026-08-13 19:00:00,Discharged
P02138,22,Female,Critical,Post-Cardiac Arrest,11.6,ICU,U011,F03,2026-08-22 07:00:00,Admitted
P02139,10,Non-Binary,High,Post-Operative Recovery,8.2,Med-Surg,U003,F01,2026-08-20 01:00:00,Admitted
P02140,2,Female,Medium,Pediatric Asthma,4.1,Pediatrics,U004,F01,2026-08-19 05:00:00,Pending Transfer
P02141,13,Male,Low,Stroke,1.9,Emergency,U012,F03,2026-08-14 23:00:00,Admitted
P02142,48,Male,Low,Stroke,2.3,ICU,U002,F01,2026-08-29 03:00:00,Pending Transfer
P02143,39,Male,Critical,Tumor Lysis Syndrome,11.25,Oncology,U010,F02,2026-08-26 06:00:00,Admitted
P02144,16,Non-Binary,Critical,Post-Operative Recovery,13.3,Med-Surg,U003,F01,2026-08-06 00:00:00,Admitted
P02145,15,Male,Medium,Febrile Neutropenia,4.4,Oncology,U005,F01,2026-08-23 17:00:00,Transfer Approved
P02146,35,Female,Medium,Pediatric Asthma,4.9,Pediatrics,U009,F02,2026-08-24 22:00:00,Admitted
P02147,20,Male,Low,Acute Respiratory Distress,2.3,ICU,U001,F01,2026-08-02 15:00:00,Transfer Approved
P02148,56,Female,Critical,Post-Cardiac Arrest,9.5,ICU,U011,F03,2026-08-22 02:00:00,Admitted
P02149,36,Non-Binary,Medium,Tumor Lysis Syndrome,4.9,Oncology,U005,F01,2026-08-09 00:00:00,Admitted
P02150,86,Female,Medium,Acute Myocardial Infarction,4.0,Emergency,U002,F01,2026-08-01 20:00:00,Admitted
P02151,6,Non-Binary,Low,Post-Cardiac Arrest,2.6,ICU,U011,F03,2026-08-26 07:00:00,Discharged
P02152,92,Non-Binary,Low,Post-Operative Recovery,2.1,Med-Surg,U013,F03,2026-08-15 15:00:00,Admitted
P02153,70,Male,Low,Dehydration,2.8,Pediatrics,U009,F02,2026-08-18 17:00:00,Transfer Approved
P02154,19,Female,Medium,Pneumonia,4.3,Med-Surg,U013,F03,2026-08-12 14:00:00,Admitted
P02155,45,Female,Medium,Diabetes Complications,5.1,Med-Surg,U013,F03,2026-08-16 21:00:00,Admitted
P02156,70,Female,Low,Dehydration,3.4,Med-Surg,U009,F02,2026-08-29 04:00:00,Admitted
P02157,43,Female,Critical,Congenital Heart Defect,11.0,Pediatrics,U014,F03,2026-08-22 05:00:00,Admitted
P02158,6,Female,Medium,Diabetes Complications,4.7,Med-Surg,U008,F02,2026-08-27 23:00:00,Admitted
P02159,21,Non-Binary,High,Bronchiolitis,8.4,Pediatrics,U004,F01,2026-08-27 22:00:00,Transfer Approved
P02160,51,Male,Low,Palliative Care,3.3,Oncology,U005,F01,2026-08-18 01:00:00,Pending Transfer
P02161,67,Male,Low,Acute Respiratory Distress,2.0,ICU,U001,F01,2026-08-31 05:00:00,Admitted
P02162,30,Non-Binary,Low,Multi-organ Dysfunction,2.5,ICU,U006,F02,2026-08-27 11:00:00,Pending Transfer
P02163,71,Female,Low,Severe Abdominal Pain,1.9,Emergency,U002,F01,2026-08-14 22:00:00,Admitted
P02164,14,Male,Medium,Palliative Care,3.8,Oncology,U010,F02,2026-08-25 06:00:00,Discharged
P02165,92,Male,Low,Post-Operative Recovery,2.5,Med-Surg,U013,F03,2026-08-23 09:00:00,Admitted
P02166,31,Female,Medium,Multi-organ Dysfunction,5.2,ICU,U001,F01,2026-08-04 06:00:00,Discharged
P02167,4,Male,Critical,Acute Respiratory Distress,10.1,ICU,U006,F02,2026-08-27 21:00:00,Admitted
P02168,10,Male,Medium,Tumor Lysis Syndrome,4.4,Oncology,U005,F01,2026-08-31 11:00:00,Admitted
P02169,48,Female,Low,Polytrauma,2.9,Emergency,U007,F02,2026-08-13 11:00:00,Admitted
P02170,27,Female,Low,Severe Abdominal Pain,2.7,Emergency,U007,F02,2026-08-21 19:00:00,Transfer Approved
P02171,76,Male,High,Cellulitis,8.4,Med-Surg,U008,F02,2026-08-12 00:00:00,Discharged
P02172,33,Non-Binary,Medium,Palliative Care,5.2,Oncology,U010,F02,2026-08-18 03:00:00,Admitted
P02173,55,Non-Binary,Low,Tumor Lysis Syndrome,3.4,Oncology,U015,F03,2026-08-01 12:00:00,Admitted
P02174,5,Female,Medium,Pediatric Asthma,4.4,Pediatrics,U014,F03,2026-08-03 07:00:00,Admitted
P02175,92,Non-Binary,Low,Polytrauma,2.4,Emergency,U012,F03,2026-08-08 19:00:00,Discharged
P02176,61,Male,Critical,Stroke,10.2,Emergency,U007,F02,2026-08-28 14:00:00,Admitted
P02177,28,Non-Binary,Medium,Palliative Care,1.7,Oncology,U010,F02,2026-08-19 21:00:00,Admitted
P02178,4,Non-Binary,Critical,Palliative Care,8.9,Oncology,U010,F02,2026-08-09 22:00:00,Admitted
P02179,73,Female,Low,Acute Respiratory Distress,2.0,ICU,U006,F02,2026-08-17 15:00:00,Pending Transfer
P02180,23,Female,Medium,Dehydration,8.1,Oncology,U004,F01,2026-08-11 13:00:00,Transfer Approved
P02181,15,Non-Binary,Low,Septic Shock,3.4,Pediatrics,U011,F03,2026-08-16 07:00:00,Admitted
P02182,1,Female,High,Bronchiolitis,7.8,Emergency,U014,F03,2026-08-08 10:00:00,Pending Transfer
P02183,88,Non-Binary,Medium,Palliative Care,4.0,Oncology,U005,F01,2026-08-23 03:00:00,Admitted
P02184,13,Male,Medium,Bronchiolitis,3.8,Pediatrics,U004,F01,2026-08-20 18:00:00,Admitted
P02185,4,Female,Medium,Palliative Care,4.2,Oncology,U010,F02,2026-08-01 22:00:00,Admitted
P02186,68,Non-Binary,High,Tumor Lysis Syndrome,7.4,Oncology,U005,F01,2026-08-16 01:00:00,Admitted
P02187,36,Female,Medium,Cellulitis,3.6,Med-Surg,U003,F01,2026-08-16 12:00:00,Admitted
P02188,65,Male,Low,Septic Shock,1.7,ICU,U011,F03,2026-08-19 05:00:00,Admitted
P02189,86,Male,Medium,Congenital Heart Defect,4.8,Pediatrics,U004,F01,2026-08-18 08:00:00,Pending Transfer
P02190,62,Male,High,Febrile Neutropenia,7.2,Oncology,U010,F02,2026-08-02 07:00:00,Pending Transfer
P02191,26,Male,High,Pneumonia,5.9,Med-Surg,U008,F02,2026-08-01 11:00:00,Transfer Approved
P02192,8,Non-Binary,Low,Pediatric Asthma,1.7,Pediatrics,U009,F02,2026-08-19 16:00:00,Admitted
P02193,2,Female,Medium,Septic Shock,4.1,ICU,U001,F01,2026-08-16 06:00:00,Pending Transfer
P02194,25,Non-Binary,Medium,Cellulitis,4.5,Med-Surg,U013,F03,2026-08-06 12:00:00,Pending Transfer
P02195,71,Non-Binary,Low,Chemotherapy Monitoring,1.8,Oncology,U010,F02,2026-08-17 04:00:00,Admitted
P02196,9,Female,Medium,Chemotherapy Monitoring,7.2,Oncology,U005,F01,2026-08-25 13:00:00,Admitted
P02197,81,Female,High,Bronchiolitis,8.0,Pediatrics,U014,F03,2026-08-25 13:00:00,Admitted
P02198,6,Female,High,Congenital Heart Defect,5.6,Pediatrics,U014,F03,2026-08-30 11:00:00,Transfer Approved
P02199,51,Female,Low,Septic Shock,3.0,ICU,U001,F01,2026-08-20 16:00:00,Admitted
P02200,53,Non-Binary,Medium,Septic Shock,4.0,ICU,U006,F02,2026-08-16 02:00:00,Admitted
P02201,56,Non-Binary,Medium,Acute Respiratory Distress,4.3,ICU,U011,F03,2026-08-23 04:00:00,Admitted
P02202,83,Male,High,Multi-organ Dysfunction,6.3,ICU,U006,F02,2026-08-21 10:00:00,Admitted
P02203,48,Non-Binary,Medium,Stroke,5.3,Emergency,U007,F02,2026-08-16 16:00:00,Admitted
P02204,63,Female,High,Septic Shock,6.9,Pediatrics,U011,F03,2026-08-11 17:00:00,Admitted
P02205,67,Non-Binary,Low,Polytrauma,2.0,Emergency,U002,F01,2026-08-09 09:00:00,Pending Transfer
P02206,77,Non-Binary,Low,Bronchiolitis,2.1,Pediatrics,U014,F03,2026-08-30 07:00:00,Admitted
P02207,73,Male,Low,Multi-organ Dysfunction,3.4,ICU,U001,F01,2026-08-11 16:00:00,Transfer Approved
P02208,87,Female,Medium,Stroke,4.0,Emergency,U007,F02,2026-08-22 06:00:00,Pending Transfer
P02209,79,Male,Medium,Pneumonia,3.9,Med-Surg,U013,F03,2026-08-23 17:00:00,Admitted
P02210,71,Female,Medium,Bronchiolitis,5.1,Pediatrics,U004,F01,2026-08-06 03:00:00,Discharged
P02211,38,Non-Binary,Medium,Acute Myocardial Infarction,3.9,Emergency,U007,F02,2026-08-27 10:00:00,Admitted
P02212,24,Non-Binary,Low,Cellulitis,2.2,Med-Surg,U013,F03,2026-08-23 08:00:00,Admitted
P02213,73,Female,Medium,Pneumonia,3.8,Med-Surg,U008,F02,2026-08-09 03:00:00,Pending Transfer
P02214,49,Non-Binary,Critical,Congenital Heart Defect,8.5,Pediatrics,U009,F02,2026-08-30 08:00:00,Admitted
P02215,64,Female,Medium,Dehydration,4.5,Pediatrics,U009,F02,2026-08-09 01:00:00,Pending Transfer
P02216,55,Non-Binary,High,Post-Cardiac Arrest,7.3,ICU,U006,F02,2026-08-13 10:00:00,Admitted
P02217,16,Male,Critical,Bronchiolitis,9.2,Pediatrics,U009,F02,2026-08-02 01:00:00,Admitted
P02218,9,Female,Medium,Polytrauma,4.6,Emergency,U012,F03,2026-08-26 03:00:00,Admitted
P02219,88,Female,High,Septic Shock,5.6,ICU,U001,F01,2026-08-02 00:00:00,Admitted
P02220,15,Female,High,Stroke,6.4,Emergency,U002,F01,2026-08-08 19:00:00,Transfer Approved
P02221,78,Non-Binary,Low,Stroke,3.4,Emergency,U007,F02,2026-08-08 04:00:00,Admitted
P02222,3,Non-Binary,Medium,Dehydration,5.0,Pediatrics,U014,F03,2026-08-31 12:00:00,Admitted
P02223,27,Non-Binary,Medium,Post-Operative Recovery,5.4,Oncology,U003,F01,2026-08-09 15:00:00,Admitted
P02224,16,Male,Medium,Diabetes Complications,5.2,Med-Surg,U013,F03,2026-08-15 19:00:00,Pending Transfer
P02225,22,Male,High,Septic Shock,6.3,Med-Surg,U011,F03,2026-08-14 18:00:00,Admitted
P02226,77,Female,High,Congenital Heart Defect,6.1,Pediatrics,U004,F01,2026-08-03 13:00:00,Admitted
P02227,92,Female,Low,Severe Abdominal Pain,1.8,Emergency,U012,F03,2026-08-28 19:00:00,Admitted
P02228,49,Male,High,Pneumonia,6.1,Med-Surg,U013,F03,2026-08-14 16:00:00,Admitted
P02229,44,Female,Medium,Pediatric Asthma,4.5,Pediatrics,U014,F03,2026-08-27 14:00:00,Admitted
P02230,78,Male,Medium,Stroke,3.8,Pediatrics,U012,F03,2026-08-06 12:00:00,Pending Transfer
P02231,27,Male,Low,Dehydration,2.2,Pediatrics,U009,F02,2026-08-23 09:00:00,Pending Transfer
P02232,30,Female,Low,Palliative Care,3.4,Oncology,U005,F01,2026-08-19 07:00:00,Admitted
P02233,83,Non-Binary,Critical,Polytrauma,11.0,Emergency,U002,F01,2026-08-13 18:00:00,Admitted
P02234,45,Female,Medium,Post-Cardiac Arrest,3.5,ICU,U006,F02,2026-08-15 13:00:00,Admitted
P02235,12,Female,Low,Multi-organ Dysfunction,2.2,ICU,U011,F03,2026-08-30 08:00:00,Admitted
P02236,62,Male,Low,Bronchiolitis,1.9,Pediatrics,U014,F03,2026-08-17 19:00:00,Pending Transfer
P02237,68,Male,Low,Chemotherapy Monitoring,3.5,Oncology,U015,F03,2026-08-25 07:00:00,Admitted
P02238,12,Non-Binary,Low,Febrile Neutropenia,1.7,Oncology,U010,F02,2026-08-02 08:00:00,Admitted
P02239,11,Non-Binary,Low,Dehydration,2.5,Pediatrics,U004,F01,2026-08-28 13:00:00,Admitted
P02240,36,Male,High,Acute Myocardial Infarction,6.7,Emergency,U012,F03,2026-08-03 07:00:00,Admitted
P02241,12,Non-Binary,Critical,Post-Operative Recovery,11.6,Med-Surg,U013,F03,2026-08-28 23:00:00,Admitted
P02242,23,Female,Low,Severe Abdominal Pain,3.4,Emergency,U002,F01,2026-08-08 00:00:00,Admitted
P02243,26,Non-Binary,Critical,Pediatric Asthma,8.9,Pediatrics,U009,F02,2026-08-27 05:00:00,Admitted
P02244,69,Male,Medium,Severe Abdominal Pain,4.6,Emergency,U002,F01,2026-08-06 04:00:00,Pending Transfer
P02245,69,Male,Critical,Septic Shock,12.8,ICU,U011,F03,2026-08-06 08:00:00,Admitted
P02246,66,Male,Medium,Pediatric Asthma,4.3,Pediatrics,U014,F03,2026-08-16 04:00:00,Admitted
P02247,17,Male,High,Dehydration,7.2,Pediatrics,U014,F03,2026-08-08 14:00:00,Admitted
P02248,23,Non-Binary,Medium,Pediatric Asthma,4.9,Pediatrics,U014,F03,2026-08-20 01:00:00,Transfer Approved
P02249,9,Female,Medium,Acute Myocardial Infarction,3.5,Emergency,U007,F02,2026-08-26 15:00:00,Admitted
P02250,87,Female,Low,Cellulitis,3.3,Med-Surg,U013,F03,2026-08-21 16:00:00,Admitted
P02251,46,Non-Binary,Medium,Severe Abdominal Pain,12.6,Emergency,U007,F02,2026-08-14 05:00:00,Pending Transfer
P02252,65,Female,Medium,Septic Shock,3.1,ICU,U006,F02,2026-08-20 11:00:00,Admitted
P02253,39,Male,Low,Post-Cardiac Arrest,2.3,ICU,U001,F01,2026-08-01 10:00:00,Pending Transfer
P02254,63,Male,Medium,Post-Operative Recovery,3.9,Med-Surg,U013,F03,2026-08-25 04:00:00,Admitted
P02255,58,Non-Binary,Medium,Acute Myocardial Infarction,4.8,Emergency,U012,F03,2026-08-08 04:00:00,Admitted
P02256,3,Male,Medium,Severe Abdominal Pain,4.0,Emergency,U002,F01,2026-08-23 14:00:00,Pending Transfer
P02257,48,Male,Medium,Cellulitis,3.8,Med-Surg,U003,F01,2026-08-08 04:00:00,Admitted
P02258,82,Male,High,Stroke,6.6,Emergency,U007,F02,2026-08-30 12:00:00,Transfer Approved
P02259,84,Female,Medium,Post-Operative Recovery,4.7,Med-Surg,U003,F01,2026-08-17 17:00:00,Admitted
P02260,62,Male,Low,Congenital Heart Defect,1.6,Pediatrics,U009,F02,2026-08-10 16:00:00,Pending Transfer
P02261,22,Male,Medium,Polytrauma,3.8,Emergency,U002,F01,2026-08-09 01:00:00,Admitted
P02262,4,Non-Binary,Medium,Diabetes Complications,4.8,Med-Surg,U008,F02,2026-08-15 12:00:00,Admitted
P02263,43,Non-Binary,Medium,Severe Abdominal Pain,4.2,Emergency,U007,F02,2026-08-12 01:00:00,Admitted
P02264,67,Non-Binary,Low,Pediatric Asthma,3.3,Pediatrics,U014,F03,2026-08-14 16:00:00,Admitted
P02265,5,Non-Binary,Medium,Acute Respiratory Distress,5.5,ICU,U006,F02,2026-08-27 12:00:00,Admitted
P02266,43,Non-Binary,High,Congenital Heart Defect,7.7,Pediatrics,U014,F03,2026-08-05 04:00:00,Admitted
P02267,26,Male,Low,Severe Abdominal Pain,2.5,Emergency,U002,F01,2026-08-02 09:00:00,Admitted
P02268,2,Male,High,Acute Myocardial Infarction,6.8,Emergency,U002,F01,2026-08-26 04:00:00,Admitted
P02269,55,Non-Binary,High,Dehydration,8.5,Pediatrics,U004,F01,2026-08-03 05:00:00,Admitted
P02270,5,Female,Medium,Post-Cardiac Arrest,5.1,ICU,U011,F03,2026-08-30 05:00:00,Admitted
P02271,87,Female,High,Chemotherapy Monitoring,5.7,Oncology,U015,F03,2026-08-29 10:00:00,Admitted
P02272,79,Non-Binary,Medium,Multi-organ Dysfunction,5.2,ICU,U001,F01,2026-08-09 18:00:00,Admitted
P02273,72,Non-Binary,Critical,Multi-organ Dysfunction,12.0,ICU,U001,F01,2026-08-05 21:00:00,Admitted
P02274,88,Non-Binary,Low,Multi-organ Dysfunction,3.1,ICU,U001,F01,2026-08-08 07:00:00,Admitted
P02275,3,Female,High,Severe Abdominal Pain,6.3,Emergency,U007,F02,2026-08-10 15:00:00,Admitted
P02276,52,Male,Low,Tumor Lysis Syndrome,3.1,Oncology,U010,F02,2026-08-27 04:00:00,Admitted
P02277,72,Male,Medium,Diabetes Complications,5.3,Med-Surg,U003,F01,2026-08-29 04:00:00,Transfer Approved
P02278,13,Non-Binary,Critical,Multi-organ Dysfunction,10.8,ICU,U006,F02,2026-08-19 10:00:00,Admitted
P02279,39,Male,Low,Diabetes Complications,1.8,Med-Surg,U003,F01,2026-08-30 21:00:00,Admitted
P02280,9,Female,Medium,Acute Respiratory Distress,4.4,ICU,U006,F02,2026-08-05 13:00:00,Transfer Approved
P02281,61,Male,Low,Dehydration,3.4,Pediatrics,U009,F02,2026-08-08 15:00:00,Admitted
P02282,63,Female,Medium,Acute Myocardial Infarction,4.3,Emergency,U007,F02,2026-08-10 07:00:00,Admitted
P02283,79,Male,Medium,Multi-organ Dysfunction,3.8,ICU,U011,F03,2026-08-13 02:00:00,Transfer Approved
P02284,13,Male,High,Chemotherapy Monitoring,7.9,Oncology,U010,F02,2026-08-14 15:00:00,Admitted
P02285,12,Non-Binary,Medium,Acute Myocardial Infarction,5.5,Emergency,U012,F03,2026-08-02 04:00:00,Admitted
P02286,38,Female,Medium,Pneumonia,4.8,Emergency,U013,F03,2026-08-29 09:00:00,Admitted
P02287,43,Male,Low,Acute Respiratory Distress,3.5,ICU,U011,F03,2026-08-20 00:00:00,Admitted
P02288,25,Male,Medium,Congenital Heart Defect,5.1,Pediatrics,U014,F03,2026-08-09 18:00:00,Discharged
P02289,38,Non-Binary,Low,Chemotherapy Monitoring,3.2,Oncology,U005,F01,2026-08-03 14:00:00,Admitted
P02290,78,Female,Low,Septic Shock,2.8,ICU,U011,F03,2026-08-04 15:00:00,Admitted
P02291,78,Male,Critical,Stroke,8.7,Emergency,U002,F01,2026-08-22 05:00:00,Admitted
P02292,89,Female,Medium,Post-Cardiac Arrest,4.2,ICU,U006,F02,2026-08-10 20:00:00,Pending Transfer
P02293,91,Female,Low,Post-Cardiac Arrest,3.1,ICU,U001,F01,2026-08-28 09:00:00,Pending Transfer
P02294,86,Female,Low,Febrile Neutropenia,2.0,Oncology,U005,F01,2026-08-05 01:00:00,Admitted
P02295,11,Male,Low,Chemotherapy Monitoring,1.8,Oncology,U015,F03,2026-08-05 04:00:00,Admitted
P02296,10,Female,Medium,Multi-organ Dysfunction,4.9,ICU,U001,F01,2026-08-23 15:00:00,Transfer Approved
P02297,56,Female,Medium,Polytrauma,5.4,Emergency,U007,F02,2026-08-22 17:00:00,Admitted
P02298,76,Female,Medium,Febrile Neutropenia,13.4,Oncology,U015,F03,2026-08-12 05:00:00,Admitted
P02299,51,Male,High,Multi-organ Dysfunction,5.7,Med-Surg,U006,F02,2026-08-13 05:00:00,Admitted
P02300,64,Female,Low,Palliative Care,3.1,Oncology,U015,F03,2026-08-15 04:00:00,Admitted
P02301,42,Non-Binary,Medium,Post-Cardiac Arrest,4.8,ICU,U001,F01,2026-08-25 18:00:00,Admitted
P02302,90,Male,Critical,Polytrauma,13.3,Emergency,U007,F02,2026-08-09 13:00:00,Admitted
P02303,12,Female,Low,Stroke,1.8,Emergency,U002,F01,2026-08-08 16:00:00,Admitted
P02304,78,Female,High,Dehydration,8.2,Pediatrics,U009,F02,2026-08-14 01:00:00,Admitted
P02305,2,Non-Binary,Medium,Tumor Lysis Syndrome,7.6,Oncology,U015,F03,2026-08-12 10:00:00,Pending Transfer
P02306,1,Male,Critical,Cellulitis,12.7,Med-Surg,U008,F02,2026-08-07 06:00:00,Admitted
P02307,19,Female,Low,Pneumonia,2.6,Med-Surg,U013,F03,2026-08-19 19:00:00,Admitted
P02308,79,Male,Medium,Palliative Care,5.0,Oncology,U010,F02,2026-08-02 14:00:00,Admitted
P02309,76,Non-Binary,Medium,Dehydration,4.6,Pediatrics,U004,F01,2026-08-02 09:00:00,Admitted
P02310,43,Male,High,Congenital Heart Defect,7.3,Pediatrics,U004,F01,2026-08-03 15:00:00,Admitted
P02311,54,Female,Medium,Acute Myocardial Infarction,5.3,Emergency,U002,F01,2026-08-08 14:00:00,Admitted
P02312,34,Female,Low,Polytrauma,3.1,Emergency,U007,F02,2026-08-19 08:00:00,Pending Transfer
P02313,51,Female,Low,Chemotherapy Monitoring,2.6,Pediatrics,U005,F01,2026-08-08 12:00:00,Admitted
P02314,1,Female,Medium,Chemotherapy Monitoring,5.4,Oncology,U005,F01,2026-08-09 17:00:00,Discharged
P02315,70,Female,High,Chemotherapy Monitoring,7.0,Oncology,U015,F03,2026-08-26 20:00:00,Admitted
P02316,40,Non-Binary,Medium,Pediatric Asthma,4.5,Pediatrics,U004,F01,2026-08-18 21:00:00,Admitted
P02317,71,Female,Low,Polytrauma,3.2,Emergency,U007,F02,2026-08-13 17:00:00,Admitted
P02318,43,Male,High,Acute Myocardial Infarction,5.5,Emergency,U007,F02,2026-08-11 20:00:00,Admitted
P02319,32,Female,Low,Chemotherapy Monitoring,1.7,Oncology,U005,F01,2026-08-24 08:00:00,Admitted
P02320,22,Non-Binary,Low,Dehydration,2.8,Pediatrics,U009,F02,2026-08-29 13:00:00,Admitted
P02321,27,Non-Binary,Critical,Septic Shock,10.5,ICU,U011,F03,2026-08-10 09:00:00,Admitted
P02322,70,Non-Binary,Medium,Post-Operative Recovery,3.7,Med-Surg,U003,F01,2026-08-04 00:00:00,Admitted
P02323,31,Male,Low,Dehydration,3.4,Pediatrics,U004,F01,2026-08-15 10:00:00,Pending Transfer
P02324,16,Non-Binary,Medium,Post-Cardiac Arrest,4.5,ICU,U006,F02,2026-08-20 08:00:00,Admitted
P02325,11,Female,Low,Acute Respiratory Distress,2.2,ICU,U001,F01,2026-08-07 17:00:00,Admitted
P02326,33,Non-Binary,Low,Pediatric Asthma,3.3,Pediatrics,U009,F02,2026-08-26 02:00:00,Discharged
P02327,9,Male,Critical,Septic Shock,10.4,ICU,U011,F03,2026-08-23 17:00:00,Admitted
P02328,25,Female,High,Stroke,5.6,Emergency,U007,F02,2026-08-26 13:00:00,Admitted
P02329,14,Non-Binary,High,Palliative Care,6.1,Oncology,U005,F01,2026-08-21 15:00:00,Discharged
P02330,76,Non-Binary,Low,Acute Respiratory Distress,3.5,ICU,U001,F01,2026-08-27 21:00:00,Admitted
P02331,64,Non-Binary,Low,Palliative Care,2.3,Oncology,U005,F01,2026-08-07 01:00:00,Admitted
P02332,5,Female,High,Diabetes Complications,5.5,Med-Surg,U003,F01,2026-08-22 11:00:00,Admitted
P02333,84,Female,Low,Cellulitis,3.0,Med-Surg,U003,F01,2026-08-28 14:00:00,Admitted
P02334,11,Male,Low,Polytrauma,2.7,Emergency,U002,F01,2026-08-04 18:00:00,Admitted
P02335,18,Female,Medium,Palliative Care,4.6,Oncology,U015,F03,2026-08-25 10:00:00,Admitted
P02336,16,Non-Binary,Medium,Polytrauma,5.1,Emergency,U007,F02,2026-08-08 09:00:00,Pending Transfer
P02337,69,Female,Low,Tumor Lysis Syndrome,1.6,Oncology,U010,F02,2026-08-31 09:00:00,Admitted
P02338,86,Male,Low,Tumor Lysis Syndrome,3.1,Oncology,U005,F01,2026-08-09 10:00:00,Admitted
P02339,53,Male,Critical,Multi-organ Dysfunction,8.9,ICU,U006,F02,2026-08-10 13:00:00,Admitted
P02340,3,Male,Medium,Tumor Lysis Syndrome,4.2,Oncology,U015,F03,2026-08-28 04:00:00,Admitted
P02341,68,Non-Binary,Medium,Polytrauma,4.2,Med-Surg,U002,F01,2026-08-25 10:00:00,Pending Transfer
P02342,41,Male,Medium,Acute Myocardial Infarction,4.7,Emergency,U012,F03,2026-08-03 07:00:00,Admitted
P02343,7,Female,Low,Stroke,3.2,Emergency,U012,F03,2026-08-18 02:00:00,Transfer Approved
P02344,92,Non-Binary,Low,Stroke,3.3,Emergency,U012,F03,2026-08-04 12:00:00,Admitted
P02345,6,Female,High,Severe Abdominal Pain,5.8,Emergency,U002,F01,2026-08-24 01:00:00,Pending Transfer
P02346,18,Male,Critical,Acute Respiratory Distress,13.7,ICU,U006,F02,2026-08-04 15:00:00,Admitted
P02347,6,Female,Medium,Tumor Lysis Syndrome,4.3,Oncology,U015,F03,2026-08-06 18:00:00,Admitted
P02348,72,Male,Low,Polytrauma,2.2,Emergency,U012,F03,2026-08-30 18:00:00,Admitted
P02349,90,Male,High,Pediatric Asthma,6.9,Pediatrics,U004,F01,2026-08-05 05:00:00,Pending Transfer
P02350,88,Non-Binary,Medium,Bronchiolitis,5.5,Oncology,U014,F03,2026-08-29 08:00:00,Transfer Approved
P02351,74,Non-Binary,Medium,Septic Shock,2.5,ICU,U006,F02,2026-08-14 06:00:00,Admitted
P02352,79,Non-Binary,Low,Post-Cardiac Arrest,1.9,ICU,U006,F02,2026-08-12 04:00:00,Admitted
P02353,52,Non-Binary,Medium,Palliative Care,5.3,Oncology,U010,F02,2026-08-08 19:00:00,Admitted
P02354,16,Non-Binary,Low,Palliative Care,2.0,Oncology,U010,F02,2026-08-01 03:00:00,Admitted
P02355,52,Non-Binary,High,Acute Myocardial Infarction,7.7,Emergency,U002,F01,2026-08-19 05:00:00,Admitted
P02356,83,Non-Binary,Low,Chemotherapy Monitoring,3.4,Oncology,U015,F03,2026-08-23 01:00:00,Admitted
P02357,30,Male,Low,Chemotherapy Monitoring,3.0,Oncology,U015,F03,2026-08-05 06:00:00,Admitted
P02358,36,Male,Medium,Chemotherapy Monitoring,4.8,Oncology,U010,F02,2026-08-27 22:00:00,Admitted
P02359,2,Female,Low,Post-Operative Recovery,2.2,Med-Surg,U008,F02,2026-08-05 23:00:00,Transfer Approved
P02360,83,Male,Low,Pneumonia,2.2,Med-Surg,U003,F01,2026-08-22 16:00:00,Admitted
P02361,88,Female,Medium,Palliative Care,4.8,Oncology,U005,F01,2026-08-05 06:00:00,Admitted
P02362,50,Female,High,Febrile Neutropenia,8.1,Oncology,U010,F02,2026-08-22 07:00:00,Pending Transfer
P02363,63,Female,High,Tumor Lysis Syndrome,6.8,Oncology,U005,F01,2026-08-14 14:00:00,Admitted
P02364,21,Male,Medium,Pediatric Asthma,5.0,Pediatrics,U009,F02,2026-08-07 13:00:00,Admitted
P02365,15,Female,Low,Bronchiolitis,2.1,Pediatrics,U004,F01,2026-08-25 00:00:00,Admitted
P02366,61,Non-Binary,Medium,Pediatric Asthma,4.7,Pediatrics,U004,F01,2026-08-21 07:00:00,Admitted
P02367,58,Male,Critical,Multi-organ Dysfunction,13.1,ICU,U011,F03,2026-08-09 05:00:00,Admitted
P02368,62,Male,Low,Severe Abdominal Pain,3.3,Emergency,U002,F01,2026-08-21 15:00:00,Admitted
P02369,50,Male,Critical,Acute Myocardial Infarction,9.1,Emergency,U002,F01,2026-08-17 08:00:00,Discharged
P02370,89,Male,Critical,Stroke,13.2,Emergency,U012,F03,2026-08-10 23:00:00,Admitted
P02371,52,Male,Low,Post-Operative Recovery,2.6,Med-Surg,U003,F01,2026-08-08 09:00:00,Admitted
P02372,33,Male,High,Febrile Neutropenia,7.4,Oncology,U005,F01,2026-08-01 04:00:00,Admitted
P02373,3,Female,High,Congenital Heart Defect,7.2,Emergency,U009,F02,2026-08-06 03:00:00,Admitted
P02374,40,Non-Binary,Low,Severe Abdominal Pain,2.0,Emergency,U007,F02,2026-08-19 06:00:00,Pending Transfer
P02375,81,Female,Medium,Tumor Lysis Syndrome,3.7,Oncology,U010,F02,2026-08-07 07:00:00,Admitted
P02376,42,Male,Medium,Dehydration,4.2,Pediatrics,U004,F01,2026-08-18 10:00:00,Admitted
P02377,64,Male,Low,Cellulitis,3.4,ICU,U013,F03,2026-08-04 18:00:00,Pending Transfer
P02378,18,Male,Medium,Post-Cardiac Arrest,5.2,ICU,U011,F03,2026-08-14 17:00:00,Admitted
P02379,10,Male,Critical,Severe Abdominal Pain,12.5,Emergency,U007,F02,2026-08-07 06:00:00,Admitted
P02380,48,Male,High,Pediatric Asthma,6.3,Pediatrics,U014,F03,2026-08-14 03:00:00,Admitted
P02381,36,Non-Binary,Medium,Palliative Care,5.3,Emergency,U005,F01,2026-08-20 03:00:00,Admitted
P02382,12,Female,Medium,Septic Shock,3.6,ICU,U001,F01,2026-08-18 05:00:00,Admitted
P02383,85,Non-Binary,Medium,Post-Operative Recovery,5.4,Med-Surg,U008,F02,2026-08-07 13:00:00,Pending Transfer
P02384,43,Male,Low,Acute Respiratory Distress,2.5,ICU,U001,F01,2026-08-19 08:00:00,Admitted
P02385,1,Female,Medium,Pneumonia,5.4,Med-Surg,U003,F01,2026-08-18 22:00:00,Admitted
P02386,22,Male,High,Acute Respiratory Distress,8.4,ICU,U006,F02,2026-08-22 08:00:00,Pending Transfer
P02387,25,Male,High,Diabetes Complications,6.2,Emergency,U003,F01,2026-08-07 06:00:00,Pending Transfer
P02388,26,Male,High,Tumor Lysis Syndrome,6.9,Oncology,U005,F01,2026-08-08 19:00:00,Transfer Approved
P02389,18,Male,Low,Post-Operative Recovery,3.0,Med-Surg,U013,F03,2026-08-12 20:00:00,Admitted
P02390,39,Non-Binary,Medium,Severe Abdominal Pain,3.8,Emergency,U012,F03,2026-08-16 12:00:00,Admitted
P02391,1,Male,Low,Pneumonia,1.6,Med-Surg,U003,F01,2026-08-27 13:00:00,Pending Transfer
P02392,14,Male,Medium,Diabetes Complications,3.9,Med-Surg,U013,F03,2026-08-04 13:00:00,Admitted
P02393,30,Non-Binary,Medium,Acute Myocardial Infarction,4.0,Emergency,U007,F02,2026-08-18 21:00:00,Admitted
P02394,68,Non-Binary,High,Multi-organ Dysfunction,8.2,ICU,U006,F02,2026-08-20 17:00:00,Admitted
P02395,85,Non-Binary,Low,Diabetes Complications,3.4,Med-Surg,U013,F03,2026-08-20 14:00:00,Admitted
P02396,36,Female,Medium,Tumor Lysis Syndrome,7.3,Oncology,U005,F01,2026-08-26 00:00:00,Admitted
P02397,26,Female,Low,Pneumonia,2.3,Med-Surg,U003,F01,2026-08-30 02:00:00,Admitted
P02398,75,Male,Medium,Diabetes Complications,5.3,Med-Surg,U008,F02,2026-08-23 17:00:00,Pending Transfer
P02399,15,Non-Binary,Low,Severe Abdominal Pain,2.3,Emergency,U002,F01,2026-08-23 23:00:00,Admitted
P02400,18,Male,Medium,Bronchiolitis,4.6,Pediatrics,U004,F01,2026-08-05 07:00:00,Admitted
P02401,7,Non-Binary,High,Post-Operative Recovery,6.2,Med-Surg,U003,F01,2026-08-11 16:00:00,Admitted
P02402,69,Male,Critical,Pneumonia,9.9,Med-Surg,U003,F01,2026-08-27 05:00:00,Admitted
P02403,6,Female,Medium,Post-Cardiac Arrest,5.2,ICU,U001,F01,2026-08-26 07:00:00,Admitted
P02404,90,Non-Binary,Medium,Pediatric Asthma,4.5,Pediatrics,U009,F02,2026-08-03 13:00:00,Transfer Approved
P02405,82,Non-Binary,Critical,Pediatric Asthma,12.6,Pediatrics,U004,F01,2026-08-06 21:00:00,Transfer Approved
P02406,36,Female,High,Chemotherapy Monitoring,5.6,ICU,U005,F01,2026-08-25 21:00:00,Admitted
P02407,89,Male,Low,Post-Operative Recovery,1.7,Med-Surg,U013,F03,2026-08-24 20:00:00,Pending Transfer
P02408,75,Male,Low,Pediatric Asthma,2.9,Pediatrics,U004,F01,2026-08-26 03:00:00,Admitted
P02409,57,Non-Binary,Low,Multi-organ Dysfunction,1.6,ICU,U006,F02,2026-08-31 19:00:00,Admitted
P02410,4,Non-Binary,Medium,Acute Myocardial Infarction,5.5,Emergency,U012,F03,2026-08-22 03:00:00,Admitted
P02411,65,Non-Binary,Low,Tumor Lysis Syndrome,3.0,Oncology,U010,F02,2026-08-03 17:00:00,Transfer Approved
P02412,19,Non-Binary,Medium,Severe Abdominal Pain,4.1,Emergency,U007,F02,2026-08-25 02:00:00,Admitted
P02413,20,Male,Critical,Pneumonia,11.3,Med-Surg,U013,F03,2026-08-11 12:00:00,Admitted
P02414,61,Male,High,Severe Abdominal Pain,6.9,ICU,U012,F03,2026-08-01 21:00:00,Admitted
P02415,34,Male,Medium,Congenital Heart Defect,4.2,Pediatrics,U014,F03,2026-08-12 23:00:00,Admitted
P02416,67,Female,Low,Acute Myocardial Infarction,2.3,Emergency,U012,F03,2026-08-08 13:00:00,Pending Transfer
P02417,20,Female,Medium,Bronchiolitis,5.5,Pediatrics,U009,F02,2026-08-02 11:00:00,Admitted
P02418,40,Male,Medium,Cellulitis,5.0,Med-Surg,U008,F02,2026-08-02 20:00:00,Discharged
P02419,61,Male,Medium,Congenital Heart Defect,3.9,Pediatrics,U014,F03,2026-08-28 19:00:00,Admitted
P02420,72,Female,Medium,Dehydration,5.1,Oncology,U014,F03,2026-08-25 20:00:00,Transfer Approved
P02421,68,Male,High,Diabetes Complications,5.7,Med-Surg,U003,F01,2026-08-02 03:00:00,Admitted
P02422,51,Female,High,Acute Respiratory Distress,8.2,ICU,U006,F02,2026-08-24 00:00:00,Transfer Approved
P02423,34,Non-Binary,Medium,Tumor Lysis Syndrome,5.4,Oncology,U005,F01,2026-08-18 15:00:00,Discharged
P02424,64,Male,Low,Diabetes Complications,2.3,Med-Surg,U003,F01,2026-08-17 20:00:00,Admitted
P02425,9,Female,Low,Multi-organ Dysfunction,2.0,ICU,U006,F02,2026-08-05 22:00:00,Admitted
P02426,52,Non-Binary,Low,Dehydration,3.0,Pediatrics,U004,F01,2026-08-21 21:00:00,Admitted
P02427,86,Non-Binary,Medium,Dehydration,4.3,Pediatrics,U014,F03,2026-08-08 13:00:00,Admitted
P02428,92,Male,Low,Tumor Lysis Syndrome,2.9,Oncology,U015,F03,2026-08-14 06:00:00,Pending Transfer
P02429,14,Female,Low,Multi-organ Dysfunction,1.7,ICU,U011,F03,2026-08-27 12:00:00,Admitted
P02430,38,Non-Binary,Medium,Palliative Care,3.8,Oncology,U005,F01,2026-08-12 09:00:00,Pending Transfer
P02431,6,Male,High,Palliative Care,7.9,Oncology,U010,F02,2026-08-12 10:00:00,Admitted
P02432,70,Non-Binary,Medium,Diabetes Complications,4.1,Med-Surg,U003,F01,2026-08-30 23:00:00,Admitted
P02433,3,Non-Binary,Low,Acute Respiratory Distress,2.4,ICU,U011,F03,2026-08-26 08:00:00,Admitted
P02434,38,Non-Binary,Medium,Pediatric Asthma,5.0,Pediatrics,U014,F03,2026-08-12 07:00:00,Admitted
P02435,72,Non-Binary,High,Diabetes Complications,8.0,Med-Surg,U013,F03,2026-08-24 04:00:00,Transfer Approved
P02436,60,Non-Binary,High,Chemotherapy Monitoring,7.5,Oncology,U010,F02,2026-08-10 21:00:00,Admitted
P02437,82,Male,Critical,Multi-organ Dysfunction,9.8,ICU,U001,F01,2026-08-07 11:00:00,Admitted
P02438,25,Non-Binary,Medium,Dehydration,4.7,Pediatrics,U009,F02,2026-08-04 12:00:00,Admitted
P02439,29,Male,High,Polytrauma,5.8,Emergency,U007,F02,2026-08-15 16:00:00,Admitted
P02440,60,Non-Binary,Low,Chemotherapy Monitoring,2.6,Oncology,U010,F02,2026-08-07 07:00:00,Admitted
P02441,76,Male,Low,Septic Shock,2.5,ICU,U006,F02,2026-08-21 10:00:00,Admitted
P02442,29,Male,Medium,Severe Abdominal Pain,5.2,Emergency,U002,F01,2026-08-31 02:00:00,Admitted
P02443,79,Non-Binary,Medium,Palliative Care,5.0,Oncology,U005,F01,2026-08-13 03:00:00,Pending Transfer
P02444,60,Non-Binary,Low,Cellulitis,3.1,Med-Surg,U008,F02,2026-08-17 00:00:00,Transfer Approved
P02445,2,Male,Low,Bronchiolitis,3.1,Pediatrics,U004,F01,2026-08-01 18:00:00,Admitted
P02446,14,Female,High,Post-Cardiac Arrest,5.8,ICU,U006,F02,2026-08-20 16:00:00,Admitted
P02447,2,Male,Medium,Cellulitis,4.2,Med-Surg,U003,F01,2026-08-16 08:00:00,Admitted
P02448,37,Non-Binary,Low,Chemotherapy Monitoring,3.4,Oncology,U015,F03,2026-08-30 00:00:00,Discharged
P02449,80,Non-Binary,Critical,Acute Myocardial Infarction,10.7,Emergency,U002,F01,2026-08-12 04:00:00,Discharged
P02450,8,Male,Medium,Tumor Lysis Syndrome,4.7,Oncology,U015,F03,2026-08-28 16:00:00,Admitted
P02451,82,Non-Binary,Medium,Pneumonia,3.7,Med-Surg,U013,F03,2026-08-08 12:00:00,Pending Transfer
P02452,68,Female,Medium,Stroke,5.2,Emergency,U012,F03,2026-08-25 13:00:00,Pending Transfer
P02453,25,Male,Medium,Septic Shock,5.4,ICU,U001,F01,2026-08-17 04:00:00,Admitted
P02454,10,Male,Low,Severe Abdominal Pain,2.1,Emergency,U012,F03,2026-08-03 02:00:00,Admitted
P02455,33,Male,Medium,Multi-organ Dysfunction,3.8,ICU,U006,F02,2026-08-31 23:00:00,Admitted
P02456,6,Female,Critical,Acute Respiratory Distress,12.8,ICU,U006,F02,2026-08-16 12:00:00,Admitted
P02457,55,Female,High,Acute Respiratory Distress,7.1,Emergency,U006,F02,2026-08-14 00:00:00,Admitted
P02458,6,Male,Critical,Pediatric Asthma,11.4,Pediatrics,U004,F01,2026-08-13 12:00:00,Admitted
P02459,78,Male,Low,Polytrauma,2.3,Emergency,U007,F02,2026-08-03 10:00:00,Pending Transfer
P02460,28,Male,Low,Septic Shock,2.5,ICU,U006,F02,2026-08-11 11:00:00,Admitted
P02461,7,Female,Low,Diabetes Complications,2.4,Med-Surg,U003,F01,2026-08-21 15:00:00,Admitted
P02462,55,Non-Binary,Medium,Febrile Neutropenia,4.7,Oncology,U015,F03,2026-08-27 08:00:00,Admitted
P02463,38,Non-Binary,High,Acute Respiratory Distress,5.8,ICU,U011,F03,2026-08-18 00:00:00,Pending Transfer
P02464,68,Female,Low,Acute Myocardial Infarction,2.2,Emergency,U002,F01,2026-08-28 21:00:00,Admitted
P02465,71,Non-Binary,High,Febrile Neutropenia,6.7,Oncology,U010,F02,2026-08-21 11:00:00,Transfer Approved
P02466,79,Non-Binary,Low,Post-Operative Recovery,1.6,Med-Surg,U008,F02,2026-08-15 22:00:00,Admitted
P02467,89,Male,Critical,Post-Operative Recovery,11.3,Med-Surg,U003,F01,2026-08-19 22:00:00,Pending Transfer
P02468,9,Female,Critical,Dehydration,11.7,Pediatrics,U009,F02,2026-08-23 14:00:00,Transfer Approved
P02469,33,Non-Binary,Low,Septic Shock,2.3,ICU,U011,F03,2026-08-19 19:00:00,Admitted
P02470,81,Female,Medium,Cellulitis,5.2,Med-Surg,U003,F01,2026-08-27 17:00:00,Admitted
P02471,83,Non-Binary,Medium,Cellulitis,3.7,Med-Surg,U003,F01,2026-08-05 17:00:00,Admitted
P02472,47,Non-Binary,Medium,Severe Abdominal Pain,4.8,Emergency,U002,F01,2026-08-05 10:00:00,Admitted
P02473,73,Male,Low,Multi-organ Dysfunction,1.5,ICU,U011,F03,2026-08-10 18:00:00,Admitted
P02474,80,Male,Low,Septic Shock,3.3,ICU,U006,F02,2026-08-27 07:00:00,Admitted
P02475,38,Male,Medium,Post-Cardiac Arrest,4.3,ICU,U006,F02,2026-08-31 01:00:00,Admitted
P02476,53,Non-Binary,Low,Chemotherapy Monitoring,3.5,Oncology,U015,F03,2026-08-13 20:00:00,Admitted
P02477,16,Female,Medium,Congenital Heart Defect,5.4,Pediatrics,U009,F02,2026-08-06 23:00:00,Admitted
P02478,28,Female,Low,Acute Myocardial Infarction,2.5,Emergency,U002,F01,2026-08-22 21:00:00,Admitted
P02479,78,Female,Medium,Diabetes Complications,5.3,Med-Surg,U008,F02,2026-08-22 17:00:00,Admitted
P02480,3,Female,Medium,Post-Operative Recovery,5.3,Med-Surg,U008,F02,2026-08-29 21:00:00,Admitted
P02481,16,Male,Medium,Palliative Care,10.4,Oncology,U010,F02,2026-08-28 04:00:00,Admitted
P02482,52,Non-Binary,Critical,Tumor Lysis Syndrome,11.5,Oncology,U010,F02,2026-08-22 08:00:00,Pending Transfer
P02483,12,Non-Binary,Medium,Cellulitis,4.6,Med-Surg,U003,F01,2026-08-21 02:00:00,Admitted
P02484,28,Male,Low,Congenital Heart Defect,3.1,Emergency,U009,F02,2026-08-25 06:00:00,Admitted
P02485,68,Female,Low,Multi-organ Dysfunction,3.5,ICU,U001,F01,2026-08-09 06:00:00,Admitted
P02486,35,Female,High,Febrile Neutropenia,6.2,Oncology,U015,F03,2026-08-10 16:00:00,Admitted
P02487,35,Non-Binary,Low,Polytrauma,3.2,Emergency,U007,F02,2026-08-06 15:00:00,Admitted
P02488,29,Male,Critical,Polytrauma,4.8,Emergency,U012,F03,2026-08-20 12:00:00,Admitted
P02489,50,Male,Low,Acute Respiratory Distress,1.7,ICU,U011,F03,2026-08-13 16:00:00,Pending Transfer
P02490,26,Male,Medium,Polytrauma,4.8,Emergency,U002,F01,2026-08-11 00:00:00,Admitted
P02491,7,Male,Low,Congenital Heart Defect,2.6,Pediatrics,U014,F03,2026-08-09 02:00:00,Admitted
P02492,38,Non-Binary,Medium,Chemotherapy Monitoring,5.2,Oncology,U005,F01,2026-08-15 13:00:00,Admitted
P02493,23,Non-Binary,High,Acute Myocardial Infarction,8.1,Emergency,U012,F03,2026-08-21 13:00:00,Admitted
P02494,81,Male,Low,Pediatric Asthma,3.0,Pediatrics,U014,F03,2026-08-09 08:00:00,Transfer Approved
P02495,3,Female,Low,Palliative Care,2.4,Oncology,U015,F03,2026-08-06 01:00:00,Pending Transfer
P02496,92,Female,Medium,Bronchiolitis,5.0,Pediatrics,U014,F03,2026-08-14 21:00:00,Admitted
P02497,17,Non-Binary,High,Acute Myocardial Infarction,6.5,Emergency,U012,F03,2026-08-03 23:00:00,Admitted
P02498,63,Non-Binary,Low,Cellulitis,3.3,Med-Surg,U003,F01,2026-08-06 18:00:00,Admitted
P02499,90,Non-Binary,Low,Chemotherapy Monitoring,3.0,Oncology,U010,F02,2026-08-13 16:00:00,Admitted
P02500,87,Non-Binary,Critical,Multi-organ Dysfunction,8.9,ICU,U001,F01,2026-08-07 14:00:00,Admitted
P02501,30,Male,Low,Febrile Neutropenia,3.4,Oncology,U015,F03,2026-08-23 05:00:00,Admitted
P02502,26,Female,Low,Congenital Heart Defect,1.7,Pediatrics,U014,F03,2026-08-03 14:00:00,Pending Transfer
P02503,2,Male,Low,Diabetes Complications,2.9,Emergency,U003,F01,2026-08-01 12:00:00,Pending Transfer
P02504,15,Male,Low,Post-Cardiac Arrest,2.0,ICU,U011,F03,2026-08-22 10:00:00,Admitted
P02505,17,Female,Low,Cellulitis,2.6,Med-Surg,U013,F03,2026-08-13 03:00:00,Admitted
P02506,25,Male,High,Palliative Care,5.7,Oncology,U015,F03,2026-08-10 09:00:00,Admitted
P02507,34,Non-Binary,Low,Pediatric Asthma,3.0,Pediatrics,U009,F02,2026-08-19 10:00:00,Pending Transfer
P02508,7,Male,High,Palliative Care,6.4,ICU,U005,F01,2026-08-14 08:00:00,Transfer Approved
P02509,37,Male,Medium,Bronchiolitis,4.4,Pediatrics,U004,F01,2026-08-27 03:00:00,Pending Transfer
P02510,51,Female,Low,Polytrauma,3.4,Emergency,U007,F02,2026-08-24 15:00:00,Pending Transfer
P02511,86,Non-Binary,Low,Acute Myocardial Infarction,3.3,Emergency,U012,F03,2026-08-21 02:00:00,Transfer Approved
P02512,63,Non-Binary,Medium,Febrile Neutropenia,3.7,Oncology,U005,F01,2026-08-17 13:00:00,Admitted
P02513,22,Non-Binary,High,Pneumonia,7.7,Med-Surg,U008,F02,2026-08-24 21:00:00,Admitted
P02514,78,Female,Medium,Septic Shock,5.0,ICU,U006,F02,2026-08-08 17:00:00,Discharged
P02515,32,Male,Medium,Septic Shock,4.6,ICU,U011,F03,2026-08-14 00:00:00,Admitted
P02516,44,Male,High,Palliative Care,8.4,Oncology,U015,F03,2026-08-18 23:00:00,Admitted
P02517,82,Female,Medium,Congenital Heart Defect,4.9,Pediatrics,U014,F03,2026-08-15 15:00:00,Admitted
P02518,90,Male,High,Palliative Care,8.1,Oncology,U015,F03,2026-08-29 12:00:00,Pending Transfer
P02519,67,Male,Medium,Acute Respiratory Distress,4.2,Oncology,U006,F02,2026-08-05 02:00:00,Admitted
P02520,85,Male,Low,Bronchiolitis,1.9,Pediatrics,U009,F02,2026-08-22 05:00:00,Pending Transfer
P02521,12,Female,Medium,Multi-organ Dysfunction,3.5,ICU,U006,F02,2026-08-15 03:00:00,Pending Transfer
P02522,88,Female,Low,Post-Cardiac Arrest,2.6,ICU,U011,F03,2026-08-17 20:00:00,Admitted
P02523,23,Male,High,Septic Shock,6.5,ICU,U011,F03,2026-08-15 19:00:00,Admitted
P02524,6,Non-Binary,Medium,Multi-organ Dysfunction,4.0,ICU,U006,F02,2026-08-18 09:00:00,Admitted
P02525,70,Male,High,Bronchiolitis,5.9,Pediatrics,U014,F03,2026-08-28 10:00:00,Admitted
P02526,5,Non-Binary,Low,Bronchiolitis,2.8,Pediatrics,U009,F02,2026-08-24 19:00:00,Admitted
P02527,92,Non-Binary,Low,Multi-organ Dysfunction,2.5,ICU,U006,F02,2026-08-05 09:00:00,Transfer Approved
P02528,78,Female,Low,Post-Operative Recovery,2.8,Med-Surg,U013,F03,2026-08-15 20:00:00,Admitted
P02529,70,Non-Binary,Medium,Palliative Care,5.4,Oncology,U005,F01,2026-08-02 22:00:00,Pending Transfer
P02530,84,Female,Low,Post-Operative Recovery,2.2,Med-Surg,U013,F03,2026-08-29 17:00:00,Discharged
P02531,52,Female,High,Congenital Heart Defect,6.9,Pediatrics,U014,F03,2026-08-22 05:00:00,Admitted
P02532,4,Non-Binary,Low,Cellulitis,2.0,Med-Surg,U003,F01,2026-08-31 19:00:00,Admitted
P02533,9,Non-Binary,Low,Congenital Heart Defect,2.5,Pediatrics,U009,F02,2026-08-13 17:00:00,Admitted
P02534,20,Non-Binary,Low,Cellulitis,2.5,Med-Surg,U003,F01,2026-08-05 04:00:00,Admitted
P02535,41,Non-Binary,Low,Diabetes Complications,2.5,Med-Surg,U013,F03,2026-08-26 20:00:00,Pending Transfer
P02536,69,Female,Low,Acute Respiratory Distress,2.3,ICU,U011,F03,2026-08-21 07:00:00,Admitted
P02537,48,Male,Low,Pneumonia,3.3,Med-Surg,U003,F01,2026-08-28 11:00:00,Discharged
P02538,50,Female,Medium,Pneumonia,4.9,Med-Surg,U013,F03,2026-08-01 21:00:00,Admitted
P02539,16,Male,Medium,Dehydration,5.3,Pediatrics,U014,F03,2026-08-24 10:00:00,Transfer Approved
P02540,48,Female,Medium,Multi-organ Dysfunction,3.9,ICU,U001,F01,2026-08-15 18:00:00,Admitted
P02541,51,Male,High,Diabetes Complications,6.6,Med-Surg,U008,F02,2026-08-10 05:00:00,Transfer Approved
P02542,82,Male,Low,Septic Shock,2.9,ICU,U006,F02,2026-08-28 08:00:00,Pending Transfer
P02543,51,Male,Medium,Acute Myocardial Infarction,4.6,Emergency,U002,F01,2026-08-19 03:00:00,Admitted
P02544,44,Female,Low,Septic Shock,2.0,ICU,U006,F02,2026-08-30 10:00:00,Admitted
P02545,24,Non-Binary,Low,Pneumonia,2.9,Med-Surg,U013,F03,2026-08-06 10:00:00,Admitted
P02546,50,Male,Medium,Septic Shock,4.3,ICU,U006,F02,2026-08-28 22:00:00,Transfer Approved
P02547,29,Female,Low,Multi-organ Dysfunction,1.7,ICU,U001,F01,2026-08-31 16:00:00,Admitted
P02548,14,Non-Binary,Low,Palliative Care,2.2,Pediatrics,U005,F01,2026-08-17 08:00:00,Transfer Approved
P02549,50,Non-Binary,Low,Multi-organ Dysfunction,1.5,ICU,U006,F02,2026-08-16 21:00:00,Transfer Approved
P02550,37,Female,High,Diabetes Complications,5.5,Med-Surg,U003,F01,2026-08-20 03:00:00,Admitted
P02551,87,Non-Binary,Medium,Chemotherapy Monitoring,5.4,Oncology,U005,F01,2026-08-16 19:00:00,Admitted
P02552,62,Male,Critical,Acute Respiratory Distress,9.6,ICU,U011,F03,2026-08-11 18:00:00,Admitted
P02553,31,Female,Low,Polytrauma,1.7,Emergency,U007,F02,2026-08-13 09:00:00,Admitted
P02554,12,Female,Low,Multi-organ Dysfunction,2.4,ICU,U011,F03,2026-08-11 06:00:00,Pending Transfer
P02555,14,Male,Medium,Diabetes Complications,4.2,Med-Surg,U008,F02,2026-08-27 13:00:00,Pending Transfer
P02556,61,Non-Binary,Medium,Post-Operative Recovery,4.0,Med-Surg,U003,F01,2026-08-28 10:00:00,Admitted
P02557,6,Male,Medium,Multi-organ Dysfunction,5.4,ICU,U011,F03,2026-08-28 20:00:00,Admitted
P02558,14,Female,Low,Post-Operative Recovery,1.6,Med-Surg,U008,F02,2026-08-15 12:00:00,Admitted
P02559,79,Non-Binary,Medium,Polytrauma,2.9,Emergency,U007,F02,2026-08-18 01:00:00,Admitted
P02560,78,Non-Binary,Medium,Febrile Neutropenia,5.0,Med-Surg,U005,F01,2026-08-05 07:00:00,Admitted
P02561,66,Non-Binary,Medium,Pneumonia,4.3,Med-Surg,U003,F01,2026-08-30 10:00:00,Admitted
P02562,72,Female,Medium,Severe Abdominal Pain,3.6,Emergency,U007,F02,2026-08-25 18:00:00,Admitted
P02563,65,Female,Medium,Palliative Care,4.6,Oncology,U010,F02,2026-08-28 05:00:00,Admitted
P02564,18,Female,Medium,Pneumonia,4.5,Med-Surg,U013,F03,2026-08-29 21:00:00,Admitted
P02565,36,Non-Binary,Medium,Pneumonia,5.0,Med-Surg,U013,F03,2026-08-12 10:00:00,Admitted
P02566,92,Non-Binary,Critical,Tumor Lysis Syndrome,9.5,Oncology,U010,F02,2026-08-31 19:00:00,Admitted
P02567,16,Male,Medium,Palliative Care,5.5,ICU,U005,F01,2026-08-29 01:00:00,Admitted
P02568,6,Male,Medium,Dehydration,4.2,Pediatrics,U009,F02,2026-08-21 07:00:00,Admitted
P02569,10,Male,Critical,Diabetes Complications,12.0,Med-Surg,U003,F01,2026-08-27 03:00:00,Pending Transfer
P02570,42,Female,Medium,Post-Operative Recovery,3.9,Med-Surg,U013,F03,2026-08-16 01:00:00,Admitted
P02571,67,Male,Critical,Cellulitis,11.6,Med-Surg,U008,F02,2026-08-04 09:00:00,Pending Transfer
P02572,39,Female,Low,Post-Cardiac Arrest,2.3,ICU,U001,F01,2026-08-23 15:00:00,Admitted
P02573,19,Female,Medium,Septic Shock,4.3,ICU,U006,F02,2026-08-26 14:00:00,Admitted
P02574,38,Non-Binary,Medium,Palliative Care,3.8,Med-Surg,U005,F01,2026-08-28 16:00:00,Transfer Approved
P02575,91,Male,Critical,Dehydration,10.1,Pediatrics,U014,F03,2026-08-03 16:00:00,Admitted
P02576,28,Male,Low,Acute Respiratory Distress,3.0,ICU,U006,F02,2026-08-03 04:00:00,Admitted
P02577,26,Non-Binary,Medium,Febrile Neutropenia,5.3,Oncology,U015,F03,2026-08-21 09:00:00,Admitted
P02578,80,Male,Medium,Acute Respiratory Distress,4.3,ICU,U001,F01,2026-08-17 07:00:00,Pending Transfer
P02579,54,Female,Low,Severe Abdominal Pain,1.8,Emergency,U012,F03,2026-08-15 11:00:00,Admitted
P02580,4,Non-Binary,Medium,Septic Shock,5.0,ICU,U001,F01,2026-08-23 02:00:00,Admitted
P02581,86,Female,Critical,Septic Shock,12.8,ICU,U006,F02,2026-08-16 14:00:00,Admitted
P02582,42,Female,Critical,Stroke,11.6,Emergency,U012,F03,2026-08-05 12:00:00,Transfer Approved
P02583,20,Non-Binary,Low,Polytrauma,2.2,Emergency,U007,F02,2026-08-17 21:00:00,Pending Transfer
P02584,59,Female,Critical,Febrile Neutropenia,12.5,Oncology,U010,F02,2026-08-18 05:00:00,Transfer Approved
P02585,92,Female,Critical,Pediatric Asthma,12.0,Pediatrics,U009,F02,2026-08-15 21:00:00,Admitted
P02586,28,Male,Low,Palliative Care,3.1,Oncology,U010,F02,2026-08-30 18:00:00,Pending Transfer
P02587,84,Non-Binary,Medium,Acute Myocardial Infarction,5.4,Emergency,U002,F01,2026-08-11 05:00:00,Admitted
P02588,23,Male,Medium,Bronchiolitis,5.0,Pediatrics,U014,F03,2026-08-31 03:00:00,Admitted
P02589,55,Female,Medium,Post-Operative Recovery,4.8,Med-Surg,U003,F01,2026-08-18 04:00:00,Admitted
P02590,31,Male,Medium,Pneumonia,4.8,Med-Surg,U003,F01,2026-08-08 18:00:00,Admitted
P02591,70,Male,High,Multi-organ Dysfunction,7.2,ICU,U006,F02,2026-08-14 03:00:00,Transfer Approved
P02592,63,Non-Binary,Medium,Post-Cardiac Arrest,5.0,ICU,U006,F02,2026-08-08 05:00:00,Transfer Approved
P02593,51,Female,Critical,Febrile Neutropenia,13.7,Oncology,U005,F01,2026-08-09 08:00:00,Pending Transfer
P02594,74,Female,Low,Pediatric Asthma,2.5,Pediatrics,U014,F03,2026-08-27 18:00:00,Admitted
P02595,57,Male,Medium,Bronchiolitis,4.6,Pediatrics,U009,F02,2026-08-06 01:00:00,Admitted
P02596,43,Male,High,Palliative Care,7.8,Oncology,U005,F01,2026-08-24 03:00:00,Admitted
P02597,28,Female,Medium,Tumor Lysis Syndrome,3.8,Oncology,U010,F02,2026-08-31 16:00:00,Admitted
P02598,32,Male,High,Bronchiolitis,5.6,Pediatrics,U014,F03,2026-08-04 04:00:00,Admitted
P02599,47,Female,High,Acute Respiratory Distress,7.1,ICU,U011,F03,2026-08-29 01:00:00,Admitted
P02600,34,Non-Binary,Low,Congenital Heart Defect,2.7,Pediatrics,U014,F03,2026-08-29 14:00:00,Pending Transfer
P02601,67,Non-Binary,Medium,Congenital Heart Defect,4.2,Pediatrics,U009,F02,2026-08-24 23:00:00,Discharged
P02602,91,Female,Low,Stroke,1.9,Emergency,U007,F02,2026-08-13 01:00:00,Admitted
P02603,6,Male,High,Polytrauma,6.3,Emergency,U007,F02,2026-08-30 12:00:00,Pending Transfer
P02604,83,Male,Low,Multi-organ Dysfunction,1.7,Emergency,U001,F01,2026-08-31 06:00:00,Admitted
P02605,74,Male,Medium,Post-Operative Recovery,5.1,Med-Surg,U013,F03,2026-08-06 23:00:00,Admitted
P02606,76,Non-Binary,Medium,Pneumonia,4.8,Emergency,U003,F01,2026-08-16 08:00:00,Admitted
P02607,84,Non-Binary,Medium,Acute Myocardial Infarction,3.6,Emergency,U012,F03,2026-08-30 00:00:00,Admitted
P02608,74,Female,Medium,Palliative Care,3.7,Oncology,U005,F01,2026-08-16 02:00:00,Admitted
P02609,78,Male,Medium,Bronchiolitis,4.3,Pediatrics,U014,F03,2026-08-24 04:00:00,Discharged
P02610,15,Male,Medium,Febrile Neutropenia,3.7,Oncology,U005,F01,2026-08-23 14:00:00,Admitted
P02611,53,Female,Medium,Bronchiolitis,3.6,Pediatrics,U014,F03,2026-08-24 21:00:00,Admitted
P02612,12,Male,High,Post-Operative Recovery,6.6,Med-Surg,U003,F01,2026-08-30 05:00:00,Admitted
P02613,6,Male,High,Acute Respiratory Distress,6.8,ICU,U001,F01,2026-08-22 23:00:00,Admitted
P02614,68,Female,High,Febrile Neutropenia,6.1,Oncology,U005,F01,2026-08-24 06:00:00,Admitted
P02615,5,Female,High,Septic Shock,6.8,ICU,U011,F03,2026-08-18 00:00:00,Admitted
P02616,85,Male,Medium,Palliative Care,4.8,Oncology,U005,F01,2026-08-10 16:00:00,Transfer Approved
P02617,14,Male,Critical,Tumor Lysis Syndrome,9.5,ICU,U015,F03,2026-08-26 17:00:00,Admitted
P02618,88,Female,Medium,Acute Myocardial Infarction,5.3,Emergency,U002,F01,2026-08-19 21:00:00,Admitted
P02619,42,Male,Low,Diabetes Complications,2.7,Med-Surg,U013,F03,2026-08-01 18:00:00,Transfer Approved
P02620,25,Non-Binary,Low,Tumor Lysis Syndrome,3.5,Oncology,U005,F01,2026-08-13 02:00:00,Admitted
P02621,84,Male,Low,Septic Shock,2.9,ICU,U006,F02,2026-08-12 04:00:00,Admitted
P02622,89,Non-Binary,Medium,Palliative Care,3.1,Oncology,U015,F03,2026-08-08 14:00:00,Admitted
P02623,16,Male,Low,Pneumonia,1.9,Med-Surg,U008,F02,2026-08-18 10:00:00,Admitted
P02624,70,Female,Low,Congenital Heart Defect,2.1,Pediatrics,U014,F03,2026-08-07 00:00:00,Admitted
P02625,34,Male,Medium,Febrile Neutropenia,3.6,Oncology,U005,F01,2026-08-30 01:00:00,Pending Transfer
P02626,55,Male,Medium,Stroke,4.7,Emergency,U012,F03,2026-08-18 15:00:00,Pending Transfer
P02627,36,Male,Low,Acute Myocardial Infarction,2.7,ICU,U012,F03,2026-08-14 13:00:00,Transfer Approved
P02628,76,Male,Low,Severe Abdominal Pain,2.0,Emergency,U002,F01,2026-08-10 16:00:00,Pending Transfer
P02629,84,Male,Low,Stroke,2.1,Emergency,U007,F02,2026-08-06 21:00:00,Transfer Approved
P02630,81,Non-Binary,Low,Chemotherapy Monitoring,1.9,Oncology,U010,F02,2026-08-10 01:00:00,Admitted
P02631,32,Male,Medium,Post-Operative Recovery,3.5,Med-Surg,U013,F03,2026-08-29 12:00:00,Admitted
P02632,64,Non-Binary,Medium,Cellulitis,4.2,Med-Surg,U008,F02,2026-08-10 19:00:00,Admitted
P02633,9,Female,Critical,Post-Cardiac Arrest,11.7,ICU,U001,F01,2026-08-12 11:00:00,Pending Transfer
P02634,37,Female,High,Acute Myocardial Infarction,8.3,Emergency,U002,F01,2026-08-27 03:00:00,Admitted
P02635,18,Female,Critical,Palliative Care,10.9,Oncology,U015,F03,2026-08-18 01:00:00,Admitted
P02636,16,Non-Binary,Medium,Post-Operative Recovery,3.6,Pediatrics,U008,F02,2026-08-18 07:00:00,Pending Transfer
P02637,13,Female,Medium,Palliative Care,4.1,Oncology,U015,F03,2026-08-16 05:00:00,Admitted
P02638,55,Non-Binary,Medium,Polytrauma,4.6,Emergency,U012,F03,2026-08-26 23:00:00,Admitted
P02639,86,Female,Low,Severe Abdominal Pain,1.7,Emergency,U007,F02,2026-08-28 23:00:00,Admitted
P02640,14,Female,Low,Pediatric Asthma,2.4,Pediatrics,U009,F02,2026-08-02 13:00:00,Admitted
P02641,58,Male,High,Septic Shock,5.7,ICU,U001,F01,2026-08-11 02:00:00,Admitted
P02642,7,Female,Low,Multi-organ Dysfunction,3.4,ICU,U006,F02,2026-08-16 09:00:00,Admitted
P02643,26,Female,Medium,Acute Myocardial Infarction,3.7,Emergency,U012,F03,2026-08-01 18:00:00,Admitted
P02644,56,Male,Medium,Tumor Lysis Syndrome,4.6,Oncology,U005,F01,2026-08-12 14:00:00,Admitted
P02645,55,Non-Binary,Medium,Severe Abdominal Pain,4.7,Emergency,U007,F02,2026-08-07 03:00:00,Admitted
P02646,72,Male,Critical,Pneumonia,9.6,Med-Surg,U013,F03,2026-08-28 06:00:00,Admitted
P02647,78,Female,Low,Acute Myocardial Infarction,3.1,Emergency,U012,F03,2026-08-15 08:00:00,Admitted
P02648,56,Female,Medium,Post-Cardiac Arrest,5.1,Oncology,U006,F02,2026-08-03 16:00:00,Admitted
P02649,31,Male,Low,Severe Abdominal Pain,1.5,Med-Surg,U002,F01,2026-08-13 13:00:00,Transfer Approved
P02650,55,Male,Low,Multi-organ Dysfunction,3.4,ICU,U006,F02,2026-08-01 02:00:00,Admitted
P02651,15,Male,High,Post-Cardiac Arrest,7.3,ICU,U006,F02,2026-08-04 08:00:00,Admitted
P02652,5,Male,Low,Dehydration,2.7,Pediatrics,U009,F02,2026-08-31 17:00:00,Pending Transfer
P02653,9,Non-Binary,Low,Multi-organ Dysfunction,2.6,ICU,U011,F03,2026-08-22 22:00:00,Admitted
P02654,9,Female,Medium,Febrile Neutropenia,3.6,Oncology,U015,F03,2026-08-17 01:00:00,Discharged
P02655,76,Female,Medium,Cellulitis,5.4,Med-Surg,U003,F01,2026-08-20 16:00:00,Pending Transfer
P02656,64,Non-Binary,Critical,Bronchiolitis,12.1,Pediatrics,U004,F01,2026-08-19 14:00:00,Pending Transfer
P02657,88,Male,Medium,Severe Abdominal Pain,4.3,Emergency,U007,F02,2026-08-10 03:00:00,Admitted
P02658,53,Female,Medium,Post-Operative Recovery,3.8,Med-Surg,U003,F01,2026-08-31 01:00:00,Admitted
P02659,63,Female,Medium,Tumor Lysis Syndrome,4.0,Oncology,U010,F02,2026-08-25 10:00:00,Pending Transfer
P02660,56,Male,Low,Septic Shock,3.0,ICU,U006,F02,2026-08-22 18:00:00,Admitted
P02661,77,Female,Medium,Acute Respiratory Distress,5.5,ICU,U011,F03,2026-08-01 02:00:00,Admitted
P02662,92,Female,Medium,Acute Myocardial Infarction,13.4,Emergency,U012,F03,2026-08-31 21:00:00,Admitted
P02663,18,Male,Medium,Febrile Neutropenia,4.4,Oncology,U010,F02,2026-08-27 17:00:00,Admitted
P02664,22,Male,Medium,Chemotherapy Monitoring,4.3,Oncology,U005,F01,2026-08-22 21:00:00,Admitted
P02665,85,Male,High,Pneumonia,5.8,Med-Surg,U008,F02,2026-08-30 17:00:00,Admitted
P02666,11,Male,Medium,Multi-organ Dysfunction,4.9,ICU,U011,F03,2026-08-19 16:00:00,Admitted
P02667,77,Non-Binary,Medium,Cellulitis,5.3,Med-Surg,U013,F03,2026-08-03 14:00:00,Admitted
P02668,3,Non-Binary,Medium,Tumor Lysis Syndrome,5.4,Oncology,U005,F01,2026-08-27 02:00:00,Pending Transfer
P02669,70,Female,Medium,Tumor Lysis Syndrome,4.1,Oncology,U010,F02,2026-08-25 03:00:00,Admitted
P02670,58,Female,Critical,Septic Shock,11.6,ICU,U011,F03,2026-08-17 11:00:00,Pending Transfer
P02671,57,Male,Medium,Septic Shock,3.6,Oncology,U001,F01,2026-08-02 13:00:00,Discharged
P02672,61,Female,Low,Cellulitis,2.8,Med-Surg,U003,F01,2026-08-06 06:00:00,Admitted
P02673,49,Non-Binary,Low,Post-Operative Recovery,2.1,Med-Surg,U013,F03,2026-08-25 20:00:00,Pending Transfer
P02674,86,Male,Medium,Diabetes Complications,4.5,Med-Surg,U013,F03,2026-08-27 18:00:00,Admitted
P02675,35,Male,Low,Post-Cardiac Arrest,2.6,ICU,U006,F02,2026-08-15 23:00:00,Admitted
P02676,51,Non-Binary,Low,Post-Cardiac Arrest,2.8,ICU,U011,F03,2026-08-19 11:00:00,Admitted
P02677,30,Non-Binary,Critical,Polytrauma,9.9,Emergency,U002,F01,2026-08-26 18:00:00,Admitted
P02678,55,Male,Medium,Multi-organ Dysfunction,4.4,ICU,U011,F03,2026-08-18 20:00:00,Admitted
P02679,32,Male,Low,Severe Abdominal Pain,2.1,Emergency,U012,F03,2026-08-23 17:00:00,Pending Transfer
P02680,72,Male,Low,Pneumonia,2.9,Med-Surg,U008,F02,2026-08-25 14:00:00,Admitted
P02681,75,Non-Binary,Low,Palliative Care,1.9,Oncology,U015,F03,2026-08-29 19:00:00,Admitted
P02682,54,Non-Binary,Low,Stroke,3.2,Emergency,U012,F03,2026-08-18 07:00:00,Admitted
P02683,34,Non-Binary,Low,Palliative Care,1.6,Oncology,U015,F03,2026-08-10 04:00:00,Admitted
P02684,9,Female,Low,Chemotherapy Monitoring,1.8,Oncology,U010,F02,2026-08-13 04:00:00,Admitted
P02685,21,Female,Medium,Septic Shock,5.2,ICU,U006,F02,2026-08-18 17:00:00,Admitted
P02686,17,Male,Critical,Bronchiolitis,10.0,Pediatrics,U009,F02,2026-08-23 16:00:00,Admitted
P02687,30,Non-Binary,High,Pediatric Asthma,8.1,Pediatrics,U009,F02,2026-08-09 12:00:00,Transfer Approved
P02688,62,Male,Medium,Severe Abdominal Pain,4.7,ICU,U002,F01,2026-08-20 02:00:00,Admitted
P02689,12,Female,Low,Acute Respiratory Distress,1.9,ICU,U011,F03,2026-08-19 23:00:00,Admitted
P02690,32,Female,Critical,Diabetes Complications,14.0,Med-Surg,U008,F02,2026-08-23 13:00:00,Admitted
P02691,14,Male,Medium,Diabetes Complications,4.5,Med-Surg,U013,F03,2026-08-01 10:00:00,Admitted
P02692,24,Male,Critical,Polytrauma,13.6,Emergency,U002,F01,2026-08-17 03:00:00,Pending Transfer
P02693,52,Female,Medium,Chemotherapy Monitoring,5.3,Oncology,U005,F01,2026-08-31 08:00:00,Admitted
P02694,39,Female,Low,Febrile Neutropenia,2.0,Oncology,U005,F01,2026-08-14 10:00:00,Admitted
P02695,84,Male,High,Bronchiolitis,7.6,Pediatrics,U014,F03,2026-08-26 18:00:00,Admitted
P02696,54,Female,Critical,Acute Respiratory Distress,11.1,ICU,U006,F02,2026-08-29 23:00:00,Pending Transfer
P02697,9,Non-Binary,Medium,Acute Myocardial Infarction,4.9,Emergency,U012,F03,2026-08-19 17:00:00,Admitted
P02698,81,Male,Low,Acute Respiratory Distress,3.2,ICU,U011,F03,2026-08-18 04:00:00,Pending Transfer
P02699,13,Female,Low,Chemotherapy Monitoring,2.4,Oncology,U010,F02,2026-08-28 03:00:00,Admitted
P02700,29,Female,Low,Diabetes Complications,3.3,Med-Surg,U003,F01,2026-08-31 08:00:00,Admitted
P02701,70,Female,Critical,Acute Myocardial Infarction,12.3,Emergency,U007,F02,2026-08-23 19:00:00,Admitted
P02702,71,Female,Low,Multi-organ Dysfunction,3.4,ICU,U001,F01,2026-08-10 22:00:00,Admitted
P02703,12,Female,Medium,Pneumonia,4.7,Med-Surg,U008,F02,2026-08-26 21:00:00,Admitted
P02704,7,Male,High,Pediatric Asthma,7.3,Pediatrics,U009,F02,2026-08-22 05:00:00,Admitted
P02705,8,Non-Binary,Critical,Congenital Heart Defect,14.0,Pediatrics,U004,F01,2026-08-30 12:00:00,Admitted
P02706,89,Male,Medium,Tumor Lysis Syndrome,3.7,Oncology,U005,F01,2026-08-14 21:00:00,Pending Transfer
P02707,8,Male,High,Palliative Care,6.1,Oncology,U015,F03,2026-08-14 22:00:00,Admitted
P02708,83,Male,Medium,Acute Respiratory Distress,4.5,ICU,U001,F01,2026-08-12 19:00:00,Admitted
P02709,8,Female,Medium,Severe Abdominal Pain,3.5,Oncology,U002,F01,2026-08-10 04:00:00,Admitted
P02710,39,Non-Binary,Medium,Multi-organ Dysfunction,3.9,ICU,U011,F03,2026-08-13 12:00:00,Admitted
P02711,88,Female,High,Severe Abdominal Pain,6.8,Emergency,U002,F01,2026-08-11 13:00:00,Admitted
P02712,34,Male,Medium,Chemotherapy Monitoring,5.1,Oncology,U005,F01,2026-08-11 13:00:00,Admitted
P02713,47,Female,High,Cellulitis,6.5,Med-Surg,U013,F03,2026-08-19 14:00:00,Pending Transfer
P02714,40,Female,Medium,Septic Shock,3.9,ICU,U001,F01,2026-08-20 00:00:00,Discharged
P02715,55,Male,Low,Acute Myocardial Infarction,3.2,Emergency,U002,F01,2026-08-26 12:00:00,Admitted
P02716,49,Male,Low,Diabetes Complications,3.0,Med-Surg,U013,F03,2026-08-10 01:00:00,Admitted
P02717,14,Female,Low,Tumor Lysis Syndrome,2.7,Oncology,U005,F01,2026-08-30 01:00:00,Transfer Approved
P02718,2,Non-Binary,Medium,Cellulitis,3.8,Med-Surg,U013,F03,2026-08-06 04:00:00,Admitted
P02719,38,Male,Medium,Palliative Care,4.4,Oncology,U015,F03,2026-08-23 21:00:00,Discharged
P02720,61,Female,Medium,Congenital Heart Defect,3.8,Pediatrics,U014,F03,2026-08-03 12:00:00,Discharged
P02721,4,Male,Low,Chemotherapy Monitoring,1.9,Oncology,U005,F01,2026-08-04 02:00:00,Admitted
P02722,48,Non-Binary,Medium,Pneumonia,4.6,Med-Surg,U003,F01,2026-08-13 01:00:00,Transfer Approved
P02723,1,Non-Binary,Medium,Post-Operative Recovery,3.7,Med-Surg,U003,F01,2026-08-13 15:00:00,Discharged
P02724,92,Female,Low,Febrile Neutropenia,1.9,Oncology,U010,F02,2026-08-20 11:00:00,Admitted
P02725,57,Male,Low,Multi-organ Dysfunction,2.4,ICU,U011,F03,2026-08-14 08:00:00,Admitted
P02726,22,Non-Binary,Medium,Severe Abdominal Pain,3.7,Emergency,U012,F03,2026-08-30 05:00:00,Pending Transfer
P02727,7,Male,Low,Pneumonia,2.0,Med-Surg,U008,F02,2026-08-16 10:00:00,Pending Transfer
P02728,30,Female,Low,Stroke,2.9,Emergency,U012,F03,2026-08-28 17:00:00,Admitted
P02729,7,Female,Medium,Multi-organ Dysfunction,5.4,ICU,U006,F02,2026-08-12 08:00:00,Admitted
P02730,66,Male,Low,Stroke,1.8,Emergency,U012,F03,2026-08-23 07:00:00,Discharged
P02731,65,Female,Medium,Multi-organ Dysfunction,4.2,ICU,U006,F02,2026-08-31 08:00:00,Admitted
P02732,7,Male,Medium,Post-Cardiac Arrest,4.0,ICU,U006,F02,2026-08-10 20:00:00,Admitted
P02733,60,Female,Critical,Septic Shock,13.3,ICU,U006,F02,2026-08-03 03:00:00,Admitted
P02734,18,Male,Low,Bronchiolitis,3.4,Pediatrics,U004,F01,2026-08-10 17:00:00,Pending Transfer
P02735,79,Non-Binary,High,Post-Cardiac Arrest,7.5,ICU,U011,F03,2026-08-27 02:00:00,Admitted
P02736,58,Female,High,Cellulitis,7.8,Med-Surg,U013,F03,2026-08-10 20:00:00,Admitted
P02737,83,Non-Binary,Medium,Febrile Neutropenia,2.5,Oncology,U005,F01,2026-08-18 12:00:00,Pending Transfer
P02738,88,Male,Critical,Polytrauma,13.4,Emergency,U002,F01,2026-08-01 20:00:00,Pending Transfer
P02739,70,Male,High,Polytrauma,7.3,Emergency,U002,F01,2026-08-08 01:00:00,Admitted
P02740,33,Female,Medium,Septic Shock,3.6,ICU,U001,F01,2026-08-26 07:00:00,Admitted
P02741,42,Non-Binary,Low,Septic Shock,2.0,ICU,U001,F01,2026-08-11 07:00:00,Transfer Approved
P02742,40,Male,High,Acute Respiratory Distress,7.0,ICU,U001,F01,2026-08-26 20:00:00,Discharged
P02743,14,Non-Binary,Low,Pediatric Asthma,2.9,Pediatrics,U004,F01,2026-08-16 16:00:00,Admitted
P02744,37,Non-Binary,Medium,Acute Respiratory Distress,5.2,ICU,U011,F03,2026-08-06 08:00:00,Pending Transfer
P02745,33,Female,High,Dehydration,6.3,Pediatrics,U004,F01,2026-08-27 17:00:00,Admitted
P02746,27,Non-Binary,High,Pneumonia,7.6,Med-Surg,U008,F02,2026-08-20 06:00:00,Transfer Approved
P02747,58,Non-Binary,Low,Acute Respiratory Distress,1.5,ICU,U006,F02,2026-08-25 23:00:00,Pending Transfer
P02748,86,Female,Medium,Septic Shock,4.8,ICU,U011,F03,2026-08-18 14:00:00,Discharged
P02749,65,Non-Binary,Medium,Tumor Lysis Syndrome,5.2,Oncology,U005,F01,2026-08-26 19:00:00,Admitted
P02750,73,Non-Binary,Medium,Cellulitis,5.5,Med-Surg,U013,F03,2026-08-25 04:00:00,Admitted
P02751,89,Non-Binary,Low,Post-Operative Recovery,2.1,Med-Surg,U013,F03,2026-08-16 18:00:00,Admitted
P02752,90,Male,Medium,Cellulitis,1.7,Med-Surg,U008,F02,2026-08-22 04:00:00,Admitted
P02753,33,Female,Low,Septic Shock,1.6,Oncology,U006,F02,2026-08-18 23:00:00,Admitted
P02754,49,Non-Binary,Low,Multi-organ Dysfunction,1.9,ICU,U001,F01,2026-08-07 17:00:00,Discharged
P02755,84,Male,High,Cellulitis,6.0,Med-Surg,U008,F02,2026-08-19 03:00:00,Admitted
P02756,20,Male,Medium,Post-Cardiac Arrest,3.6,ICU,U006,F02,2026-08-06 18:00:00,Transfer Approved
P02757,27,Male,Low,Pediatric Asthma,2.9,Pediatrics,U014,F03,2026-08-07 05:00:00,Admitted
P02758,19,Male,High,Acute Respiratory Distress,7.9,Emergency,U006,F02,2026-08-06 00:00:00,Pending Transfer
P02759,3,Male,High,Post-Cardiac Arrest,6.9,ICU,U001,F01,2026-08-02 00:00:00,Discharged
P02760,66,Non-Binary,High,Palliative Care,7.6,Oncology,U010,F02,2026-08-18 02:00:00,Admitted
P02761,38,Male,Low,Pneumonia,2.3,ICU,U013,F03,2026-08-30 23:00:00,Admitted
P02762,31,Non-Binary,Medium,Multi-organ Dysfunction,5.4,ICU,U011,F03,2026-08-21 02:00:00,Transfer Approved
P02763,76,Non-Binary,Medium,Pediatric Asthma,5.1,Pediatrics,U004,F01,2026-08-26 17:00:00,Admitted
P02764,83,Male,Medium,Acute Myocardial Infarction,4.1,Emergency,U007,F02,2026-08-19 10:00:00,Admitted
P02765,87,Male,Critical,Chemotherapy Monitoring,8.5,Oncology,U015,F03,2026-08-01 14:00:00,Pending Transfer
P02766,52,Male,High,Polytrauma,6.6,Emergency,U012,F03,2026-08-31 10:00:00,Admitted
P02767,76,Female,High,Congenital Heart Defect,8.0,Pediatrics,U014,F03,2026-08-29 22:00:00,Admitted
P02768,6,Female,Low,Congenital Heart Defect,3.4,Pediatrics,U004,F01,2026-08-14 08:00:00,Admitted
P02769,12,Male,Critical,Post-Operative Recovery,13.5,Med-Surg,U008,F02,2026-08-12 09:00:00,Admitted
P02770,12,Non-Binary,High,Chemotherapy Monitoring,7.6,Oncology,U005,F01,2026-08-31 07:00:00,Transfer Approved
P02771,37,Male,Low,Post-Cardiac Arrest,2.6,ICU,U011,F03,2026-08-20 18:00:00,Admitted
P02772,35,Non-Binary,Low,Palliative Care,1.6,Oncology,U015,F03,2026-08-12 17:00:00,Pending Transfer
P02773,25,Female,Medium,Post-Cardiac Arrest,4.6,ICU,U006,F02,2026-08-05 12:00:00,Admitted
P02774,69,Non-Binary,High,Congenital Heart Defect,6.0,Pediatrics,U014,F03,2026-08-26 00:00:00,Pending Transfer
P02775,68,Male,High,Severe Abdominal Pain,7.2,Emergency,U012,F03,2026-08-21 18:00:00,Transfer Approved
P02776,16,Female,Critical,Cellulitis,12.8,ICU,U008,F02,2026-08-12 18:00:00,Admitted
P02777,55,Male,High,Dehydration,6.9,Pediatrics,U014,F03,2026-08-29 12:00:00,Admitted
P02778,3,Non-Binary,Medium,Febrile Neutropenia,3.8,Oncology,U010,F02,2026-08-05 13:00:00,Admitted
P02779,90,Female,Medium,Severe Abdominal Pain,4.5,Emergency,U012,F03,2026-08-19 17:00:00,Admitted
P02780,24,Female,Low,Acute Respiratory Distress,2.1,ICU,U011,F03,2026-08-25 18:00:00,Admitted
P02781,48,Male,Medium,Acute Respiratory Distress,5.1,ICU,U006,F02,2026-08-17 10:00:00,Admitted
P02782,16,Female,High,Cellulitis,6.9,Med-Surg,U003,F01,2026-08-22 23:00:00,Transfer Approved
P02783,18,Female,Medium,Multi-organ Dysfunction,2.3,ICU,U001,F01,2026-08-03 03:00:00,Admitted
P02784,70,Non-Binary,Low,Febrile Neutropenia,2.1,Oncology,U015,F03,2026-08-19 12:00:00,Admitted
P02785,18,Female,Low,Stroke,1.9,Emergency,U002,F01,2026-08-31 15:00:00,Transfer Approved
P02786,43,Non-Binary,High,Pediatric Asthma,6.8,Pediatrics,U009,F02,2026-08-29 08:00:00,Admitted
P02787,47,Female,Medium,Febrile Neutropenia,3.7,Oncology,U015,F03,2026-08-22 09:00:00,Admitted
P02788,48,Female,High,Acute Respiratory Distress,6.5,ICU,U001,F01,2026-08-05 00:00:00,Admitted
P02789,74,Male,Medium,Septic Shock,5.2,ICU,U001,F01,2026-08-27 00:00:00,Admitted
P02790,91,Non-Binary,Medium,Chemotherapy Monitoring,5.4,Pediatrics,U010,F02,2026-08-08 22:00:00,Admitted
P02791,44,Female,Critical,Stroke,13.7,Emergency,U002,F01,2026-08-07 04:00:00,Admitted
P02792,36,Female,Low,Bronchiolitis,2.5,Pediatrics,U004,F01,2026-08-20 10:00:00,Pending Transfer
P02793,36,Male,Medium,Acute Respiratory Distress,3.7,ICU,U011,F03,2026-08-31 16:00:00,Admitted
P02794,24,Male,High,Tumor Lysis Syndrome,7.7,Oncology,U010,F02,2026-08-05 13:00:00,Discharged
P02795,10,Female,Medium,Dehydration,3.5,Med-Surg,U009,F02,2026-08-31 17:00:00,Admitted
P02796,83,Non-Binary,Medium,Post-Operative Recovery,3.7,Med-Surg,U008,F02,2026-08-01 19:00:00,Admitted
P02797,23,Female,Medium,Post-Operative Recovery,5.5,Med-Surg,U008,F02,2026-08-11 05:00:00,Admitted
P02798,55,Male,Low,Chemotherapy Monitoring,3.0,Oncology,U010,F02,2026-08-27 14:00:00,Admitted
P02799,7,Non-Binary,Medium,Septic Shock,3.9,ICU,U006,F02,2026-08-26 13:00:00,Admitted
P02800,76,Female,Medium,Post-Operative Recovery,3.5,Med-Surg,U008,F02,2026-08-29 22:00:00,Transfer Approved
P02801,84,Male,Medium,Pneumonia,4.6,Med-Surg,U003,F01,2026-08-10 07:00:00,Admitted
P02802,83,Male,Critical,Post-Cardiac Arrest,10.8,ICU,U006,F02,2026-08-07 13:00:00,Admitted
P02803,45,Male,High,Tumor Lysis Syndrome,6.3,Oncology,U005,F01,2026-08-04 13:00:00,Admitted
P02804,12,Non-Binary,Low,Acute Myocardial Infarction,3.5,Emergency,U012,F03,2026-08-10 17:00:00,Admitted
P02805,11,Male,High,Post-Operative Recovery,5.6,Med-Surg,U003,F01,2026-08-05 11:00:00,Admitted
P02806,72,Non-Binary,Medium,Post-Cardiac Arrest,3.9,ICU,U006,F02,2026-08-15 09:00:00,Transfer Approved
P02807,28,Non-Binary,Low,Multi-organ Dysfunction,2.4,ICU,U001,F01,2026-08-29 07:00:00,Admitted
P02808,44,Male,Low,Post-Cardiac Arrest,2.6,ICU,U001,F01,2026-08-09 17:00:00,Admitted
P02809,56,Male,Medium,Post-Cardiac Arrest,4.4,ICU,U011,F03,2026-08-08 22:00:00,Pending Transfer
P02810,33,Female,Low,Bronchiolitis,2.6,Pediatrics,U004,F01,2026-08-11 07:00:00,Pending Transfer
P02811,49,Non-Binary,Medium,Tumor Lysis Syndrome,4.3,Oncology,U015,F03,2026-08-02 10:00:00,Admitted
P02812,43,Male,Medium,Post-Cardiac Arrest,5.1,ICU,U001,F01,2026-08-23 01:00:00,Admitted
P02813,51,Female,High,Congenital Heart Defect,7.4,Pediatrics,U009,F02,2026-08-12 12:00:00,Discharged
P02814,21,Male,Low,Febrile Neutropenia,3.0,ICU,U010,F02,2026-08-18 10:00:00,Admitted
P02815,42,Male,High,Chemotherapy Monitoring,7.0,Oncology,U005,F01,2026-08-24 00:00:00,Pending Transfer
P02816,86,Non-Binary,Low,Post-Operative Recovery,3.3,ICU,U008,F02,2026-08-04 14:00:00,Admitted
P02817,65,Female,Low,Chemotherapy Monitoring,2.7,Oncology,U015,F03,2026-08-05 10:00:00,Pending Transfer
P02818,38,Non-Binary,High,Cellulitis,7.5,Emergency,U003,F01,2026-08-06 20:00:00,Admitted
P02819,4,Female,Medium,Pneumonia,5.3,Med-Surg,U003,F01,2026-08-30 08:00:00,Admitted
P02820,90,Male,High,Septic Shock,8.5,ICU,U011,F03,2026-08-22 04:00:00,Admitted
P02821,24,Female,Medium,Stroke,5.1,Emergency,U007,F02,2026-08-12 01:00:00,Pending Transfer
P02822,2,Male,Low,Palliative Care,3.0,Oncology,U005,F01,2026-08-02 02:00:00,Admitted
P02823,41,Male,Low,Multi-organ Dysfunction,1.9,ICU,U006,F02,2026-08-06 11:00:00,Transfer Approved
P02824,84,Non-Binary,Low,Stroke,2.4,Emergency,U012,F03,2026-08-11 01:00:00,Pending Transfer
P02825,57,Female,Medium,Chemotherapy Monitoring,5.4,Oncology,U015,F03,2026-08-25 14:00:00,Transfer Approved
P02826,91,Male,Medium,Bronchiolitis,4.4,Pediatrics,U009,F02,2026-08-30 11:00:00,Admitted
P02827,91,Non-Binary,Low,Pneumonia,2.8,Med-Surg,U003,F01,2026-08-22 02:00:00,Admitted
P02828,7,Male,Low,Congenital Heart Defect,2.1,Pediatrics,U014,F03,2026-08-07 09:00:00,Pending Transfer
P02829,2,Male,Critical,Polytrauma,8.5,Emergency,U012,F03,2026-08-31 01:00:00,Admitted
P02830,28,Female,Medium,Chemotherapy Monitoring,4.5,Oncology,U010,F02,2026-08-25 09:00:00,Admitted
P02831,9,Male,High,Tumor Lysis Syndrome,7.4,Oncology,U015,F03,2026-08-31 07:00:00,Admitted
P02832,84,Female,Low,Bronchiolitis,3.4,Pediatrics,U014,F03,2026-08-25 07:00:00,Admitted
P02833,48,Non-Binary,Critical,Multi-organ Dysfunction,9.3,ICU,U006,F02,2026-08-03 01:00:00,Admitted
P02834,8,Female,Low,Cellulitis,2.6,Med-Surg,U008,F02,2026-08-21 00:00:00,Discharged
P02835,51,Non-Binary,Medium,Severe Abdominal Pain,5.4,Emergency,U007,F02,2026-08-18 01:00:00,Pending Transfer
P02836,10,Non-Binary,Medium,Palliative Care,4.9,Oncology,U010,F02,2026-08-02 22:00:00,Pending Transfer
P02837,31,Female,High,Tumor Lysis Syndrome,7.6,Oncology,U010,F02,2026-08-29 06:00:00,Pending Transfer
P02838,85,Male,Low,Pneumonia,2.1,Med-Surg,U008,F02,2026-08-12 07:00:00,Admitted
P02839,3,Male,Medium,Severe Abdominal Pain,4.5,Emergency,U002,F01,2026-08-28 05:00:00,Admitted
P02840,43,Female,Medium,Post-Operative Recovery,3.9,Med-Surg,U003,F01,2026-08-27 00:00:00,Transfer Approved
P02841,10,Female,Low,Diabetes Complications,3.5,Med-Surg,U013,F03,2026-08-05 12:00:00,Pending Transfer
P02842,24,Female,Low,Post-Operative Recovery,2.4,Med-Surg,U003,F01,2026-08-19 01:00:00,Discharged
P02843,81,Male,Low,Diabetes Complications,1.9,Med-Surg,U013,F03,2026-08-11 03:00:00,Admitted
P02844,9,Male,Low,Acute Respiratory Distress,2.6,ICU,U001,F01,2026-08-29 13:00:00,Transfer Approved
P02845,87,Male,Medium,Tumor Lysis Syndrome,4.0,Oncology,U005,F01,2026-08-31 17:00:00,Admitted
P02846,72,Female,High,Stroke,6.2,Emergency,U007,F02,2026-08-29 03:00:00,Admitted
P02847,12,Female,Medium,Post-Cardiac Arrest,4.4,ICU,U001,F01,2026-08-20 00:00:00,Admitted
P02848,37,Non-Binary,Low,Pneumonia,3.4,Med-Surg,U013,F03,2026-08-15 10:00:00,Admitted
P02849,73,Non-Binary,High,Severe Abdominal Pain,6.5,Emergency,U002,F01,2026-08-06 02:00:00,Transfer Approved
P02850,22,Non-Binary,Medium,Congenital Heart Defect,4.1,Pediatrics,U009,F02,2026-08-08 07:00:00,Admitted
P02851,54,Non-Binary,Medium,Bronchiolitis,5.1,Pediatrics,U009,F02,2026-08-05 14:00:00,Pending Transfer
P02852,48,Female,Medium,Septic Shock,3.7,ICU,U011,F03,2026-08-15 00:00:00,Admitted
P02853,89,Non-Binary,High,Febrile Neutropenia,5.5,Oncology,U005,F01,2026-08-03 11:00:00,Admitted
P02854,21,Male,Low,Acute Respiratory Distress,1.9,ICU,U001,F01,2026-08-31 05:00:00,Admitted
P02855,13,Non-Binary,Medium,Febrile Neutropenia,3.6,Oncology,U015,F03,2026-08-17 03:00:00,Discharged
P02856,67,Non-Binary,Medium,Congenital Heart Defect,4.9,Pediatrics,U014,F03,2026-08-19 03:00:00,Admitted
P02857,56,Male,Low,Post-Operative Recovery,2.5,Med-Surg,U013,F03,2026-08-12 10:00:00,Transfer Approved
P02858,71,Non-Binary,Low,Post-Operative Recovery,3.0,Med-Surg,U003,F01,2026-08-19 23:00:00,Pending Transfer
P02859,60,Non-Binary,Medium,Cellulitis,1.8,Med-Surg,U003,F01,2026-08-13 17:00:00,Admitted
P02860,67,Male,Medium,Post-Operative Recovery,5.0,Med-Surg,U008,F02,2026-08-30 07:00:00,Transfer Approved
P02861,62,Non-Binary,High,Acute Myocardial Infarction,5.7,Emergency,U007,F02,2026-08-20 04:00:00,Admitted
P02862,66,Non-Binary,Critical,Post-Cardiac Arrest,13.4,ICU,U006,F02,2026-08-09 10:00:00,Admitted
P02863,40,Male,Medium,Post-Operative Recovery,5.5,Med-Surg,U013,F03,2026-08-24 15:00:00,Admitted
P02864,21,Male,High,Polytrauma,6.0,Emergency,U012,F03,2026-08-10 17:00:00,Admitted
P02865,17,Non-Binary,Medium,Diabetes Complications,3.8,Med-Surg,U003,F01,2026-08-02 08:00:00,Admitted
P02866,12,Female,Medium,Pneumonia,4.5,Med-Surg,U008,F02,2026-08-07 23:00:00,Admitted
P02867,17,Non-Binary,Medium,Acute Respiratory Distress,3.6,ICU,U001,F01,2026-08-31 11:00:00,Admitted
P02868,74,Non-Binary,Low,Diabetes Complications,2.9,Med-Surg,U003,F01,2026-08-24 20:00:00,Admitted
P02869,2,Male,Medium,Acute Respiratory Distress,4.8,ICU,U006,F02,2026-08-09 22:00:00,Admitted
P02870,90,Male,Critical,Septic Shock,13.2,ICU,U011,F03,2026-08-15 15:00:00,Admitted
P02871,46,Male,Medium,Chemotherapy Monitoring,4.0,Oncology,U015,F03,2026-08-02 04:00:00,Admitted
P02872,65,Male,Low,Post-Cardiac Arrest,2.2,Med-Surg,U001,F01,2026-08-13 06:00:00,Admitted
P02873,1,Non-Binary,Low,Acute Respiratory Distress,2.2,ICU,U011,F03,2026-08-08 14:00:00,Pending Transfer
P02874,59,Female,Medium,Tumor Lysis Syndrome,4.3,Oncology,U005,F01,2026-08-20 17:00:00,Admitted
P02875,29,Male,High,Post-Operative Recovery,7.6,Med-Surg,U003,F01,2026-08-20 02:00:00,Admitted
P02876,54,Non-Binary,Low,Post-Operative Recovery,2.4,Med-Surg,U013,F03,2026-08-20 01:00:00,Discharged
P02877,21,Non-Binary,Low,Acute Myocardial Infarction,1.7,Emergency,U007,F02,2026-08-09 07:00:00,Discharged
P02878,70,Female,Medium,Acute Respiratory Distress,4.7,ICU,U006,F02,2026-08-05 18:00:00,Admitted
P02879,11,Male,High,Chemotherapy Monitoring,6.8,ICU,U010,F02,2026-08-12 12:00:00,Pending Transfer
P02880,72,Female,High,Severe Abdominal Pain,8.0,Emergency,U002,F01,2026-08-15 01:00:00,Admitted
P02881,50,Male,Medium,Congenital Heart Defect,5.4,Oncology,U004,F01,2026-08-26 12:00:00,Pending Transfer
P02882,47,Female,High,Polytrauma,6.4,Emergency,U012,F03,2026-08-25 08:00:00,Admitted
P02883,39,Non-Binary,Medium,Post-Operative Recovery,4.4,Med-Surg,U003,F01,2026-08-07 21:00:00,Admitted
P02884,40,Non-Binary,High,Bronchiolitis,7.7,Pediatrics,U009,F02,2026-08-12 00:00:00,Discharged
P02885,39,Non-Binary,Low,Congenital Heart Defect,1.8,Pediatrics,U004,F01,2026-08-28 05:00:00,Admitted
P02886,50,Male,Low,Palliative Care,3.3,Oncology,U010,F02,2026-08-10 04:00:00,Transfer Approved
P02887,33,Male,Critical,Post-Cardiac Arrest,12.2,ICU,U006,F02,2026-08-24 10:00:00,Admitted
P02888,84,Non-Binary,Medium,Tumor Lysis Syndrome,4.0,Oncology,U005,F01,2026-08-22 16:00:00,Discharged
P02889,66,Non-Binary,Medium,Chemotherapy Monitoring,4.6,Oncology,U015,F03,2026-08-20 21:00:00,Discharged
P02890,80,Male,Medium,Palliative Care,3.8,Oncology,U010,F02,2026-08-10 22:00:00,Admitted
P02891,11,Non-Binary,Medium,Cellulitis,4.0,Med-Surg,U003,F01,2026-08-11 07:00:00,Admitted
P02892,18,Non-Binary,Medium,Dehydration,5.4,Pediatrics,U009,F02,2026-08-06 11:00:00,Admitted
P02893,86,Male,High,Dehydration,7.1,Pediatrics,U014,F03,2026-08-09 06:00:00,Discharged
P02894,5,Non-Binary,Medium,Febrile Neutropenia,3.7,Oncology,U005,F01,2026-08-12 21:00:00,Pending Transfer
P02895,68,Female,High,Palliative Care,5.6,Oncology,U005,F01,2026-08-09 11:00:00,Admitted
P02896,60,Non-Binary,Low,Palliative Care,3.3,Oncology,U015,F03,2026-08-09 15:00:00,Admitted
P02897,43,Female,Critical,Severe Abdominal Pain,11.7,Emergency,U002,F01,2026-08-26 08:00:00,Admitted
P02898,82,Female,High,Acute Myocardial Infarction,6.6,Emergency,U002,F01,2026-08-12 18:00:00,Pending Transfer
P02899,61,Female,Low,Severe Abdominal Pain,2.3,Emergency,U012,F03,2026-08-25 16:00:00,Admitted
P02900,49,Male,Medium,Cellulitis,3.9,Med-Surg,U013,F03,2026-08-03 05:00:00,Discharged
P02901,44,Female,Low,Pneumonia,1.5,Med-Surg,U003,F01,2026-08-01 18:00:00,Admitted
P02902,43,Non-Binary,Low,Stroke,2.5,Emergency,U002,F01,2026-08-06 12:00:00,Admitted
P02903,77,Male,Medium,Pneumonia,5.1,Med-Surg,U003,F01,2026-08-13 12:00:00,Admitted
P02904,39,Female,High,Diabetes Complications,5.8,Med-Surg,U003,F01,2026-08-01 14:00:00,Admitted
P02905,36,Male,Medium,Acute Myocardial Infarction,4.2,Emergency,U012,F03,2026-08-04 08:00:00,Admitted
P02906,24,Female,Low,Pediatric Asthma,3.4,Pediatrics,U009,F02,2026-08-22 08:00:00,Admitted
P02907,84,Non-Binary,Medium,Febrile Neutropenia,4.0,Oncology,U010,F02,2026-08-31 13:00:00,Transfer Approved
P02908,15,Female,Medium,Multi-organ Dysfunction,5.3,ICU,U011,F03,2026-08-26 01:00:00,Admitted
P02909,58,Non-Binary,Critical,Severe Abdominal Pain,9.7,Emergency,U002,F01,2026-08-08 03:00:00,Admitted
P02910,88,Male,Medium,Post-Operative Recovery,4.6,Med-Surg,U008,F02,2026-08-04 15:00:00,Pending Transfer
P02911,68,Female,High,Diabetes Complications,5.9,Med-Surg,U003,F01,2026-08-12 23:00:00,Admitted
P02912,71,Female,Low,Acute Respiratory Distress,3.3,ICU,U011,F03,2026-08-11 05:00:00,Admitted
P02913,27,Female,Critical,Pneumonia,12.6,Med-Surg,U003,F01,2026-08-29 16:00:00,Pending Transfer
P02914,59,Female,High,Tumor Lysis Syndrome,8.0,Oncology,U010,F02,2026-08-22 15:00:00,Admitted
P02915,7,Male,Medium,Palliative Care,3.9,Oncology,U005,F01,2026-08-28 20:00:00,Admitted
P02916,87,Male,Medium,Cellulitis,5.1,Med-Surg,U013,F03,2026-08-27 04:00:00,Transfer Approved
P02917,29,Female,Low,Post-Cardiac Arrest,2.4,ICU,U001,F01,2026-08-13 21:00:00,Admitted
P02918,42,Female,Low,Diabetes Complications,2.5,Med-Surg,U003,F01,2026-08-30 01:00:00,Admitted
P02919,83,Male,Low,Tumor Lysis Syndrome,3.1,Oncology,U010,F02,2026-08-30 17:00:00,Admitted
P02920,9,Male,Critical,Dehydration,10.3,Pediatrics,U014,F03,2026-08-02 01:00:00,Pending Transfer
P02921,4,Male,Low,Post-Cardiac Arrest,3.2,ICU,U001,F01,2026-08-05 02:00:00,Pending Transfer
P02922,40,Male,Medium,Stroke,4.4,Emergency,U002,F01,2026-08-07 03:00:00,Pending Transfer
P02923,55,Male,Medium,Pneumonia,4.0,Med-Surg,U003,F01,2026-08-26 03:00:00,Admitted
P02924,28,Female,Medium,Acute Respiratory Distress,4.5,ICU,U006,F02,2026-08-02 06:00:00,Discharged
P02925,16,Male,Critical,Congenital Heart Defect,11.9,Pediatrics,U009,F02,2026-08-05 16:00:00,Pending Transfer
P02926,51,Male,Low,Polytrauma,2.7,Emergency,U007,F02,2026-08-24 20:00:00,Admitted
P02927,63,Male,Critical,Tumor Lysis Syndrome,9.2,Oncology,U015,F03,2026-08-20 11:00:00,Admitted
P02928,85,Non-Binary,High,Febrile Neutropenia,8.2,Oncology,U015,F03,2026-08-05 20:00:00,Admitted
P02929,89,Female,High,Bronchiolitis,7.6,Pediatrics,U014,F03,2026-08-17 19:00:00,Discharged
P02930,78,Male,Low,Pediatric Asthma,2.1,Pediatrics,U009,F02,2026-08-23 22:00:00,Admitted
P02931,29,Female,Medium,Febrile Neutropenia,3.8,Oncology,U015,F03,2026-08-03 16:00:00,Admitted
P02932,45,Male,Low,Severe Abdominal Pain,2.3,Emergency,U012,F03,2026-08-18 14:00:00,Admitted
P02933,6,Non-Binary,Medium,Septic Shock,4.3,ICU,U011,F03,2026-08-31 03:00:00,Admitted
P02934,65,Male,High,Acute Myocardial Infarction,6.6,Pediatrics,U012,F03,2026-08-04 04:00:00,Admitted
P02935,51,Male,Medium,Tumor Lysis Syndrome,4.8,Oncology,U010,F02,2026-08-18 07:00:00,Admitted
P02936,72,Non-Binary,Medium,Septic Shock,4.9,ICU,U011,F03,2026-08-16 21:00:00,Admitted
P02937,81,Female,High,Multi-organ Dysfunction,7.1,ICU,U001,F01,2026-08-13 15:00:00,Pending Transfer
P02938,26,Female,Low,Severe Abdominal Pain,3.0,Emergency,U012,F03,2026-08-07 06:00:00,Admitted
P02939,89,Male,Low,Acute Myocardial Infarction,3.4,Emergency,U007,F02,2026-08-17 00:00:00,Discharged
P02940,82,Male,High,Dehydration,6.3,Pediatrics,U014,F03,2026-08-18 21:00:00,Admitted
P02941,73,Male,High,Bronchiolitis,6.0,Pediatrics,U009,F02,2026-08-13 01:00:00,Admitted
P02942,49,Male,Low,Multi-organ Dysfunction,1.9,ICU,U001,F01,2026-08-29 12:00:00,Admitted
P02943,32,Non-Binary,Low,Severe Abdominal Pain,3.2,Emergency,U002,F01,2026-08-28 20:00:00,Admitted
P02944,15,Non-Binary,Low,Post-Operative Recovery,2.0,Med-Surg,U013,F03,2026-08-16 08:00:00,Admitted
P02945,14,Male,Medium,Post-Operative Recovery,4.5,Med-Surg,U003,F01,2026-08-28 17:00:00,Admitted
P02946,40,Male,High,Pneumonia,5.9,Med-Surg,U013,F03,2026-08-03 07:00:00,Pending Transfer
P02947,50,Male,Medium,Severe Abdominal Pain,4.8,Emergency,U007,F02,2026-08-10 21:00:00,Admitted
P02948,52,Male,Medium,Cellulitis,4.8,Med-Surg,U003,F01,2026-08-11 23:00:00,Admitted
P02949,36,Female,Medium,Acute Respiratory Distress,4.2,ICU,U006,F02,2026-08-03 05:00:00,Admitted
P02950,81,Non-Binary,Critical,Post-Operative Recovery,10.5,Med-Surg,U008,F02,2026-08-24 08:00:00,Admitted
P02951,10,Male,Critical,Dehydration,10.3,Pediatrics,U014,F03,2026-08-19 21:00:00,Admitted
P02952,12,Non-Binary,Low,Congenital Heart Defect,2.7,Pediatrics,U009,F02,2026-08-11 14:00:00,Admitted
P02953,71,Female,Low,Dehydration,3.1,ICU,U004,F01,2026-08-26 04:00:00,Admitted
P02954,3,Female,Medium,Bronchiolitis,4.4,Pediatrics,U014,F03,2026-08-01 02:00:00,Admitted
P02955,80,Non-Binary,Low,Palliative Care,1.7,Oncology,U010,F02,2026-08-03 04:00:00,Pending Transfer
P02956,40,Male,Low,Bronchiolitis,2.6,Pediatrics,U004,F01,2026-08-14 19:00:00,Admitted
P02957,52,Female,Medium,Congenital Heart Defect,4.3,Pediatrics,U014,F03,2026-08-17 15:00:00,Admitted
P02958,28,Male,Low,Bronchiolitis,2.4,Pediatrics,U004,F01,2026-08-08 02:00:00,Pending Transfer
P02959,78,Male,Medium,Diabetes Complications,4.4,Med-Surg,U013,F03,2026-08-25 00:00:00,Admitted
P02960,59,Female,Medium,Cellulitis,4.8,Med-Surg,U008,F02,2026-08-08 20:00:00,Transfer Approved
P02961,27,Non-Binary,Medium,Pneumonia,3.9,Med-Surg,U003,F01,2026-08-21 12:00:00,Discharged
P02962,43,Female,Medium,Septic Shock,3.6,ICU,U001,F01,2026-08-24 18:00:00,Discharged
P02963,82,Female,Low,Septic Shock,2.0,ICU,U006,F02,2026-08-06 03:00:00,Discharged
P02964,76,Male,High,Tumor Lysis Syndrome,8.0,Oncology,U005,F01,2026-08-16 12:00:00,Admitted
P02965,35,Female,Low,Severe Abdominal Pain,3.1,Emergency,U007,F02,2026-08-01 22:00:00,Admitted
P02966,7,Male,Medium,Diabetes Complications,4.3,Med-Surg,U013,F03,2026-08-13 09:00:00,Admitted
P02967,40,Non-Binary,Low,Palliative Care,2.5,Oncology,U010,F02,2026-08-15 18:00:00,Admitted
P02968,58,Female,Medium,Polytrauma,4.3,Emergency,U007,F02,2026-08-29 11:00:00,Transfer Approved
P02969,55,Non-Binary,Low,Post-Operative Recovery,2.0,Med-Surg,U008,F02,2026-08-01 13:00:00,Admitted
P02970,32,Female,Critical,Tumor Lysis Syndrome,12.3,Oncology,U005,F01,2026-08-02 18:00:00,Admitted
P02971,50,Female,Low,Palliative Care,2.7,Oncology,U010,F02,2026-08-15 02:00:00,Admitted
P02972,15,Non-Binary,Low,Multi-organ Dysfunction,1.8,ICU,U006,F02,2026-08-08 10:00:00,Transfer Approved
P02973,27,Male,Medium,Pneumonia,4.7,Med-Surg,U008,F02,2026-08-06 11:00:00,Admitted
P02974,45,Male,Low,Acute Myocardial Infarction,2.6,Emergency,U002,F01,2026-08-22 06:00:00,Admitted
P02975,55,Female,Low,Diabetes Complications,3.5,Med-Surg,U003,F01,2026-08-20 09:00:00,Admitted
P02976,68,Non-Binary,Medium,Tumor Lysis Syndrome,4.7,Oncology,U005,F01,2026-08-10 13:00:00,Transfer Approved
P02977,85,Female,Medium,Bronchiolitis,4.1,Pediatrics,U014,F03,2026-08-09 09:00:00,Admitted
P02978,29,Female,Medium,Pneumonia,5.1,Med-Surg,U003,F01,2026-08-10 19:00:00,Admitted
P02979,16,Female,Low,Diabetes Complications,3.0,Med-Surg,U008,F02,2026-08-23 08:00:00,Admitted
P02980,36,Non-Binary,Critical,Severe Abdominal Pain,10.1,Emergency,U012,F03,2026-08-09 13:00:00,Admitted
P02981,34,Male,Medium,Febrile Neutropenia,3.8,Med-Surg,U015,F03,2026-08-17 13:00:00,Pending Transfer
P02982,17,Non-Binary,Low,Severe Abdominal Pain,2.9,Emergency,U007,F02,2026-08-19 21:00:00,Admitted
P02983,69,Non-Binary,Low,Multi-organ Dysfunction,1.7,ICU,U001,F01,2026-08-31 00:00:00,Pending Transfer
P02984,74,Female,High,Acute Myocardial Infarction,5.7,Emergency,U012,F03,2026-08-28 15:00:00,Admitted
P02985,6,Female,Medium,Multi-organ Dysfunction,4.1,ICU,U006,F02,2026-08-12 06:00:00,Admitted
P02986,37,Non-Binary,Low,Post-Cardiac Arrest,2.2,ICU,U011,F03,2026-08-19 04:00:00,Admitted
P02987,17,Male,Medium,Diabetes Complications,3.5,Med-Surg,U013,F03,2026-08-19 13:00:00,Admitted
P02988,39,Female,Low,Acute Respiratory Distress,1.8,ICU,U006,F02,2026-08-19 01:00:00,Admitted
P02989,4,Male,Medium,Dehydration,3.7,Pediatrics,U014,F03,2026-08-07 23:00:00,Admitted
P02990,60,Female,Medium,Cellulitis,5.2,Med-Surg,U008,F02,2026-08-20 12:00:00,Admitted
P02991,25,Female,Critical,Stroke,12.0,Emergency,U007,F02,2026-08-31 00:00:00,Admitted
P02992,72,Female,Low,Chemotherapy Monitoring,3.3,Oncology,U015,F03,2026-08-31 02:00:00,Admitted
P02993,34,Non-Binary,Low,Tumor Lysis Syndrome,2.6,Oncology,U015,F03,2026-08-23 10:00:00,Admitted
P02994,51,Female,High,Febrile Neutropenia,5.8,Oncology,U010,F02,2026-08-18 17:00:00,Pending Transfer
P02995,48,Male,Medium,Febrile Neutropenia,4.1,Oncology,U015,F03,2026-08-27 13:00:00,Admitted
P02996,21,Non-Binary,Low,Diabetes Complications,1.6,Med-Surg,U008,F02,2026-08-10 14:00:00,Admitted
P02997,38,Male,Critical,Tumor Lysis Syndrome,10.7,Oncology,U005,F01,2026-08-01 09:00:00,Admitted
P02998,30,Non-Binary,Medium,Congenital Heart Defect,4.9,Pediatrics,U009,F02,2026-08-24 22:00:00,Transfer Approved
P02999,87,Non-Binary,Low,Post-Cardiac Arrest,3.1,ICU,U001,F01,2026-08-01 01:00:00,Transfer Approved
P03000,71,Non-Binary,Medium,Multi-organ Dysfunction,4.9,ICU,U001,F01,2026-08-19 08:00:00,Admitted
P03001,49,Non-Binary,High,Polytrauma,6.0,Emergency,U012,F03,2026-08-03 20:00:00,Admitted
P03002,85,Female,Low,Congenital Heart Defect,2.5,Med-Surg,U004,F01,2026-08-07 01:00:00,Admitted
P03003,39,Male,Medium,Multi-organ Dysfunction,3.6,ICU,U006,F02,2026-08-26 11:00:00,Admitted
P03004,7,Male,Low,Acute Myocardial Infarction,3.1,Emergency,U002,F01,2026-08-09 13:00:00,Transfer Approved
P03005,51,Female,Medium,Bronchiolitis,4.4,Pediatrics,U014,F03,2026-08-28 05:00:00,Transfer Approved
P03006,26,Male,Medium,Septic Shock,4.5,ICU,U011,F03,2026-08-26 07:00:00,Pending Transfer
P03007,2,Male,Low,Chemotherapy Monitoring,1.8,Oncology,U005,F01,2026-08-04 06:00:00,Admitted
P03008,27,Male,Low,Diabetes Complications,1.5,Med-Surg,U008,F02,2026-08-14 14:00:00,Transfer Approved
P03009,57,Male,Critical,Acute Respiratory Distress,12.2,ICU,U006,F02,2026-08-15 11:00:00,Pending Transfer
P03010,2,Female,Low,Severe Abdominal Pain,1.8,Emergency,U012,F03,2026-08-20 11:00:00,Admitted
P03011,41,Male,Critical,Post-Operative Recovery,3.8,Med-Surg,U008,F02,2026-08-07 01:00:00,Admitted
P03012,11,Male,Medium,Acute Myocardial Infarction,5.0,Emergency,U012,F03,2026-08-09 15:00:00,Admitted
P03013,22,Male,Medium,Chemotherapy Monitoring,3.9,Oncology,U015,F03,2026-08-31 04:00:00,Admitted
P03014,6,Male,High,Stroke,6.9,Emergency,U012,F03,2026-08-26 18:00:00,Pending Transfer
P03015,3,Male,Low,Congenital Heart Defect,2.9,Pediatrics,U014,F03,2026-08-22 04:00:00,Admitted
P03016,38,Male,Medium,Dehydration,3.6,Pediatrics,U004,F01,2026-08-24 13:00:00,Admitted
P03017,34,Non-Binary,Low,Congenital Heart Defect,3.0,Pediatrics,U009,F02,2026-08-27 15:00:00,Transfer Approved
P03018,83,Non-Binary,Medium,Post-Cardiac Arrest,4.1,ICU,U011,F03,2026-08-04 19:00:00,Admitted
P03019,77,Male,High,Stroke,5.7,Emergency,U012,F03,2026-08-18 07:00:00,Admitted
P03020,69,Female,High,Acute Myocardial Infarction,7.9,Emergency,U007,F02,2026-08-05 10:00:00,Admitted
P03021,65,Male,Critical,Diabetes Complications,9.4,Med-Surg,U008,F02,2026-08-26 18:00:00,Admitted
P03022,89,Female,Low,Cellulitis,2.3,Med-Surg,U008,F02,2026-08-23 08:00:00,Admitted
P03023,65,Non-Binary,Medium,Acute Myocardial Infarction,5.4,Emergency,U012,F03,2026-08-21 06:00:00,Admitted
P03024,58,Non-Binary,Critical,Chemotherapy Monitoring,12.9,ICU,U005,F01,2026-08-03 01:00:00,Admitted
P03025,16,Non-Binary,Low,Post-Cardiac Arrest,3.4,Med-Surg,U006,F02,2026-08-23 17:00:00,Pending Transfer
P03026,54,Non-Binary,Low,Polytrauma,2.8,Emergency,U012,F03,2026-08-29 02:00:00,Admitted
P03027,59,Male,Low,Post-Cardiac Arrest,2.1,Emergency,U011,F03,2026-08-20 04:00:00,Admitted
P03028,46,Male,High,Dehydration,7.6,Pediatrics,U009,F02,2026-08-11 23:00:00,Admitted
P03029,15,Female,Medium,Pediatric Asthma,3.8,Pediatrics,U009,F02,2026-08-16 12:00:00,Pending Transfer
P03030,33,Male,Low,Acute Myocardial Infarction,2.6,Emergency,U002,F01,2026-08-01 11:00:00,Pending Transfer
P03031,38,Male,Medium,Septic Shock,3.7,ICU,U011,F03,2026-08-22 10:00:00,Pending Transfer
P03032,88,Female,Critical,Cellulitis,13.2,Med-Surg,U003,F01,2026-08-07 23:00:00,Admitted
P03033,1,Non-Binary,Low,Acute Myocardial Infarction,1.9,Emergency,U007,F02,2026-08-10 14:00:00,Admitted
P03034,3,Female,Low,Post-Cardiac Arrest,2.5,ICU,U001,F01,2026-08-11 00:00:00,Admitted
P03035,35,Female,Critical,Acute Respiratory Distress,12.9,Med-Surg,U001,F01,2026-08-20 21:00:00,Pending Transfer
P03036,49,Non-Binary,Low,Tumor Lysis Syndrome,1.6,Oncology,U010,F02,2026-08-11 06:00:00,Admitted
P03037,88,Female,Low,Severe Abdominal Pain,2.0,Emergency,U002,F01,2026-08-06 12:00:00,Admitted
P03038,55,Non-Binary,Medium,Septic Shock,3.8,ICU,U011,F03,2026-08-24 10:00:00,Pending Transfer
P03039,54,Male,Critical,Dehydration,9.5,Pediatrics,U004,F01,2026-08-16 10:00:00,Admitted
P03040,22,Male,Medium,Stroke,4.6,ICU,U007,F02,2026-08-29 12:00:00,Admitted
P03041,45,Non-Binary,Medium,Chemotherapy Monitoring,3.8,Oncology,U005,F01,2026-08-01 20:00:00,Admitted
P03042,48,Non-Binary,Critical,Febrile Neutropenia,9.3,Oncology,U015,F03,2026-08-03 10:00:00,Admitted
P03043,53,Male,High,Polytrauma,6.0,Emergency,U002,F01,2026-08-25 21:00:00,Admitted
P03044,90,Non-Binary,Medium,Congenital Heart Defect,4.0,Pediatrics,U004,F01,2026-08-22 23:00:00,Admitted
P03045,20,Non-Binary,Medium,Palliative Care,3.8,Oncology,U015,F03,2026-08-10 21:00:00,Admitted
P03046,24,Male,High,Severe Abdominal Pain,6.6,Emergency,U012,F03,2026-08-09 19:00:00,Admitted
P03047,66,Male,Low,Pneumonia,1.7,Med-Surg,U003,F01,2026-08-04 07:00:00,Admitted
P03048,84,Non-Binary,Medium,Post-Operative Recovery,3.6,Med-Surg,U008,F02,2026-08-28 07:00:00,Pending Transfer
P03049,91,Male,High,Post-Operative Recovery,8.0,Emergency,U013,F03,2026-08-04 05:00:00,Pending Transfer
P03050,10,Female,Medium,Dehydration,4.5,Pediatrics,U009,F02,2026-08-04 22:00:00,Admitted
P03051,48,Non-Binary,High,Diabetes Complications,8.1,Med-Surg,U008,F02,2026-08-18 15:00:00,Admitted
P03052,52,Female,Low,Pediatric Asthma,1.7,Pediatrics,U004,F01,2026-08-17 10:00:00,Transfer Approved
P03053,34,Non-Binary,Medium,Pediatric Asthma,4.3,Pediatrics,U009,F02,2026-08-25 04:00:00,Admitted
P03054,87,Male,Low,Pediatric Asthma,3.1,Pediatrics,U009,F02,2026-08-30 16:00:00,Admitted
P03055,64,Female,Medium,Congenital Heart Defect,4.0,Pediatrics,U009,F02,2026-08-11 23:00:00,Admitted
P03056,50,Non-Binary,Low,Post-Cardiac Arrest,2.1,ICU,U011,F03,2026-08-24 09:00:00,Admitted
P03057,16,Non-Binary,Low,Severe Abdominal Pain,2.9,Emergency,U002,F01,2026-08-22 05:00:00,Pending Transfer
P03058,15,Non-Binary,Low,Diabetes Complications,2.9,Med-Surg,U013,F03,2026-08-05 05:00:00,Admitted
P03059,10,Male,Low,Acute Myocardial Infarction,1.5,Emergency,U002,F01,2026-08-02 09:00:00,Admitted
P03060,21,Non-Binary,Medium,Stroke,4.6,Emergency,U007,F02,2026-08-04 09:00:00,Admitted
P03061,63,Non-Binary,Low,Post-Operative Recovery,1.7,Med-Surg,U008,F02,2026-08-15 04:00:00,Admitted
P03062,53,Non-Binary,Low,Stroke,2.7,Emergency,U002,F01,2026-08-21 05:00:00,Admitted
P03063,66,Non-Binary,High,Bronchiolitis,5.8,Pediatrics,U014,F03,2026-08-02 07:00:00,Admitted
P03064,56,Female,Low,Post-Cardiac Arrest,1.5,ICU,U006,F02,2026-08-06 22:00:00,Admitted
P03065,1,Male,Low,Acute Respiratory Distress,2.2,ICU,U001,F01,2026-08-06 17:00:00,Pending Transfer
P03066,44,Male,Medium,Post-Cardiac Arrest,3.9,Med-Surg,U001,F01,2026-08-21 01:00:00,Admitted
P03067,42,Male,Low,Stroke,2.0,Emergency,U007,F02,2026-08-08 17:00:00,Admitted
P03068,91,Male,High,Tumor Lysis Syndrome,7.2,Oncology,U010,F02,2026-08-14 19:00:00,Admitted
P03069,22,Non-Binary,High,Pediatric Asthma,5.7,Pediatrics,U014,F03,2026-08-23 13:00:00,Admitted
P03070,21,Female,Medium,Palliative Care,5.4,Oncology,U005,F01,2026-08-06 17:00:00,Admitted
P03071,27,Non-Binary,High,Palliative Care,7.5,Oncology,U015,F03,2026-08-07 06:00:00,Admitted
P03072,62,Female,Low,Post-Operative Recovery,2.5,Med-Surg,U013,F03,2026-08-29 20:00:00,Transfer Approved
P03073,70,Female,Medium,Acute Myocardial Infarction,4.3,Emergency,U012,F03,2026-08-14 17:00:00,Admitted
P03074,40,Male,Low,Polytrauma,3.4,Emergency,U002,F01,2026-08-22 16:00:00,Admitted
P03075,21,Male,High,Febrile Neutropenia,7.7,Oncology,U015,F03,2026-08-22 17:00:00,Admitted
P03076,66,Non-Binary,High,Acute Myocardial Infarction,6.5,Emergency,U002,F01,2026-08-24 19:00:00,Pending Transfer
P03077,9,Non-Binary,Low,Severe Abdominal Pain,2.2,Emergency,U007,F02,2026-08-24 22:00:00,Admitted
P03078,3,Female,Low,Post-Cardiac Arrest,2.5,ICU,U006,F02,2026-08-14 20:00:00,Admitted
P03079,48,Non-Binary,High,Diabetes Complications,5.5,Med-Surg,U013,F03,2026-08-18 16:00:00,Admitted
P03080,13,Non-Binary,Medium,Tumor Lysis Syndrome,4.0,Emergency,U015,F03,2026-08-15 19:00:00,Discharged
P03081,57,Female,Low,Acute Respiratory Distress,2.4,ICU,U006,F02,2026-08-04 11:00:00,Admitted
P03082,76,Female,Low,Bronchiolitis,2.6,Pediatrics,U004,F01,2026-08-22 15:00:00,Admitted
P03083,23,Non-Binary,Low,Post-Operative Recovery,3.5,Med-Surg,U003,F01,2026-08-05 22:00:00,Admitted
P03084,51,Female,Medium,Multi-organ Dysfunction,4.9,ICU,U006,F02,2026-08-18 12:00:00,Transfer Approved
P03085,22,Non-Binary,Low,Dehydration,2.6,Med-Surg,U014,F03,2026-08-15 06:00:00,Admitted
P03086,40,Non-Binary,Medium,Diabetes Complications,2.2,Med-Surg,U003,F01,2026-08-09 21:00:00,Admitted
P03087,56,Non-Binary,Low,Pediatric Asthma,3.0,Pediatrics,U014,F03,2026-08-29 04:00:00,Admitted
P03088,75,Non-Binary,Low,Acute Respiratory Distress,2.4,ICU,U001,F01,2026-08-05 19:00:00,Admitted
P03089,53,Female,Low,Multi-organ Dysfunction,1.6,ICU,U006,F02,2026-08-20 12:00:00,Admitted
P03090,63,Male,Medium,Chemotherapy Monitoring,4.6,Oncology,U005,F01,2026-08-10 21:00:00,Transfer Approved
P03091,88,Female,Medium,Dehydration,4.6,Pediatrics,U014,F03,2026-08-28 18:00:00,Admitted
P03092,37,Female,Low,Tumor Lysis Syndrome,1.7,Oncology,U005,F01,2026-08-26 19:00:00,Admitted
P03093,65,Female,Low,Post-Operative Recovery,2.3,Med-Surg,U003,F01,2026-08-27 14:00:00,Pending Transfer
P03094,67,Non-Binary,Medium,Multi-organ Dysfunction,3.9,ICU,U006,F02,2026-08-18 17:00:00,Discharged
P03095,14,Female,High,Multi-organ Dysfunction,7.8,ICU,U011,F03,2026-08-09 09:00:00,Admitted
P03096,41,Male,Critical,Febrile Neutropenia,12.1,Oncology,U010,F02,2026-08-13 00:00:00,Transfer Approved
P03097,42,Male,Medium,Post-Operative Recovery,5.2,Med-Surg,U013,F03,2026-08-06 12:00:00,Pending Transfer
P03098,18,Female,Low,Pediatric Asthma,2.3,Pediatrics,U014,F03,2026-08-20 01:00:00,Transfer Approved
P03099,3,Non-Binary,Low,Septic Shock,2.0,ICU,U001,F01,2026-08-12 16:00:00,Admitted
P03100,14,Male,High,Acute Respiratory Distress,7.2,ICU,U006,F02,2026-08-18 06:00:00,Admitted
P03101,86,Male,Critical,Dehydration,11.2,Pediatrics,U014,F03,2026-08-18 17:00:00,Transfer Approved
P03102,31,Non-Binary,Medium,Cellulitis,4.0,Med-Surg,U003,F01,2026-08-04 17:00:00,Admitted
P03103,45,Female,Low,Septic Shock,1.5,ICU,U001,F01,2026-08-15 11:00:00,Transfer Approved
P03104,2,Male,Critical,Pediatric Asthma,9.7,Pediatrics,U009,F02,2026-08-24 12:00:00,Admitted
P03105,87,Female,Low,Chemotherapy Monitoring,2.7,Oncology,U015,F03,2026-08-20 11:00:00,Admitted
P03106,83,Male,Medium,Acute Respiratory Distress,5.3,ICU,U011,F03,2026-08-13 09:00:00,Admitted
P03107,13,Non-Binary,High,Pneumonia,7.8,Med-Surg,U008,F02,2026-08-15 17:00:00,Admitted
P03108,86,Female,Low,Post-Cardiac Arrest,2.4,Pediatrics,U011,F03,2026-08-30 23:00:00,Admitted
P03109,3,Non-Binary,High,Chemotherapy Monitoring,7.1,Oncology,U010,F02,2026-08-29 20:00:00,Admitted
P03110,5,Male,Low,Pediatric Asthma,2.8,Pediatrics,U014,F03,2026-08-12 22:00:00,Discharged
P03111,16,Male,Low,Bronchiolitis,2.0,Pediatrics,U004,F01,2026-08-31 08:00:00,Admitted
P03112,17,Non-Binary,Medium,Chemotherapy Monitoring,4.3,Oncology,U005,F01,2026-08-11 13:00:00,Admitted
P03113,72,Female,Low,Multi-organ Dysfunction,1.8,ICU,U006,F02,2026-08-13 04:00:00,Transfer Approved
P03114,17,Male,Critical,Stroke,13.5,Emergency,U012,F03,2026-08-14 15:00:00,Admitted
P03115,18,Female,Critical,Severe Abdominal Pain,12.7,Emergency,U007,F02,2026-08-28 05:00:00,Transfer Approved
P03116,16,Non-Binary,Critical,Polytrauma,10.3,Emergency,U012,F03,2026-08-21 20:00:00,Admitted
P03117,85,Female,Medium,Severe Abdominal Pain,5.1,Emergency,U007,F02,2026-08-10 15:00:00,Admitted
P03118,50,Female,High,Dehydration,7.6,Pediatrics,U004,F01,2026-08-20 07:00:00,Admitted
P03119,77,Female,Low,Stroke,1.8,Emergency,U002,F01,2026-08-27 07:00:00,Admitted
P03120,69,Male,High,Stroke,5.5,Emergency,U002,F01,2026-08-05 09:00:00,Admitted
P03121,43,Non-Binary,Medium,Multi-organ Dysfunction,3.9,ICU,U006,F02,2026-08-27 19:00:00,Admitted
P03122,8,Male,Critical,Febrile Neutropenia,10.7,Oncology,U005,F01,2026-08-31 02:00:00,Pending Transfer
P03123,9,Non-Binary,Low,Palliative Care,2.0,Oncology,U005,F01,2026-08-05 20:00:00,Admitted
P03124,60,Female,Medium,Acute Myocardial Infarction,4.4,Emergency,U012,F03,2026-08-21 17:00:00,Admitted
P03125,32,Non-Binary,Medium,Pneumonia,4.6,Med-Surg,U008,F02,2026-08-11 17:00:00,Admitted
P03126,42,Male,Critical,Septic Shock,11.7,ICU,U011,F03,2026-08-22 11:00:00,Pending Transfer
P03127,18,Non-Binary,Low,Multi-organ Dysfunction,1.7,ICU,U001,F01,2026-08-17 10:00:00,Pending Transfer
P03128,63,Female,Low,Pediatric Asthma,2.5,ICU,U009,F02,2026-08-17 20:00:00,Pending Transfer
P03129,7,Female,Low,Multi-organ Dysfunction,2.7,ICU,U001,F01,2026-08-15 09:00:00,Admitted
P03130,35,Female,Medium,Septic Shock,5.0,ICU,U011,F03,2026-08-12 04:00:00,Admitted
P03131,39,Female,Low,Stroke,1.7,Emergency,U002,F01,2026-08-15 03:00:00,Admitted
P03132,46,Non-Binary,Low,Tumor Lysis Syndrome,2.9,Oncology,U015,F03,2026-08-15 06:00:00,Admitted
P03133,34,Female,Low,Septic Shock,1.6,ICU,U006,F02,2026-08-17 17:00:00,Admitted
P03134,4,Male,Medium,Diabetes Complications,3.7,Med-Surg,U013,F03,2026-08-03 02:00:00,Admitted
P03135,89,Male,Critical,Diabetes Complications,13.0,Med-Surg,U003,F01,2026-08-20 05:00:00,Admitted
P03136,55,Male,High,Palliative Care,7.0,Oncology,U015,F03,2026-08-26 17:00:00,Admitted
P03137,9,Female,Medium,Febrile Neutropenia,4.5,Oncology,U015,F03,2026-08-01 09:00:00,Transfer Approved
P03138,72,Female,Critical,Bronchiolitis,10.2,Emergency,U004,F01,2026-08-04 14:00:00,Admitted
P03139,89,Female,High,Cellulitis,6.5,Med-Surg,U003,F01,2026-08-30 10:00:00,Admitted
P03140,29,Female,High,Post-Operative Recovery,5.8,Med-Surg,U008,F02,2026-08-04 11:00:00,Admitted
P03141,55,Non-Binary,Medium,Post-Cardiac Arrest,3.9,ICU,U006,F02,2026-08-13 15:00:00,Admitted
P03142,12,Non-Binary,High,Post-Cardiac Arrest,6.8,ICU,U001,F01,2026-08-06 18:00:00,Admitted
P03143,51,Non-Binary,High,Chemotherapy Monitoring,8.5,Oncology,U005,F01,2026-08-27 12:00:00,Admitted
P03144,18,Non-Binary,Low,Pneumonia,3.3,Med-Surg,U013,F03,2026-08-14 08:00:00,Admitted
P03145,44,Male,Medium,Polytrauma,4.9,Emergency,U012,F03,2026-08-18 19:00:00,Admitted
P03146,71,Female,Medium,Post-Cardiac Arrest,4.0,Emergency,U011,F03,2026-08-27 21:00:00,Pending Transfer
P03147,91,Female,Low,Bronchiolitis,1.7,Oncology,U009,F02,2026-08-14 21:00:00,Transfer Approved
P03148,67,Female,Critical,Tumor Lysis Syndrome,9.4,Oncology,U005,F01,2026-08-09 23:00:00,Admitted
P03149,66,Non-Binary,Low,Pneumonia,2.7,Med-Surg,U008,F02,2026-08-27 21:00:00,Admitted
P03150,79,Non-Binary,High,Palliative Care,7.2,Oncology,U005,F01,2026-08-18 11:00:00,Admitted
P03151,63,Female,Low,Pneumonia,2.5,Med-Surg,U013,F03,2026-08-17 23:00:00,Admitted
P03152,15,Non-Binary,Medium,Polytrauma,3.9,Oncology,U012,F03,2026-08-15 23:00:00,Pending Transfer
P03153,69,Non-Binary,Medium,Post-Operative Recovery,5.1,Med-Surg,U013,F03,2026-08-18 06:00:00,Admitted
P03154,82,Non-Binary,High,Congenital Heart Defect,8.2,Pediatrics,U009,F02,2026-08-30 10:00:00,Pending Transfer
P03155,75,Non-Binary,High,Multi-organ Dysfunction,8.2,ICU,U011,F03,2026-08-11 03:00:00,Admitted
P03156,35,Male,Low,Cellulitis,2.5,Med-Surg,U003,F01,2026-08-17 12:00:00,Pending Transfer
P03157,67,Male,High,Acute Respiratory Distress,6.0,ICU,U001,F01,2026-08-01 06:00:00,Admitted
P03158,68,Non-Binary,Low,Dehydration,3.0,Pediatrics,U009,F02,2026-08-04 02:00:00,Discharged
P03159,74,Male,Low,Post-Cardiac Arrest,3.2,Med-Surg,U011,F03,2026-08-19 00:00:00,Admitted
P03160,3,Non-Binary,High,Bronchiolitis,8.0,Pediatrics,U004,F01,2026-08-19 01:00:00,Pending Transfer
P03161,48,Female,High,Febrile Neutropenia,7.2,Oncology,U010,F02,2026-08-14 18:00:00,Admitted
P03162,27,Male,Low,Stroke,1.7,Emergency,U012,F03,2026-08-11 23:00:00,Admitted
P03163,65,Non-Binary,Low,Acute Respiratory Distress,3.0,ICU,U001,F01,2026-08-24 00:00:00,Pending Transfer
P03164,86,Female,Low,Bronchiolitis,1.8,Pediatrics,U004,F01,2026-08-24 23:00:00,Pending Transfer
P03165,16,Male,High,Septic Shock,7.9,Emergency,U011,F03,2026-08-31 17:00:00,Admitted
P03166,17,Non-Binary,Medium,Palliative Care,4.1,Oncology,U015,F03,2026-08-11 11:00:00,Admitted
P03167,16,Male,Medium,Severe Abdominal Pain,3.6,Oncology,U002,F01,2026-08-11 17:00:00,Admitted
P03168,13,Non-Binary,Medium,Acute Respiratory Distress,3.6,ICU,U006,F02,2026-08-29 04:00:00,Admitted
P03169,39,Male,Low,Cellulitis,1.9,Med-Surg,U013,F03,2026-08-30 22:00:00,Admitted
P03170,68,Female,Medium,Septic Shock,4.3,ICU,U011,F03,2026-08-30 14:00:00,Admitted
P03171,11,Male,Critical,Dehydration,11.3,Pediatrics,U004,F01,2026-08-19 07:00:00,Admitted
P03172,27,Female,Critical,Septic Shock,12.9,ICU,U006,F02,2026-08-21 10:00:00,Admitted
P03173,70,Female,High,Severe Abdominal Pain,5.8,Emergency,U002,F01,2026-08-10 14:00:00,Admitted
P03174,86,Male,Low,Post-Operative Recovery,2.8,Med-Surg,U013,F03,2026-08-27 12:00:00,Admitted
P03175,31,Non-Binary,Medium,Palliative Care,4.6,Oncology,U010,F02,2026-08-26 03:00:00,Admitted
P03176,13,Female,Low,Pneumonia,2.0,Med-Surg,U008,F02,2026-08-20 01:00:00,Admitted
P03177,85,Male,Medium,Diabetes Complications,4.4,Med-Surg,U008,F02,2026-08-01 05:00:00,Admitted
P03178,70,Non-Binary,Medium,Palliative Care,5.5,Oncology,U005,F01,2026-08-14 00:00:00,Discharged
P03179,44,Male,Low,Dehydration,1.9,Med-Surg,U004,F01,2026-08-09 02:00:00,Admitted
P03180,91,Non-Binary,Medium,Cellulitis,3.7,Med-Surg,U013,F03,2026-08-20 22:00:00,Admitted
P03181,60,Female,High,Diabetes Complications,6.5,Med-Surg,U003,F01,2026-08-21 09:00:00,Admitted
P03182,53,Female,High,Post-Operative Recovery,8.4,Med-Surg,U013,F03,2026-08-02 06:00:00,Admitted
P03183,86,Non-Binary,Medium,Polytrauma,3.8,Emergency,U012,F03,2026-08-01 08:00:00,Admitted
P03184,19,Female,Low,Congenital Heart Defect,1.9,Pediatrics,U009,F02,2026-08-28 16:00:00,Admitted
P03185,14,Female,High,Tumor Lysis Syndrome,7.5,Oncology,U015,F03,2026-08-17 18:00:00,Admitted
P03186,30,Non-Binary,High,Tumor Lysis Syndrome,7.9,Oncology,U005,F01,2026-08-19 13:00:00,Admitted
P03187,74,Male,Low,Severe Abdominal Pain,2.5,Emergency,U012,F03,2026-08-25 21:00:00,Transfer Approved
P03188,78,Non-Binary,Low,Acute Respiratory Distress,2.6,ICU,U006,F02,2026-08-18 08:00:00,Admitted
P03189,79,Non-Binary,High,Cellulitis,7.8,Med-Surg,U003,F01,2026-08-25 11:00:00,Admitted
P03190,15,Non-Binary,High,Febrile Neutropenia,8.0,Oncology,U010,F02,2026-08-18 23:00:00,Admitted
P03191,59,Male,Medium,Cellulitis,3.7,Med-Surg,U013,F03,2026-08-07 00:00:00,Pending Transfer
P03192,83,Female,Low,Chemotherapy Monitoring,3.1,Oncology,U005,F01,2026-08-27 08:00:00,Transfer Approved
P03193,5,Male,Low,Pneumonia,3.4,Med-Surg,U008,F02,2026-08-25 16:00:00,Admitted
P03194,9,Non-Binary,Critical,Post-Cardiac Arrest,9.6,ICU,U001,F01,2026-08-21 23:00:00,Transfer Approved
P03195,46,Non-Binary,Low,Septic Shock,3.0,ICU,U001,F01,2026-08-10 15:00:00,Pending Transfer
P03196,58,Male,Low,Dehydration,1.7,Pediatrics,U004,F01,2026-08-20 00:00:00,Admitted
P03197,80,Male,Medium,Pneumonia,3.9,Med-Surg,U008,F02,2026-08-28 13:00:00,Admitted
P03198,3,Male,Medium,Bronchiolitis,4.3,Pediatrics,U004,F01,2026-08-26 05:00:00,Pending Transfer
P03199,6,Female,Medium,Pediatric Asthma,4.8,Pediatrics,U004,F01,2026-08-28 07:00:00,Pending Transfer
P03200,11,Non-Binary,Medium,Chemotherapy Monitoring,4.9,Oncology,U015,F03,2026-08-15 04:00:00,Admitted
P03201,1,Female,Critical,Multi-organ Dysfunction,8.9,Pediatrics,U001,F01,2026-08-23 18:00:00,Transfer Approved
P03202,91,Female,Medium,Polytrauma,4.6,Emergency,U007,F02,2026-08-12 07:00:00,Admitted
P03203,71,Non-Binary,High,Polytrauma,5.7,Emergency,U007,F02,2026-08-20 09:00:00,Admitted
P03204,13,Non-Binary,Critical,Bronchiolitis,9.3,Pediatrics,U004,F01,2026-08-31 14:00:00,Admitted
P03205,4,Non-Binary,High,Congenital Heart Defect,6.0,Pediatrics,U014,F03,2026-08-09 18:00:00,Admitted
P03206,53,Male,Medium,Bronchiolitis,3.9,Pediatrics,U004,F01,2026-08-27 09:00:00,Admitted
P03207,19,Male,Low,Stroke,1.5,Emergency,U007,F02,2026-08-23 20:00:00,Admitted
P03208,87,Male,Low,Febrile Neutropenia,2.3,Oncology,U010,F02,2026-08-27 19:00:00,Admitted
P03209,7,Male,Low,Acute Myocardial Infarction,2.1,Emergency,U007,F02,2026-08-04 22:00:00,Admitted
P03210,49,Male,Low,Polytrauma,2.4,Emergency,U012,F03,2026-08-13 14:00:00,Admitted
P03211,89,Non-Binary,Medium,Acute Myocardial Infarction,3.6,Emergency,U002,F01,2026-08-25 01:00:00,Admitted
P03212,5,Non-Binary,Critical,Multi-organ Dysfunction,12.8,ICU,U006,F02,2026-08-29 13:00:00,Admitted
P03213,18,Male,Medium,Tumor Lysis Syndrome,3.9,Oncology,U005,F01,2026-08-19 00:00:00,Pending Transfer
P03214,2,Female,Medium,Post-Cardiac Arrest,4.5,ICU,U001,F01,2026-08-02 03:00:00,Admitted
P03215,64,Male,Medium,Diabetes Complications,4.2,Med-Surg,U013,F03,2026-08-31 00:00:00,Transfer Approved
P03216,4,Female,Critical,Bronchiolitis,11.9,ICU,U009,F02,2026-08-21 14:00:00,Pending Transfer
P03217,22,Male,Low,Pediatric Asthma,1.7,Pediatrics,U009,F02,2026-08-13 18:00:00,Admitted
P03218,6,Non-Binary,High,Severe Abdominal Pain,8.2,Emergency,U002,F01,2026-08-16 04:00:00,Admitted
P03219,24,Male,Low,Chemotherapy Monitoring,3.1,Oncology,U010,F02,2026-08-28 22:00:00,Pending Transfer
P03220,36,Non-Binary,Low,Cellulitis,3.1,Med-Surg,U003,F01,2026-08-04 18:00:00,Admitted
P03221,22,Non-Binary,High,Chemotherapy Monitoring,6.9,Med-Surg,U005,F01,2026-08-10 07:00:00,Admitted
P03222,53,Male,Low,Acute Myocardial Infarction,3.2,Emergency,U012,F03,2026-08-10 04:00:00,Admitted
P03223,24,Female,Low,Diabetes Complications,1.7,Med-Surg,U013,F03,2026-08-05 10:00:00,Transfer Approved
P03224,24,Male,Medium,Pneumonia,5.0,Med-Surg,U013,F03,2026-08-24 21:00:00,Admitted
P03225,3,Non-Binary,Low,Pneumonia,2.1,Med-Surg,U003,F01,2026-08-26 15:00:00,Admitted
P03226,24,Female,High,Post-Operative Recovery,6.1,Med-Surg,U013,F03,2026-08-21 20:00:00,Transfer Approved
P03227,46,Female,Low,Post-Operative Recovery,1.9,Med-Surg,U008,F02,2026-08-14 02:00:00,Admitted
P03228,84,Female,High,Multi-organ Dysfunction,7.7,Emergency,U006,F02,2026-08-09 11:00:00,Admitted
P03229,89,Female,Medium,Pneumonia,3.7,ICU,U003,F01,2026-08-04 18:00:00,Admitted
P03230,86,Male,Low,Multi-organ Dysfunction,3.4,ICU,U011,F03,2026-08-30 02:00:00,Admitted
P03231,22,Female,High,Cellulitis,8.5,Med-Surg,U008,F02,2026-08-24 19:00:00,Admitted
P03232,69,Female,Medium,Multi-organ Dysfunction,4.5,ICU,U006,F02,2026-08-29 16:00:00,Admitted
P03233,87,Female,Medium,Febrile Neutropenia,3.9,Oncology,U005,F01,2026-08-02 00:00:00,Admitted
P03234,65,Non-Binary,Medium,Pneumonia,4.1,Med-Surg,U013,F03,2026-08-17 23:00:00,Admitted
P03235,30,Female,Medium,Pediatric Asthma,5.5,Pediatrics,U009,F02,2026-08-02 15:00:00,Admitted
P03236,38,Non-Binary,Low,Diabetes Complications,1.7,Med-Surg,U013,F03,2026-08-02 12:00:00,Admitted
P03237,74,Non-Binary,Medium,Acute Myocardial Infarction,4.3,Emergency,U007,F02,2026-08-21 04:00:00,Admitted
P03238,26,Female,High,Septic Shock,6.3,ICU,U006,F02,2026-08-14 08:00:00,Admitted
P03239,58,Male,Medium,Diabetes Complications,3.7,Med-Surg,U008,F02,2026-08-17 13:00:00,Admitted
P03240,41,Female,Medium,Palliative Care,6.1,Oncology,U010,F02,2026-08-01 05:00:00,Admitted
P03241,9,Male,High,Diabetes Complications,7.7,Med-Surg,U003,F01,2026-08-31 23:00:00,Admitted
P03242,19,Male,High,Tumor Lysis Syndrome,8.2,Emergency,U005,F01,2026-08-25 06:00:00,Pending Transfer
P03243,1,Male,Low,Pediatric Asthma,1.5,Pediatrics,U014,F03,2026-08-08 09:00:00,Admitted
P03244,92,Female,Medium,Palliative Care,4.0,Oncology,U015,F03,2026-08-01 00:00:00,Pending Transfer
P03245,67,Non-Binary,Medium,Pediatric Asthma,3.7,Pediatrics,U009,F02,2026-08-26 00:00:00,Discharged
P03246,3,Non-Binary,Medium,Chemotherapy Monitoring,4.3,Oncology,U005,F01,2026-08-21 04:00:00,Transfer Approved
P03247,31,Male,Medium,Congenital Heart Defect,3.9,Pediatrics,U004,F01,2026-08-27 18:00:00,Admitted
P03248,87,Non-Binary,High,Severe Abdominal Pain,7.7,Emergency,U012,F03,2026-08-13 00:00:00,Admitted
P03249,70,Non-Binary,Medium,Pneumonia,4.1,Med-Surg,U013,F03,2026-08-31 02:00:00,Admitted
P03250,71,Female,Medium,Congenital Heart Defect,5.5,Pediatrics,U009,F02,2026-08-02 01:00:00,Admitted
P03251,3,Non-Binary,Low,Multi-organ Dysfunction,2.9,ICU,U006,F02,2026-08-04 03:00:00,Admitted
P03252,32,Female,Low,Post-Operative Recovery,3.4,Med-Surg,U013,F03,2026-08-03 10:00:00,Admitted
P03253,12,Non-Binary,High,Dehydration,7.6,Pediatrics,U004,F01,2026-08-05 18:00:00,Admitted
P03254,40,Male,Critical,Acute Respiratory Distress,9.5,ICU,U001,F01,2026-08-28 21:00:00,Discharged
P03255,2,Male,Critical,Multi-organ Dysfunction,9.6,ICU,U001,F01,2026-08-09 13:00:00,Admitted
P03256,53,Male,Medium,Congenital Heart Defect,4.1,Pediatrics,U004,F01,2026-08-20 19:00:00,Admitted
P03257,33,Female,Medium,Tumor Lysis Syndrome,5.2,Oncology,U005,F01,2026-08-05 22:00:00,Transfer Approved
P03258,7,Male,High,Chemotherapy Monitoring,7.2,Oncology,U005,F01,2026-08-21 23:00:00,Admitted
P03259,3,Male,Low,Acute Respiratory Distress,2.9,ICU,U001,F01,2026-08-05 20:00:00,Pending Transfer
P03260,29,Non-Binary,Medium,Palliative Care,4.7,Oncology,U010,F02,2026-08-31 00:00:00,Admitted
P03261,20,Female,Low,Septic Shock,1.6,ICU,U001,F01,2026-08-29 02:00:00,Pending Transfer
P03262,64,Female,Medium,Pneumonia,5.3,Med-Surg,U003,F01,2026-08-26 11:00:00,Admitted
P03263,82,Male,Medium,Post-Cardiac Arrest,4.1,ICU,U011,F03,2026-08-08 11:00:00,Admitted
P03264,59,Male,Critical,Acute Respiratory Distress,10.1,ICU,U006,F02,2026-08-04 17:00:00,Admitted
P03265,18,Non-Binary,High,Dehydration,5.8,Pediatrics,U014,F03,2026-08-14 02:00:00,Admitted
P03266,81,Male,Low,Stroke,2.2,Pediatrics,U012,F03,2026-08-04 01:00:00,Admitted
P03267,8,Female,Low,Acute Myocardial Infarction,1.9,Emergency,U002,F01,2026-08-14 00:00:00,Admitted
P03268,7,Male,Critical,Febrile Neutropenia,11.6,Oncology,U015,F03,2026-08-15 02:00:00,Pending Transfer
P03269,4,Male,Low,Febrile Neutropenia,1.9,Oncology,U015,F03,2026-08-19 23:00:00,Admitted
P03270,81,Female,Low,Polytrauma,2.2,Emergency,U002,F01,2026-08-21 08:00:00,Admitted
P03271,69,Non-Binary,Low,Tumor Lysis Syndrome,1.5,Oncology,U005,F01,2026-08-14 10:00:00,Admitted
P03272,29,Non-Binary,High,Stroke,6.4,Emergency,U002,F01,2026-08-29 09:00:00,Admitted
P03273,84,Male,Medium,Septic Shock,5.5,ICU,U001,F01,2026-08-08 20:00:00,Admitted
P03274,39,Female,Medium,Polytrauma,3.7,Emergency,U002,F01,2026-08-01 11:00:00,Admitted
P03275,64,Non-Binary,Low,Diabetes Complications,3.4,Med-Surg,U008,F02,2026-08-28 04:00:00,Admitted
P03276,34,Male,Critical,Stroke,11.6,Emergency,U007,F02,2026-08-16 13:00:00,Transfer Approved
P03277,69,Male,Medium,Febrile Neutropenia,5.4,Oncology,U005,F01,2026-08-24 21:00:00,Admitted
P03278,17,Female,Medium,Acute Myocardial Infarction,4.3,Emergency,U012,F03,2026-08-17 12:00:00,Admitted
P03279,54,Non-Binary,High,Cellulitis,8.3,Med-Surg,U008,F02,2026-08-26 12:00:00,Admitted
P03280,20,Male,High,Dehydration,8.5,Pediatrics,U004,F01,2026-08-20 14:00:00,Admitted
P03281,53,Non-Binary,Medium,Post-Cardiac Arrest,4.5,ICU,U006,F02,2026-08-26 19:00:00,Admitted
P03282,38,Female,High,Post-Cardiac Arrest,8.0,ICU,U011,F03,2026-08-19 01:00:00,Admitted
P03283,82,Male,Low,Multi-organ Dysfunction,1.5,ICU,U006,F02,2026-08-30 03:00:00,Admitted
P03284,66,Female,Medium,Post-Cardiac Arrest,5.5,ICU,U001,F01,2026-08-05 07:00:00,Admitted
P03285,41,Female,Low,Diabetes Complications,2.1,Med-Surg,U013,F03,2026-08-14 23:00:00,Admitted
P03286,49,Non-Binary,Low,Febrile Neutropenia,3.4,Oncology,U010,F02,2026-08-11 20:00:00,Admitted
P03287,56,Female,High,Multi-organ Dysfunction,6.0,ICU,U006,F02,2026-08-26 05:00:00,Admitted
P03288,3,Female,Low,Stroke,3.1,Emergency,U007,F02,2026-08-03 03:00:00,Admitted
P03289,13,Non-Binary,Low,Palliative Care,3.0,Oncology,U005,F01,2026-08-03 16:00:00,Discharged
P03290,19,Female,Medium,Febrile Neutropenia,3.5,Oncology,U010,F02,2026-08-08 09:00:00,Pending Transfer
P03291,29,Female,Critical,Stroke,11.3,Emergency,U002,F01,2026-08-26 05:00:00,Admitted
P03292,9,Non-Binary,Low,Multi-organ Dysfunction,2.7,ICU,U011,F03,2026-08-01 12:00:00,Admitted
P03293,52,Female,High,Pediatric Asthma,6.5,ICU,U009,F02,2026-08-02 05:00:00,Admitted
P03294,12,Male,Low,Pneumonia,2.1,Med-Surg,U008,F02,2026-08-09 02:00:00,Admitted
P03295,24,Male,Medium,Polytrauma,3.7,Emergency,U012,F03,2026-08-10 19:00:00,Transfer Approved
P03296,68,Female,Low,Post-Operative Recovery,3.1,Med-Surg,U003,F01,2026-08-05 03:00:00,Admitted
P03297,92,Non-Binary,Medium,Severe Abdominal Pain,3.6,Emergency,U007,F02,2026-08-02 22:00:00,Admitted
P03298,26,Male,High,Post-Cardiac Arrest,7.2,ICU,U011,F03,2026-08-20 01:00:00,Discharged
P03299,11,Male,High,Multi-organ Dysfunction,5.6,Med-Surg,U001,F01,2026-08-30 15:00:00,Pending Transfer
P03300,15,Male,Low,Post-Operative Recovery,3.0,Med-Surg,U003,F01,2026-08-04 18:00:00,Pending Transfer
P03301,60,Non-Binary,Low,Congenital Heart Defect,1.6,Pediatrics,U014,F03,2026-08-29 20:00:00,Admitted
P03302,50,Male,High,Pneumonia,7.6,Med-Surg,U013,F03,2026-08-25 01:00:00,Admitted
P03303,65,Female,High,Chemotherapy Monitoring,7.2,Oncology,U010,F02,2026-08-21 14:00:00,Transfer Approved
P03304,68,Female,Medium,Pneumonia,5.3,Med-Surg,U008,F02,2026-08-03 06:00:00,Admitted
P03305,57,Female,High,Acute Myocardial Infarction,6.5,Emergency,U002,F01,2026-08-04 00:00:00,Pending Transfer
P03306,61,Male,Low,Severe Abdominal Pain,2.5,Emergency,U007,F02,2026-08-25 14:00:00,Admitted
P03307,77,Male,Low,Diabetes Complications,2.4,Med-Surg,U003,F01,2026-08-04 13:00:00,Admitted
P03308,4,Non-Binary,Critical,Polytrauma,12.8,Emergency,U007,F02,2026-08-27 04:00:00,Admitted
P03309,17,Male,Medium,Cellulitis,4.0,Med-Surg,U013,F03,2026-08-04 17:00:00,Transfer Approved
P03310,26,Female,Low,Dehydration,3.2,Pediatrics,U009,F02,2026-08-18 03:00:00,Admitted
P03311,1,Male,Medium,Tumor Lysis Syndrome,4.6,Oncology,U015,F03,2026-08-23 17:00:00,Transfer Approved
P03312,47,Female,Critical,Cellulitis,13.3,Med-Surg,U008,F02,2026-08-01 05:00:00,Admitted
P03313,84,Female,Medium,Stroke,3.9,Emergency,U002,F01,2026-08-07 12:00:00,Admitted
P03314,24,Male,Medium,Acute Respiratory Distress,4.3,Pediatrics,U001,F01,2026-08-20 21:00:00,Admitted
P03315,49,Non-Binary,Medium,Multi-organ Dysfunction,5.2,ICU,U011,F03,2026-08-22 15:00:00,Admitted
P03316,3,Female,Medium,Congenital Heart Defect,4.9,Pediatrics,U009,F02,2026-08-14 19:00:00,Admitted
P03317,89,Male,Low,Diabetes Complications,2.7,Med-Surg,U008,F02,2026-08-30 11:00:00,Admitted
P03318,90,Non-Binary,Medium,Diabetes Complications,3.7,ICU,U003,F01,2026-08-27 13:00:00,Transfer Approved
P03319,39,Male,Low,Cellulitis,1.6,Med-Surg,U003,F01,2026-08-01 06:00:00,Pending Transfer
P03320,26,Female,Low,Pediatric Asthma,3.5,Pediatrics,U014,F03,2026-08-21 16:00:00,Admitted
P03321,34,Male,High,Tumor Lysis Syndrome,8.0,Oncology,U015,F03,2026-08-23 03:00:00,Admitted
P03322,80,Non-Binary,Low,Bronchiolitis,2.7,Pediatrics,U014,F03,2026-08-28 09:00:00,Pending Transfer
P03323,65,Male,Low,Septic Shock,1.5,ICU,U006,F02,2026-08-04 23:00:00,Admitted
P03324,55,Non-Binary,Low,Pediatric Asthma,3.1,Pediatrics,U009,F02,2026-08-08 01:00:00,Admitted
P03325,19,Male,Medium,Tumor Lysis Syndrome,5.3,Oncology,U010,F02,2026-08-24 11:00:00,Admitted
P03326,92,Non-Binary,High,Congenital Heart Defect,7.6,Pediatrics,U004,F01,2026-08-26 07:00:00,Transfer Approved
P03327,30,Non-Binary,High,Tumor Lysis Syndrome,6.2,Oncology,U005,F01,2026-08-03 00:00:00,Admitted
P03328,42,Male,High,Polytrauma,8.1,Emergency,U002,F01,2026-08-16 13:00:00,Pending Transfer
P03329,34,Male,Medium,Post-Cardiac Arrest,4.5,ICU,U006,F02,2026-08-26 13:00:00,Transfer Approved
P03330,16,Female,High,Palliative Care,6.2,Oncology,U005,F01,2026-08-24 03:00:00,Transfer Approved
P03331,18,Non-Binary,Medium,Polytrauma,5.3,Emergency,U007,F02,2026-08-11 03:00:00,Admitted
P03332,18,Male,Low,Tumor Lysis Syndrome,3.0,Oncology,U015,F03,2026-08-04 10:00:00,Admitted
P03333,47,Female,Low,Acute Myocardial Infarction,2.3,Emergency,U012,F03,2026-08-02 21:00:00,Transfer Approved
P03334,77,Female,Medium,Diabetes Complications,4.0,Med-Surg,U013,F03,2026-08-05 09:00:00,Pending Transfer
P03335,38,Female,Medium,Pneumonia,5.0,Med-Surg,U013,F03,2026-08-15 14:00:00,Admitted
P03336,19,Male,Medium,Pneumonia,3.6,Med-Surg,U003,F01,2026-08-15 06:00:00,Admitted
P03337,8,Non-Binary,Medium,Congenital Heart Defect,3.7,Pediatrics,U004,F01,2026-08-09 20:00:00,Pending Transfer
P03338,62,Non-Binary,Low,Febrile Neutropenia,2.5,Oncology,U015,F03,2026-08-07 03:00:00,Admitted
P03339,63,Female,Low,Stroke,3.5,Emergency,U002,F01,2026-08-25 05:00:00,Admitted
P03340,57,Female,Low,Post-Operative Recovery,3.2,Med-Surg,U008,F02,2026-08-11 22:00:00,Pending Transfer
P03341,59,Non-Binary,Low,Acute Myocardial Infarction,2.3,Emergency,U012,F03,2026-08-06 10:00:00,Admitted
P03342,34,Female,Low,Congenital Heart Defect,3.5,Pediatrics,U014,F03,2026-08-06 17:00:00,Transfer Approved
P03343,67,Female,Low,Acute Respiratory Distress,2.4,ICU,U011,F03,2026-08-05 00:00:00,Admitted
P03344,58,Non-Binary,Critical,Cellulitis,12.3,Med-Surg,U013,F03,2026-08-31 02:00:00,Admitted
P03345,91,Male,Medium,Dehydration,3.9,Pediatrics,U004,F01,2026-08-30 12:00:00,Admitted
P03346,61,Female,High,Septic Shock,6.6,ICU,U001,F01,2026-08-29 16:00:00,Transfer Approved
P03347,56,Non-Binary,Medium,Congenital Heart Defect,4.7,Pediatrics,U009,F02,2026-08-22 22:00:00,Pending Transfer
P03348,4,Female,Low,Palliative Care,2.7,Oncology,U015,F03,2026-08-02 22:00:00,Discharged
P03349,43,Female,Low,Septic Shock,2.0,ICU,U011,F03,2026-08-01 21:00:00,Admitted
P03350,68,Non-Binary,Low,Febrile Neutropenia,2.4,Oncology,U005,F01,2026-08-24 02:00:00,Admitted
P03351,42,Non-Binary,Low,Congenital Heart Defect,2.4,Pediatrics,U004,F01,2026-08-01 10:00:00,Transfer Approved
P03352,25,Non-Binary,Low,Tumor Lysis Syndrome,2.3,Pediatrics,U005,F01,2026-08-17 19:00:00,Admitted
P03353,60,Female,High,Dehydration,6.5,Pediatrics,U009,F02,2026-08-28 02:00:00,Transfer Approved
P03354,76,Non-Binary,Low,Acute Respiratory Distress,2.0,ICU,U011,F03,2026-08-09 04:00:00,Transfer Approved
P03355,24,Female,High,Diabetes Complications,8.1,Med-Surg,U013,F03,2026-08-05 14:00:00,Transfer Approved
P03356,27,Male,Low,Polytrauma,2.9,Emergency,U012,F03,2026-08-21 04:00:00,Admitted
P03357,62,Male,High,Polytrauma,7.8,Emergency,U002,F01,2026-08-27 11:00:00,Transfer Approved
P03358,84,Female,High,Palliative Care,7.3,Oncology,U010,F02,2026-08-04 13:00:00,Admitted
P03359,22,Male,Critical,Tumor Lysis Syndrome,9.4,Oncology,U005,F01,2026-08-12 03:00:00,Admitted
P03360,37,Female,Medium,Severe Abdominal Pain,4.7,Emergency,U012,F03,2026-08-12 05:00:00,Discharged
P03361,14,Female,Medium,Post-Operative Recovery,3.9,Med-Surg,U013,F03,2026-08-06 05:00:00,Admitted
P03362,4,Male,Low,Post-Cardiac Arrest,3.5,ICU,U006,F02,2026-08-26 17:00:00,Pending Transfer
P03363,2,Male,Medium,Tumor Lysis Syndrome,3.9,Oncology,U010,F02,2026-08-16 02:00:00,Pending Transfer
P03364,8,Female,Low,Pediatric Asthma,2.5,Pediatrics,U009,F02,2026-08-29 00:00:00,Admitted
P03365,28,Male,Medium,Congenital Heart Defect,5.3,Pediatrics,U009,F02,2026-08-25 01:00:00,Admitted
P03366,44,Non-Binary,Low,Acute Respiratory Distress,3.4,ICU,U001,F01,2026-08-07 06:00:00,Admitted
P03367,24,Female,Low,Severe Abdominal Pain,1.9,Emergency,U002,F01,2026-08-13 18:00:00,Admitted
P03368,29,Male,Low,Palliative Care,1.8,Oncology,U010,F02,2026-08-15 13:00:00,Transfer Approved
P03369,31,Non-Binary,Medium,Chemotherapy Monitoring,4.6,Oncology,U005,F01,2026-08-02 23:00:00,Admitted
P03370,51,Female,High,Tumor Lysis Syndrome,5.7,Oncology,U015,F03,2026-08-20 23:00:00,Admitted
P03371,79,Non-Binary,Low,Tumor Lysis Syndrome,1.7,Oncology,U010,F02,2026-08-24 19:00:00,Admitted
P03372,29,Male,Medium,Post-Cardiac Arrest,4.9,ICU,U006,F02,2026-08-16 05:00:00,Admitted
P03373,70,Male,Critical,Febrile Neutropenia,13.4,Oncology,U010,F02,2026-08-13 07:00:00,Admitted
P03374,45,Non-Binary,Low,Polytrauma,2.1,Emergency,U007,F02,2026-08-27 13:00:00,Transfer Approved
P03375,8,Male,Medium,Cellulitis,4.9,Med-Surg,U008,F02,2026-08-21 10:00:00,Pending Transfer
P03376,22,Female,Low,Febrile Neutropenia,2.6,Oncology,U015,F03,2026-08-07 18:00:00,Admitted
P03377,63,Female,Medium,Dehydration,3.5,Pediatrics,U014,F03,2026-08-17 17:00:00,Admitted
P03378,56,Female,Critical,Chemotherapy Monitoring,10.8,Oncology,U010,F02,2026-08-12 13:00:00,Admitted
P03379,3,Male,Medium,Pediatric Asthma,4.6,Pediatrics,U004,F01,2026-08-30 03:00:00,Pending Transfer
P03380,73,Male,Critical,Post-Operative Recovery,9.4,Med-Surg,U003,F01,2026-08-29 11:00:00,Admitted
P03381,39,Male,High,Polytrauma,6.3,Emergency,U012,F03,2026-08-30 01:00:00,Admitted
P03382,75,Male,Critical,Diabetes Complications,13.4,Med-Surg,U013,F03,2026-08-07 07:00:00,Admitted
P03383,27,Male,Low,Acute Respiratory Distress,3.4,ICU,U006,F02,2026-08-03 01:00:00,Pending Transfer
P03384,20,Female,High,Pneumonia,6.5,Med-Surg,U008,F02,2026-08-04 19:00:00,Admitted
P03385,29,Female,Medium,Pneumonia,4.2,Med-Surg,U003,F01,2026-08-29 01:00:00,Pending Transfer
P03386,29,Female,Medium,Tumor Lysis Syndrome,4.9,Oncology,U010,F02,2026-08-07 07:00:00,Discharged
P03387,25,Male,Medium,Pneumonia,5.2,Med-Surg,U013,F03,2026-08-06 18:00:00,Transfer Approved
P03388,55,Male,Low,Post-Operative Recovery,3.1,Oncology,U003,F01,2026-08-24 23:00:00,Pending Transfer
P03389,69,Non-Binary,Low,Febrile Neutropenia,1.7,Oncology,U005,F01,2026-08-26 08:00:00,Admitted
P03390,35,Male,Low,Diabetes Complications,3.3,Med-Surg,U008,F02,2026-08-25 19:00:00,Admitted
P03391,51,Female,Medium,Febrile Neutropenia,5.4,Oncology,U015,F03,2026-08-08 15:00:00,Admitted
P03392,52,Male,Low,Polytrauma,2.5,Emergency,U012,F03,2026-08-12 08:00:00,Admitted
P03393,21,Male,High,Chemotherapy Monitoring,6.7,Oncology,U005,F01,2026-08-28 08:00:00,Pending Transfer
P03394,83,Male,Low,Diabetes Complications,3.3,Med-Surg,U003,F01,2026-08-26 03:00:00,Admitted
P03395,76,Male,Low,Febrile Neutropenia,2.3,Emergency,U010,F02,2026-08-04 15:00:00,Admitted
P03396,48,Male,Medium,Cellulitis,3.8,Med-Surg,U013,F03,2026-08-31 08:00:00,Admitted
P03397,61,Female,Medium,Septic Shock,4.8,ICU,U001,F01,2026-08-30 12:00:00,Admitted
P03398,33,Female,Low,Polytrauma,3.3,Emergency,U012,F03,2026-08-01 19:00:00,Admitted
P03399,55,Male,Medium,Congenital Heart Defect,5.1,Pediatrics,U004,F01,2026-08-01 18:00:00,Admitted
P03400,76,Male,Medium,Tumor Lysis Syndrome,4.1,Oncology,U010,F02,2026-08-02 06:00:00,Admitted
P03401,22,Non-Binary,High,Acute Respiratory Distress,5.7,ICU,U006,F02,2026-08-28 10:00:00,Admitted
P03402,46,Male,Low,Pneumonia,1.7,Med-Surg,U003,F01,2026-08-25 04:00:00,Discharged
P03403,13,Non-Binary,Low,Polytrauma,2.5,Emergency,U007,F02,2026-08-02 16:00:00,Pending Transfer
P03404,57,Female,High,Cellulitis,7.4,Med-Surg,U008,F02,2026-08-20 04:00:00,Pending Transfer
P03405,48,Non-Binary,Medium,Stroke,5.2,Emergency,U007,F02,2026-08-03 16:00:00,Admitted
P03406,70,Male,Critical,Stroke,12.0,Emergency,U012,F03,2026-08-23 17:00:00,Pending Transfer
P03407,15,Non-Binary,Low,Bronchiolitis,3.0,Pediatrics,U009,F02,2026-08-10 17:00:00,Admitted
P03408,62,Female,Medium,Polytrauma,4.4,Emergency,U007,F02,2026-08-27 18:00:00,Admitted
P03409,26,Male,Low,Acute Myocardial Infarction,3.0,Emergency,U012,F03,2026-08-18 13:00:00,Admitted
P03410,46,Male,Medium,Multi-organ Dysfunction,5.2,ICU,U011,F03,2026-08-06 10:00:00,Pending Transfer
P03411,60,Non-Binary,Low,Tumor Lysis Syndrome,3.4,Oncology,U005,F01,2026-08-29 16:00:00,Transfer Approved
P03412,43,Non-Binary,Medium,Dehydration,5.0,Pediatrics,U014,F03,2026-08-27 23:00:00,Admitted
P03413,70,Male,Low,Tumor Lysis Syndrome,2.9,Oncology,U015,F03,2026-08-16 04:00:00,Admitted
P03414,52,Male,Low,Acute Respiratory Distress,3.0,ICU,U011,F03,2026-08-16 04:00:00,Admitted
P03415,85,Non-Binary,Critical,Septic Shock,10.5,ICU,U011,F03,2026-08-28 20:00:00,Admitted
P03416,41,Non-Binary,Low,Stroke,1.7,Emergency,U002,F01,2026-08-06 17:00:00,Admitted
P03417,21,Male,Medium,Septic Shock,5.2,ICU,U011,F03,2026-08-18 05:00:00,Pending Transfer
P03418,46,Non-Binary,Medium,Severe Abdominal Pain,3.8,Emergency,U002,F01,2026-08-10 14:00:00,Pending Transfer
P03419,23,Non-Binary,Medium,Palliative Care,3.9,Oncology,U005,F01,2026-08-29 05:00:00,Pending Transfer
P03420,83,Male,High,Chemotherapy Monitoring,8.1,Oncology,U005,F01,2026-08-06 07:00:00,Transfer Approved
P03421,36,Male,Medium,Dehydration,4.6,Pediatrics,U004,F01,2026-08-01 00:00:00,Admitted
P03422,78,Non-Binary,High,Post-Cardiac Arrest,6.7,ICU,U006,F02,2026-08-15 01:00:00,Admitted
P03423,18,Female,Low,Palliative Care,1.5,Oncology,U015,F03,2026-08-29 10:00:00,Admitted
P03424,7,Non-Binary,Medium,Stroke,4.4,Emergency,U007,F02,2026-08-16 09:00:00,Admitted
P03425,83,Male,Medium,Pediatric Asthma,4.9,Pediatrics,U004,F01,2026-08-02 23:00:00,Transfer Approved
P03426,11,Non-Binary,Medium,Diabetes Complications,4.0,Med-Surg,U013,F03,2026-08-18 19:00:00,Admitted
P03427,48,Male,Low,Febrile Neutropenia,2.1,Oncology,U005,F01,2026-08-03 18:00:00,Admitted
P03428,29,Female,Low,Pediatric Asthma,2.9,Pediatrics,U004,F01,2026-08-01 16:00:00,Pending Transfer
P03429,19,Female,Medium,Congenital Heart Defect,4.8,Pediatrics,U004,F01,2026-08-09 12:00:00,Admitted
P03430,15,Non-Binary,Low,Palliative Care,3.2,Pediatrics,U005,F01,2026-08-28 04:00:00,Admitted
P03431,51,Female,Medium,Febrile Neutropenia,4.9,Oncology,U005,F01,2026-08-12 00:00:00,Pending Transfer
P03432,2,Non-Binary,Medium,Pneumonia,4.0,Med-Surg,U008,F02,2026-08-09 13:00:00,Admitted
P03433,12,Female,Medium,Palliative Care,4.8,Oncology,U005,F01,2026-08-22 03:00:00,Admitted
P03434,27,Male,Medium,Severe Abdominal Pain,3.7,Emergency,U002,F01,2026-08-26 19:00:00,Admitted
P03435,34,Female,High,Acute Respiratory Distress,7.0,ICU,U006,F02,2026-08-31 06:00:00,Admitted
P03436,92,Male,Low,Congenital Heart Defect,2.2,Pediatrics,U014,F03,2026-08-10 03:00:00,Admitted
P03437,26,Female,Medium,Diabetes Complications,4.4,Med-Surg,U008,F02,2026-08-13 16:00:00,Admitted
P03438,47,Female,Medium,Severe Abdominal Pain,5.3,Emergency,U002,F01,2026-08-14 22:00:00,Transfer Approved
P03439,27,Female,Medium,Tumor Lysis Syndrome,3.9,Oncology,U010,F02,2026-08-27 08:00:00,Admitted
P03440,55,Male,Medium,Palliative Care,4.2,Oncology,U010,F02,2026-08-17 17:00:00,Transfer Approved
P03441,57,Male,Medium,Chemotherapy Monitoring,5.2,Oncology,U015,F03,2026-08-20 18:00:00,Pending Transfer
P03442,25,Male,Critical,Stroke,12.3,Emergency,U012,F03,2026-08-10 17:00:00,Admitted
P03443,29,Female,Medium,Multi-organ Dysfunction,4.0,ICU,U011,F03,2026-08-25 15:00:00,Admitted
P03444,22,Male,Low,Tumor Lysis Syndrome,2.2,Oncology,U010,F02,2026-08-26 06:00:00,Admitted
P03445,65,Female,Medium,Tumor Lysis Syndrome,4.4,Oncology,U010,F02,2026-08-01 05:00:00,Discharged
P03446,46,Female,Low,Pneumonia,3.0,Med-Surg,U003,F01,2026-08-25 04:00:00,Admitted
P03447,54,Non-Binary,High,Polytrauma,6.3,Emergency,U007,F02,2026-08-07 16:00:00,Pending Transfer
P03448,56,Non-Binary,Low,Multi-organ Dysfunction,1.6,ICU,U006,F02,2026-08-20 10:00:00,Admitted
P03449,30,Non-Binary,Medium,Stroke,4.5,Emergency,U002,F01,2026-08-24 08:00:00,Transfer Approved
P03450,23,Male,Low,Congenital Heart Defect,3.0,Pediatrics,U004,F01,2026-08-25 18:00:00,Transfer Approved
P03451,78,Male,Low,Pediatric Asthma,2.7,Pediatrics,U014,F03,2026-08-18 02:00:00,Admitted
P03452,34,Non-Binary,Medium,Cellulitis,3.6,Med-Surg,U008,F02,2026-08-21 20:00:00,Transfer Approved
P03453,53,Non-Binary,Medium,Polytrauma,4.1,Emergency,U002,F01,2026-08-31 16:00:00,Admitted
P03454,34,Female,High,Bronchiolitis,6.9,Pediatrics,U004,F01,2026-08-13 02:00:00,Discharged
P03455,70,Female,Medium,Stroke,5.3,Emergency,U012,F03,2026-08-14 14:00:00,Admitted
P03456,17,Non-Binary,Low,Post-Cardiac Arrest,3.0,ICU,U001,F01,2026-08-30 02:00:00,Admitted
P03457,48,Non-Binary,High,Dehydration,8.1,Med-Surg,U009,F02,2026-08-27 16:00:00,Admitted
P03458,78,Non-Binary,Low,Acute Respiratory Distress,3.4,ICU,U006,F02,2026-08-16 22:00:00,Pending Transfer
P03459,22,Non-Binary,Medium,Post-Operative Recovery,3.5,Med-Surg,U003,F01,2026-08-11 01:00:00,Admitted
P03460,90,Female,Low,Post-Cardiac Arrest,1.5,ICU,U006,F02,2026-08-12 13:00:00,Admitted
P03461,55,Male,Low,Tumor Lysis Syndrome,3.3,Oncology,U005,F01,2026-08-08 14:00:00,Admitted
P03462,35,Female,Low,Bronchiolitis,1.9,Pediatrics,U004,F01,2026-08-21 14:00:00,Admitted
P03463,86,Male,Low,Acute Respiratory Distress,3.1,ICU,U001,F01,2026-08-26 03:00:00,Admitted
P03464,71,Male,Medium,Bronchiolitis,5.0,Pediatrics,U014,F03,2026-08-29 15:00:00,Admitted
P03465,74,Non-Binary,Medium,Dehydration,5.1,Pediatrics,U009,F02,2026-08-25 16:00:00,Admitted
P03466,58,Non-Binary,Medium,Congenital Heart Defect,4.2,Pediatrics,U014,F03,2026-08-11 21:00:00,Admitted
P03467,77,Male,Medium,Congenital Heart Defect,4.4,Pediatrics,U014,F03,2026-08-14 06:00:00,Pending Transfer
P03468,39,Non-Binary,Low,Bronchiolitis,2.9,Pediatrics,U014,F03,2026-08-28 16:00:00,Admitted
P03469,62,Female,High,Chemotherapy Monitoring,7.7,Oncology,U010,F02,2026-08-21 10:00:00,Pending Transfer
P03470,3,Non-Binary,High,Tumor Lysis Syndrome,7.2,Oncology,U015,F03,2026-08-04 22:00:00,Admitted
P03471,59,Male,Low,Stroke,2.8,Emergency,U002,F01,2026-08-25 22:00:00,Admitted
P03472,10,Non-Binary,Medium,Post-Cardiac Arrest,4.9,ICU,U001,F01,2026-08-14 12:00:00,Admitted
P03473,27,Male,Medium,Acute Respiratory Distress,5.0,ICU,U011,F03,2026-08-06 18:00:00,Admitted
P03474,87,Male,Medium,Post-Cardiac Arrest,3.9,ICU,U006,F02,2026-08-19 05:00:00,Admitted
P03475,66,Non-Binary,Low,Polytrauma,2.8,Emergency,U002,F01,2026-08-18 05:00:00,Admitted
P03476,63,Male,Low,Febrile Neutropenia,2.3,Oncology,U005,F01,2026-08-29 06:00:00,Admitted
P03477,30,Female,Low,Polytrauma,2.4,Emergency,U012,F03,2026-08-01 17:00:00,Pending Transfer
P03478,55,Female,Low,Stroke,1.8,Emergency,U007,F02,2026-08-06 00:00:00,Admitted
P03479,27,Non-Binary,Low,Diabetes Complications,3.4,Emergency,U008,F02,2026-08-31 10:00:00,Admitted
P03480,39,Non-Binary,High,Post-Operative Recovery,5.8,Med-Surg,U003,F01,2026-08-19 19:00:00,Admitted
P03481,54,Female,Low,Polytrauma,3.5,Emergency,U002,F01,2026-08-03 19:00:00,Pending Transfer
P03482,44,Non-Binary,Medium,Palliative Care,3.9,Oncology,U015,F03,2026-08-20 16:00:00,Admitted
P03483,21,Female,Medium,Febrile Neutropenia,4.6,Oncology,U010,F02,2026-08-25 08:00:00,Admitted
P03484,85,Male,High,Acute Respiratory Distress,7.6,ICU,U006,F02,2026-08-23 21:00:00,Admitted
P03485,10,Female,High,Pediatric Asthma,6.7,Pediatrics,U014,F03,2026-08-30 00:00:00,Transfer Approved
P03486,50,Non-Binary,Low,Severe Abdominal Pain,3.4,Emergency,U007,F02,2026-08-08 21:00:00,Admitted
P03487,15,Female,Critical,Post-Operative Recovery,9.1,Med-Surg,U013,F03,2026-08-09 18:00:00,Admitted
P03488,85,Male,Critical,Acute Respiratory Distress,10.3,ICU,U006,F02,2026-08-15 01:00:00,Admitted
P03489,15,Female,Medium,Pediatric Asthma,5.4,Pediatrics,U004,F01,2026-08-14 20:00:00,Admitted
P03490,39,Male,Critical,Post-Cardiac Arrest,13.3,ICU,U011,F03,2026-08-17 20:00:00,Admitted
P03491,70,Male,Medium,Polytrauma,4.4,Emergency,U012,F03,2026-08-17 05:00:00,Admitted
P03492,77,Female,Medium,Septic Shock,4.8,ICU,U006,F02,2026-08-27 09:00:00,Transfer Approved
P03493,68,Female,Low,Post-Operative Recovery,2.8,Emergency,U003,F01,2026-08-17 16:00:00,Admitted
P03494,85,Non-Binary,High,Tumor Lysis Syndrome,8.4,Oncology,U015,F03,2026-08-21 14:00:00,Admitted
P03495,81,Female,High,Post-Operative Recovery,5.7,Med-Surg,U013,F03,2026-08-14 18:00:00,Pending Transfer
P03496,88,Male,Medium,Severe Abdominal Pain,5.2,Emergency,U007,F02,2026-08-16 12:00:00,Admitted
P03497,51,Male,Medium,Pediatric Asthma,4.6,Pediatrics,U009,F02,2026-08-27 00:00:00,Discharged
P03498,31,Non-Binary,High,Polytrauma,6.9,Emergency,U002,F01,2026-08-26 05:00:00,Transfer Approved
P03499,54,Male,Low,Pneumonia,2.1,Med-Surg,U013,F03,2026-08-26 19:00:00,Admitted
P03500,49,Non-Binary,Medium,Diabetes Complications,4.8,Med-Surg,U008,F02,2026-08-17 21:00:00,Admitted
P03501,63,Male,Medium,Acute Respiratory Distress,3.9,ICU,U011,F03,2026-08-10 21:00:00,Admitted
P03502,85,Male,Medium,Tumor Lysis Syndrome,3.8,Oncology,U005,F01,2026-08-07 13:00:00,Admitted
P03503,77,Male,Medium,Pediatric Asthma,5.4,Pediatrics,U014,F03,2026-08-08 14:00:00,Admitted
P03504,47,Male,Low,Acute Respiratory Distress,1.9,ICU,U011,F03,2026-08-19 14:00:00,Transfer Approved
P03505,52,Non-Binary,Medium,Chemotherapy Monitoring,4.0,Oncology,U015,F03,2026-08-25 14:00:00,Admitted
P03506,1,Male,Low,Tumor Lysis Syndrome,2.0,Oncology,U015,F03,2026-08-28 22:00:00,Admitted
P03507,40,Male,Medium,Tumor Lysis Syndrome,4.2,Oncology,U010,F02,2026-08-14 08:00:00,Admitted
P03508,65,Male,Medium,Post-Cardiac Arrest,5.1,ICU,U011,F03,2026-08-09 21:00:00,Admitted
P03509,3,Male,Medium,Congenital Heart Defect,5.2,Pediatrics,U009,F02,2026-08-29 16:00:00,Admitted
P03510,70,Male,Medium,Post-Operative Recovery,4.2,Med-Surg,U003,F01,2026-08-15 15:00:00,Transfer Approved
P03511,32,Non-Binary,Low,Dehydration,2.1,Pediatrics,U004,F01,2026-08-14 04:00:00,Pending Transfer
P03512,26,Male,Low,Bronchiolitis,2.4,Pediatrics,U014,F03,2026-08-26 14:00:00,Admitted
P03513,78,Non-Binary,Critical,Post-Cardiac Arrest,10.1,Med-Surg,U001,F01,2026-08-19 09:00:00,Transfer Approved
P03514,73,Female,Medium,Acute Myocardial Infarction,3.8,Med-Surg,U012,F03,2026-08-06 19:00:00,Pending Transfer
P03515,68,Female,Medium,Diabetes Complications,3.8,Med-Surg,U013,F03,2026-08-20 04:00:00,Admitted
P03516,2,Female,High,Palliative Care,6.7,Oncology,U010,F02,2026-08-31 18:00:00,Admitted
P03517,75,Female,Medium,Septic Shock,3.9,ICU,U006,F02,2026-08-20 18:00:00,Admitted
P03518,77,Non-Binary,Medium,Bronchiolitis,4.7,Pediatrics,U014,F03,2026-08-26 23:00:00,Admitted
P03519,71,Male,Low,Diabetes Complications,2.1,Med-Surg,U003,F01,2026-08-16 12:00:00,Admitted
P03520,72,Non-Binary,High,Post-Cardiac Arrest,7.6,ICU,U006,F02,2026-08-06 11:00:00,Admitted
P03521,56,Male,Critical,Dehydration,9.2,Pediatrics,U004,F01,2026-08-06 01:00:00,Admitted
P03522,67,Female,Medium,Diabetes Complications,3.7,Med-Surg,U003,F01,2026-08-17 23:00:00,Admitted
P03523,25,Non-Binary,Low,Chemotherapy Monitoring,1.8,Oncology,U015,F03,2026-08-01 00:00:00,Admitted
P03524,1,Male,Medium,Pneumonia,4.1,Med-Surg,U008,F02,2026-08-22 22:00:00,Discharged
P03525,60,Female,High,Febrile Neutropenia,8.0,Oncology,U015,F03,2026-08-31 02:00:00,Pending Transfer
P03526,40,Non-Binary,Critical,Acute Myocardial Infarction,13.2,Emergency,U012,F03,2026-08-24 18:00:00,Pending Transfer
P03527,10,Male,High,Tumor Lysis Syndrome,5.9,Oncology,U005,F01,2026-08-26 18:00:00,Admitted
P03528,64,Female,Critical,Septic Shock,13.5,ICU,U001,F01,2026-08-16 04:00:00,Admitted
P03529,5,Non-Binary,Low,Palliative Care,2.8,Oncology,U005,F01,2026-08-13 09:00:00,Admitted
P03530,21,Non-Binary,Medium,Febrile Neutropenia,4.1,Oncology,U005,F01,2026-08-23 20:00:00,Pending Transfer
P03531,20,Male,Low,Febrile Neutropenia,2.0,Oncology,U015,F03,2026-08-01 18:00:00,Admitted
P03532,63,Female,High,Severe Abdominal Pain,7.3,Emergency,U012,F03,2026-08-20 08:00:00,Admitted
P03533,72,Non-Binary,Low,Severe Abdominal Pain,1.8,Emergency,U007,F02,2026-08-31 17:00:00,Admitted
P03534,5,Non-Binary,Medium,Stroke,4.3,Emergency,U002,F01,2026-08-01 02:00:00,Pending Transfer
P03535,61,Non-Binary,Low,Stroke,2.0,Emergency,U012,F03,2026-08-15 19:00:00,Admitted
P03536,53,Female,Low,Pediatric Asthma,3.4,Pediatrics,U009,F02,2026-08-11 15:00:00,Admitted
P03537,20,Non-Binary,Medium,Tumor Lysis Syndrome,5.2,Emergency,U010,F02,2026-08-26 09:00:00,Admitted
P03538,63,Female,High,Acute Respiratory Distress,7.6,ICU,U011,F03,2026-08-31 02:00:00,Admitted
P03539,85,Male,Medium,Cellulitis,4.8,Med-Surg,U013,F03,2026-08-13 03:00:00,Admitted
P03540,2,Male,Low,Congenital Heart Defect,2.5,Pediatrics,U004,F01,2026-08-06 02:00:00,Pending Transfer
P03541,64,Female,Low,Post-Operative Recovery,2.0,Oncology,U003,F01,2026-08-25 21:00:00,Admitted
P03542,23,Male,High,Bronchiolitis,7.6,Pediatrics,U014,F03,2026-08-24 18:00:00,Admitted
P03543,77,Non-Binary,Low,Polytrauma,2.7,Emergency,U012,F03,2026-08-07 06:00:00,Admitted
P03544,59,Male,Low,Bronchiolitis,2.1,Pediatrics,U009,F02,2026-08-10 09:00:00,Transfer Approved
P03545,36,Female,Medium,Stroke,4.6,Med-Surg,U012,F03,2026-08-16 13:00:00,Discharged
P03546,4,Female,Critical,Cellulitis,13.3,Med-Surg,U003,F01,2026-08-11 02:00:00,Admitted
P03547,1,Non-Binary,High,Cellulitis,6.7,Oncology,U008,F02,2026-08-03 15:00:00,Admitted
P03548,81,Male,High,Stroke,5.8,Emergency,U002,F01,2026-08-31 21:00:00,Discharged
P03549,22,Non-Binary,Low,Multi-organ Dysfunction,1.7,ICU,U006,F02,2026-08-07 08:00:00,Admitted
P03550,5,Non-Binary,Medium,Post-Operative Recovery,4.6,Med-Surg,U003,F01,2026-08-01 11:00:00,Transfer Approved
P03551,45,Non-Binary,Medium,Acute Respiratory Distress,5.0,ICU,U011,F03,2026-08-11 14:00:00,Discharged
P03552,34,Female,Medium,Post-Cardiac Arrest,4.8,ICU,U011,F03,2026-08-22 03:00:00,Admitted
P03553,51,Male,Critical,Post-Cardiac Arrest,13.0,Med-Surg,U001,F01,2026-08-01 18:00:00,Admitted
P03554,32,Male,Low,Stroke,2.1,Emergency,U007,F02,2026-08-18 08:00:00,Admitted
P03555,3,Male,Low,Diabetes Complications,1.9,Med-Surg,U013,F03,2026-08-01 21:00:00,Admitted
P03556,27,Non-Binary,Low,Severe Abdominal Pain,2.3,Emergency,U012,F03,2026-08-31 23:00:00,Admitted
P03557,6,Male,High,Pneumonia,8.2,Med-Surg,U008,F02,2026-08-13 21:00:00,Admitted
P03558,36,Non-Binary,Low,Polytrauma,2.8,Emergency,U012,F03,2026-08-01 04:00:00,Admitted
P03559,51,Female,Low,Bronchiolitis,2.7,Pediatrics,U014,F03,2026-08-29 12:00:00,Admitted
P03560,37,Non-Binary,Medium,Congenital Heart Defect,4.9,Pediatrics,U009,F02,2026-08-07 23:00:00,Transfer Approved
P03561,31,Female,Low,Post-Cardiac Arrest,1.8,Emergency,U011,F03,2026-08-20 14:00:00,Admitted
P03562,39,Female,Medium,Acute Respiratory Distress,4.5,ICU,U011,F03,2026-08-02 13:00:00,Transfer Approved
P03563,63,Male,Medium,Cellulitis,5.5,Emergency,U013,F03,2026-08-02 21:00:00,Pending Transfer
P03564,92,Male,Critical,Pediatric Asthma,11.5,Pediatrics,U004,F01,2026-08-23 20:00:00,Admitted
P03565,37,Male,Medium,Chemotherapy Monitoring,3.7,Oncology,U010,F02,2026-08-30 04:00:00,Pending Transfer
P03566,50,Female,Medium,Polytrauma,3.7,Emergency,U012,F03,2026-08-18 10:00:00,Admitted
P03567,72,Male,High,Dehydration,6.0,Pediatrics,U004,F01,2026-08-06 21:00:00,Admitted
P03568,16,Male,High,Post-Cardiac Arrest,5.6,ICU,U001,F01,2026-08-26 21:00:00,Pending Transfer
P03569,87,Male,Low,Diabetes Complications,1.5,Med-Surg,U003,F01,2026-08-29 15:00:00,Admitted
P03570,87,Male,Critical,Cellulitis,11.1,Med-Surg,U013,F03,2026-08-23 08:00:00,Discharged
P03571,38,Female,Low,Polytrauma,3.2,Emergency,U012,F03,2026-08-22 04:00:00,Pending Transfer
P03572,82,Male,Medium,Acute Respiratory Distress,4.4,Pediatrics,U011,F03,2026-08-24 02:00:00,Admitted
P03573,80,Non-Binary,Medium,Stroke,5.0,Emergency,U007,F02,2026-08-14 15:00:00,Admitted
P03574,50,Female,Medium,Febrile Neutropenia,5.2,Oncology,U015,F03,2026-08-11 22:00:00,Admitted
P03575,74,Female,Medium,Post-Operative Recovery,4.2,Med-Surg,U008,F02,2026-08-05 23:00:00,Admitted
P03576,50,Male,High,Pneumonia,5.5,Med-Surg,U003,F01,2026-08-27 17:00:00,Admitted
P03577,58,Male,High,Acute Myocardial Infarction,8.2,Emergency,U012,F03,2026-08-02 10:00:00,Admitted
P03578,7,Female,Critical,Febrile Neutropenia,8.7,Oncology,U015,F03,2026-08-14 00:00:00,Admitted
P03579,48,Male,Low,Septic Shock,2.5,ICU,U011,F03,2026-08-03 20:00:00,Admitted
P03580,82,Female,High,Dehydration,8.0,Pediatrics,U014,F03,2026-08-19 03:00:00,Admitted
P03581,2,Male,Low,Polytrauma,2.7,Emergency,U002,F01,2026-08-02 23:00:00,Admitted
P03582,31,Non-Binary,Low,Pediatric Asthma,1.8,Pediatrics,U009,F02,2026-08-20 08:00:00,Pending Transfer
P03583,44,Male,Medium,Bronchiolitis,5.0,Pediatrics,U009,F02,2026-08-12 18:00:00,Admitted
P03584,60,Non-Binary,Low,Tumor Lysis Syndrome,2.0,Oncology,U015,F03,2026-08-21 05:00:00,Admitted
P03585,51,Male,Low,Post-Operative Recovery,2.7,Med-Surg,U003,F01,2026-08-02 04:00:00,Pending Transfer
P03586,60,Female,Medium,Cellulitis,5.4,Med-Surg,U003,F01,2026-08-09 08:00:00,Admitted
P03587,81,Non-Binary,High,Febrile Neutropenia,5.6,Oncology,U005,F01,2026-08-18 19:00:00,Admitted
P03588,37,Non-Binary,Medium,Tumor Lysis Syndrome,5.4,Oncology,U005,F01,2026-08-03 03:00:00,Admitted
P03589,72,Male,Low,Polytrauma,2.9,Emergency,U007,F02,2026-08-12 20:00:00,Admitted
P03590,45,Non-Binary,Medium,Febrile Neutropenia,6.4,Oncology,U010,F02,2026-08-10 10:00:00,Discharged
P03591,51,Female,Low,Diabetes Complications,3.2,Med-Surg,U013,F03,2026-08-22 11:00:00,Transfer Approved
P03592,20,Male,Medium,Severe Abdominal Pain,4.7,Pediatrics,U012,F03,2026-08-13 00:00:00,Pending Transfer
P03593,31,Female,Medium,Pediatric Asthma,5.1,Pediatrics,U009,F02,2026-08-10 17:00:00,Pending Transfer
P03594,55,Male,Medium,Cellulitis,3.5,Med-Surg,U008,F02,2026-08-21 04:00:00,Admitted
P03595,54,Female,Low,Chemotherapy Monitoring,1.8,Oncology,U010,F02,2026-08-03 11:00:00,Admitted
P03596,65,Female,High,Chemotherapy Monitoring,7.0,Oncology,U010,F02,2026-08-22 00:00:00,Admitted
P03597,9,Female,High,Febrile Neutropenia,7.5,Oncology,U010,F02,2026-08-03 13:00:00,Admitted
P03598,64,Male,Medium,Multi-organ Dysfunction,4.3,ICU,U011,F03,2026-08-15 18:00:00,Discharged
P03599,8,Female,Low,Febrile Neutropenia,1.9,Oncology,U005,F01,2026-08-07 07:00:00,Admitted
P03600,76,Female,Low,Stroke,2.4,Emergency,U007,F02,2026-08-23 12:00:00,Admitted
P03601,34,Non-Binary,High,Stroke,6.1,Emergency,U012,F03,2026-08-11 22:00:00,Admitted
P03602,60,Non-Binary,Medium,Chemotherapy Monitoring,4.1,Oncology,U015,F03,2026-08-19 23:00:00,Admitted
P03603,11,Non-Binary,Critical,Palliative Care,10.9,Oncology,U005,F01,2026-08-10 22:00:00,Admitted
P03604,52,Non-Binary,Medium,Bronchiolitis,4.4,Pediatrics,U004,F01,2026-08-04 17:00:00,Admitted
P03605,31,Male,Medium,Pneumonia,4.9,Med-Surg,U013,F03,2026-08-21 21:00:00,Admitted
P03606,72,Female,Medium,Severe Abdominal Pain,4.6,Pediatrics,U002,F01,2026-08-02 05:00:00,Admitted
P03607,32,Non-Binary,Low,Congenital Heart Defect,3.2,Pediatrics,U009,F02,2026-08-03 17:00:00,Admitted
P03608,34,Male,Critical,Acute Respiratory Distress,12.9,ICU,U001,F01,2026-08-06 05:00:00,Admitted
P03609,4,Non-Binary,High,Multi-organ Dysfunction,6.8,ICU,U001,F01,2026-08-07 04:00:00,Admitted
P03610,89,Non-Binary,Medium,Post-Cardiac Arrest,3.9,ICU,U011,F03,2026-08-07 18:00:00,Admitted
P03611,52,Female,Medium,Pneumonia,3.6,Med-Surg,U013,F03,2026-08-30 04:00:00,Admitted
P03612,42,Male,Medium,Bronchiolitis,5.1,Pediatrics,U009,F02,2026-08-29 14:00:00,Admitted
P03613,49,Non-Binary,Medium,Febrile Neutropenia,4.0,Oncology,U010,F02,2026-08-30 07:00:00,Transfer Approved
P03614,80,Non-Binary,Medium,Febrile Neutropenia,3.9,Oncology,U015,F03,2026-08-11 20:00:00,Admitted
P03615,19,Male,High,Diabetes Complications,6.2,Med-Surg,U013,F03,2026-08-19 03:00:00,Admitted
P03616,33,Non-Binary,Medium,Pediatric Asthma,3.6,Pediatrics,U009,F02,2026-08-08 05:00:00,Discharged
P03617,67,Female,Medium,Dehydration,3.8,Pediatrics,U004,F01,2026-08-16 21:00:00,Admitted
P03618,10,Non-Binary,Low,Bronchiolitis,3.3,Pediatrics,U004,F01,2026-08-11 10:00:00,Admitted
P03619,11,Female,Critical,Multi-organ Dysfunction,12.3,ICU,U006,F02,2026-08-13 01:00:00,Transfer Approved
P03620,57,Female,Critical,Severe Abdominal Pain,11.6,Emergency,U012,F03,2026-08-03 06:00:00,Admitted
P03621,71,Male,Low,Polytrauma,1.6,Emergency,U012,F03,2026-08-13 09:00:00,Admitted
P03622,32,Male,High,Febrile Neutropenia,6.1,Oncology,U010,F02,2026-08-21 23:00:00,Admitted
P03623,20,Male,High,Cellulitis,6.8,Med-Surg,U003,F01,2026-08-07 02:00:00,Admitted
P03624,54,Non-Binary,Low,Acute Respiratory Distress,3.4,ICU,U001,F01,2026-08-10 23:00:00,Discharged
P03625,62,Male,High,Cellulitis,5.5,Med-Surg,U008,F02,2026-08-02 07:00:00,Admitted
P03626,49,Male,Critical,Stroke,11.9,Emergency,U002,F01,2026-08-17 09:00:00,Admitted
P03627,18,Non-Binary,Low,Tumor Lysis Syndrome,1.7,Oncology,U010,F02,2026-08-21 15:00:00,Admitted
P03628,91,Female,Medium,Pediatric Asthma,3.8,Pediatrics,U009,F02,2026-08-01 21:00:00,Transfer Approved
P03629,83,Female,High,Severe Abdominal Pain,7.8,Emergency,U002,F01,2026-08-06 13:00:00,Pending Transfer
P03630,59,Female,High,Acute Myocardial Infarction,6.6,Emergency,U002,F01,2026-08-27 13:00:00,Pending Transfer
P03631,21,Male,Low,Polytrauma,2.0,Emergency,U007,F02,2026-08-26 16:00:00,Admitted
P03632,85,Female,Low,Cellulitis,3.3,Med-Surg,U003,F01,2026-08-31 13:00:00,Pending Transfer
P03633,10,Female,Low,Severe Abdominal Pain,2.0,Emergency,U002,F01,2026-08-21 18:00:00,Admitted
P03634,27,Male,Low,Febrile Neutropenia,3.5,Oncology,U010,F02,2026-08-19 21:00:00,Admitted
P03635,63,Non-Binary,Low,Pneumonia,3.2,Med-Surg,U008,F02,2026-08-03 08:00:00,Admitted
P03636,77,Non-Binary,High,Post-Cardiac Arrest,5.6,ICU,U011,F03,2026-08-29 10:00:00,Admitted
P03637,41,Male,Critical,Multi-organ Dysfunction,11.8,ICU,U006,F02,2026-08-07 04:00:00,Discharged
P03638,54,Female,Medium,Multi-organ Dysfunction,3.9,ICU,U011,F03,2026-08-08 18:00:00,Admitted
P03639,33,Female,Low,Acute Respiratory Distress,1.8,ICU,U001,F01,2026-08-18 18:00:00,Admitted
P03640,91,Non-Binary,Medium,Acute Respiratory Distress,4.8,ICU,U001,F01,2026-08-11 19:00:00,Admitted
P03641,37,Non-Binary,High,Tumor Lysis Syndrome,6.2,ICU,U010,F02,2026-08-06 21:00:00,Admitted
P03642,58,Female,High,Septic Shock,5.9,ICU,U006,F02,2026-08-19 16:00:00,Admitted
P03643,91,Female,Low,Palliative Care,2.1,Oncology,U010,F02,2026-08-30 20:00:00,Admitted
P03644,21,Female,High,Cellulitis,7.6,Med-Surg,U008,F02,2026-08-23 15:00:00,Admitted
P03645,9,Non-Binary,High,Febrile Neutropenia,8.2,Oncology,U005,F01,2026-08-15 16:00:00,Pending Transfer
P03646,83,Non-Binary,Critical,Congenital Heart Defect,8.8,Pediatrics,U004,F01,2026-08-28 09:00:00,Admitted
P03647,9,Female,Medium,Pediatric Asthma,4.3,Emergency,U014,F03,2026-08-23 23:00:00,Transfer Approved
P03648,33,Non-Binary,Medium,Stroke,4.3,Emergency,U002,F01,2026-08-19 19:00:00,Admitted
P03649,69,Female,Low,Congenital Heart Defect,1.5,Pediatrics,U004,F01,2026-08-17 13:00:00,Admitted
P03650,88,Female,Medium,Stroke,4.6,Emergency,U007,F02,2026-08-07 21:00:00,Admitted
P03651,70,Male,Medium,Acute Respiratory Distress,5.2,ICU,U011,F03,2026-08-15 04:00:00,Pending Transfer
P03652,26,Female,Medium,Chemotherapy Monitoring,3.6,Oncology,U010,F02,2026-08-19 04:00:00,Transfer Approved
P03653,54,Male,Medium,Cellulitis,4.3,Pediatrics,U008,F02,2026-08-11 11:00:00,Admitted
P03654,41,Non-Binary,Low,Palliative Care,2.9,Oncology,U005,F01,2026-08-09 10:00:00,Pending Transfer
P03655,64,Non-Binary,Low,Palliative Care,2.1,Oncology,U010,F02,2026-08-12 15:00:00,Admitted
P03656,46,Male,Medium,Diabetes Complications,4.0,Med-Surg,U013,F03,2026-08-01 00:00:00,Admitted
P03657,7,Female,Low,Congenital Heart Defect,2.2,Pediatrics,U004,F01,2026-08-14 16:00:00,Admitted
P03658,17,Female,High,Pediatric Asthma,6.6,Pediatrics,U009,F02,2026-08-12 08:00:00,Admitted
P03659,42,Male,Low,Febrile Neutropenia,1.9,Oncology,U005,F01,2026-08-10 08:00:00,Admitted
P03660,9,Non-Binary,Medium,Cellulitis,5.4,Emergency,U013,F03,2026-08-07 16:00:00,Admitted
P03661,53,Non-Binary,Medium,Palliative Care,3.5,Oncology,U015,F03,2026-08-27 10:00:00,Pending Transfer
P03662,61,Male,Low,Post-Operative Recovery,2.4,Med-Surg,U003,F01,2026-08-14 06:00:00,Admitted
P03663,6,Non-Binary,Low,Pneumonia,3.1,Med-Surg,U013,F03,2026-08-30 06:00:00,Admitted
P03664,66,Non-Binary,Medium,Post-Cardiac Arrest,3.6,Med-Surg,U001,F01,2026-08-24 01:00:00,Transfer Approved
P03665,70,Non-Binary,High,Febrile Neutropenia,5.6,Oncology,U005,F01,2026-08-28 08:00:00,Admitted
P03666,9,Male,Medium,Multi-organ Dysfunction,4.8,Pediatrics,U011,F03,2026-08-21 02:00:00,Admitted
P03667,78,Female,Medium,Post-Cardiac Arrest,5.2,ICU,U001,F01,2026-08-29 18:00:00,Admitted
P03668,63,Male,Medium,Pneumonia,4.2,Med-Surg,U013,F03,2026-08-09 03:00:00,Admitted
P03669,27,Female,Critical,Severe Abdominal Pain,11.9,Emergency,U012,F03,2026-08-10 10:00:00,Pending Transfer
P03670,6,Female,Critical,Febrile Neutropenia,10.4,Oncology,U005,F01,2026-08-25 22:00:00,Admitted
P03671,63,Female,High,Acute Respiratory Distress,7.2,ICU,U001,F01,2026-08-21 07:00:00,Transfer Approved
P03672,74,Female,Low,Chemotherapy Monitoring,3.3,Oncology,U005,F01,2026-08-21 17:00:00,Admitted
P03673,6,Male,Low,Severe Abdominal Pain,1.5,Emergency,U007,F02,2026-08-09 08:00:00,Admitted
P03674,19,Non-Binary,Low,Acute Respiratory Distress,3.1,ICU,U001,F01,2026-08-12 16:00:00,Admitted
P03675,77,Male,High,Tumor Lysis Syndrome,7.1,Oncology,U015,F03,2026-08-28 00:00:00,Admitted
P03676,60,Male,Low,Multi-organ Dysfunction,1.8,ICU,U011,F03,2026-08-19 23:00:00,Admitted
P03677,57,Non-Binary,Medium,Congenital Heart Defect,4.4,Pediatrics,U004,F01,2026-08-15 11:00:00,Admitted
P03678,79,Female,High,Pediatric Asthma,7.5,Pediatrics,U009,F02,2026-08-24 08:00:00,Admitted
P03679,88,Non-Binary,Critical,Septic Shock,9.6,ICU,U011,F03,2026-08-25 23:00:00,Admitted
P03680,17,Non-Binary,High,Stroke,7.9,Emergency,U007,F02,2026-08-13 22:00:00,Transfer Approved
P03681,66,Female,Medium,Acute Respiratory Distress,4.6,ICU,U001,F01,2026-08-21 07:00:00,Admitted
P03682,22,Female,Medium,Acute Respiratory Distress,5.0,ICU,U011,F03,2026-08-18 12:00:00,Admitted
P03683,92,Non-Binary,Medium,Multi-organ Dysfunction,3.8,ICU,U001,F01,2026-08-16 09:00:00,Admitted
P03684,67,Male,Low,Polytrauma,3.2,Emergency,U002,F01,2026-08-23 00:00:00,Admitted
P03685,50,Female,Medium,Septic Shock,5.2,ICU,U011,F03,2026-08-31 20:00:00,Admitted
P03686,88,Male,Low,Multi-organ Dysfunction,1.7,ICU,U006,F02,2026-08-30 02:00:00,Admitted
P03687,60,Non-Binary,Low,Septic Shock,2.1,ICU,U001,F01,2026-08-13 11:00:00,Transfer Approved
P03688,44,Non-Binary,Low,Tumor Lysis Syndrome,2.3,Oncology,U005,F01,2026-08-27 00:00:00,Admitted
P03689,54,Male,Medium,Septic Shock,3.8,ICU,U001,F01,2026-08-08 20:00:00,Admitted
P03690,61,Male,Medium,Post-Cardiac Arrest,4.7,ICU,U001,F01,2026-08-01 04:00:00,Admitted
P03691,22,Male,Low,Severe Abdominal Pain,2.9,Emergency,U012,F03,2026-08-02 22:00:00,Admitted
P03692,55,Female,Low,Dehydration,3.2,Pediatrics,U014,F03,2026-08-21 20:00:00,Admitted
P03693,58,Male,Medium,Tumor Lysis Syndrome,5.1,Oncology,U010,F02,2026-08-19 10:00:00,Admitted
P03694,91,Female,High,Acute Respiratory Distress,7.4,ICU,U001,F01,2026-08-16 10:00:00,Pending Transfer
P03695,41,Male,Low,Polytrauma,3.5,Emergency,U007,F02,2026-08-18 17:00:00,Admitted
P03696,80,Non-Binary,Medium,Acute Respiratory Distress,5.2,ICU,U006,F02,2026-08-15 16:00:00,Admitted
P03697,9,Female,Low,Acute Respiratory Distress,2.1,ICU,U011,F03,2026-08-18 18:00:00,Admitted
P03698,39,Female,Low,Cellulitis,1.8,Med-Surg,U008,F02,2026-08-07 16:00:00,Admitted
P03699,34,Non-Binary,Low,Congenital Heart Defect,2.3,Pediatrics,U009,F02,2026-08-28 04:00:00,Admitted
P03700,3,Non-Binary,Low,Cellulitis,2.3,Med-Surg,U003,F01,2026-08-19 12:00:00,Admitted
P03701,88,Male,Medium,Septic Shock,3.7,ICU,U006,F02,2026-08-22 19:00:00,Discharged
P03702,4,Non-Binary,Low,Stroke,3.0,Emergency,U002,F01,2026-08-26 17:00:00,Admitted
P03703,13,Male,Medium,Severe Abdominal Pain,13.2,Emergency,U012,F03,2026-08-04 16:00:00,Admitted
P03704,18,Male,High,Severe Abdominal Pain,5.5,Emergency,U012,F03,2026-08-23 19:00:00,Admitted
P03705,5,Male,Medium,Polytrauma,4.4,Emergency,U012,F03,2026-08-16 04:00:00,Admitted
P03706,76,Non-Binary,Low,Bronchiolitis,2.3,Pediatrics,U014,F03,2026-08-08 07:00:00,Admitted
P03707,36,Non-Binary,Low,Congenital Heart Defect,2.8,Pediatrics,U014,F03,2026-08-15 01:00:00,Admitted
P03708,32,Non-Binary,High,Multi-organ Dysfunction,5.6,ICU,U006,F02,2026-08-15 16:00:00,Pending Transfer
P03709,79,Female,Low,Septic Shock,3.5,ICU,U001,F01,2026-08-12 22:00:00,Pending Transfer
P03710,58,Male,Low,Palliative Care,2.4,Oncology,U015,F03,2026-08-25 05:00:00,Admitted
P03711,85,Male,Low,Post-Operative Recovery,2.1,Med-Surg,U008,F02,2026-08-02 21:00:00,Admitted
P03712,41,Female,High,Acute Respiratory Distress,7.0,ICU,U001,F01,2026-08-17 15:00:00,Admitted
P03713,80,Non-Binary,Critical,Acute Myocardial Infarction,11.3,Emergency,U002,F01,2026-08-09 08:00:00,Admitted
P03714,6,Female,Critical,Pneumonia,13.9,Med-Surg,U013,F03,2026-08-04 02:00:00,Pending Transfer
P03715,40,Male,Low,Pneumonia,3.3,Med-Surg,U003,F01,2026-08-21 22:00:00,Admitted
P03716,14,Male,Low,Acute Myocardial Infarction,3.5,Emergency,U002,F01,2026-08-28 01:00:00,Admitted
P03717,26,Female,Low,Congenital Heart Defect,1.7,Pediatrics,U009,F02,2026-08-13 17:00:00,Admitted
P03718,78,Male,Low,Acute Respiratory Distress,2.7,ICU,U001,F01,2026-08-28 14:00:00,Admitted
P03719,80,Female,Medium,Polytrauma,5.2,Emergency,U012,F03,2026-08-21 09:00:00,Admitted
P03720,81,Female,Medium,Stroke,4.5,Emergency,U002,F01,2026-08-14 15:00:00,Admitted
P03721,74,Female,Medium,Pediatric Asthma,5.3,Pediatrics,U004,F01,2026-08-27 13:00:00,Admitted
P03722,55,Female,Medium,Acute Respiratory Distress,3.6,ICU,U006,F02,2026-08-05 19:00:00,Admitted
P03723,41,Female,Critical,Acute Myocardial Infarction,12.7,Emergency,U007,F02,2026-08-07 03:00:00,Admitted
P03724,46,Non-Binary,Low,Congenital Heart Defect,2.2,Pediatrics,U009,F02,2026-08-06 19:00:00,Discharged
P03725,91,Non-Binary,Low,Bronchiolitis,2.8,Pediatrics,U004,F01,2026-08-17 12:00:00,Admitted
P03726,72,Non-Binary,High,Acute Myocardial Infarction,7.6,Emergency,U007,F02,2026-08-27 02:00:00,Admitted
P03727,43,Non-Binary,High,Pneumonia,8.3,Med-Surg,U003,F01,2026-08-21 05:00:00,Transfer Approved
P03728,30,Male,Medium,Septic Shock,4.1,ICU,U001,F01,2026-08-24 11:00:00,Transfer Approved
P03729,9,Non-Binary,Critical,Stroke,11.9,Emergency,U012,F03,2026-08-08 18:00:00,Transfer Approved
P03730,56,Female,Low,Pediatric Asthma,3.4,Pediatrics,U014,F03,2026-08-10 09:00:00,Admitted
P03731,50,Female,Critical,Tumor Lysis Syndrome,10.6,Oncology,U010,F02,2026-08-12 23:00:00,Admitted
P03732,81,Non-Binary,Medium,Pneumonia,4.6,Med-Surg,U003,F01,2026-08-30 20:00:00,Admitted
P03733,63,Female,High,Pediatric Asthma,6.8,Pediatrics,U014,F03,2026-08-11 00:00:00,Admitted
P03734,21,Male,Medium,Polytrauma,4.5,Oncology,U007,F02,2026-08-18 02:00:00,Admitted
P03735,83,Female,High,Acute Respiratory Distress,6.2,ICU,U001,F01,2026-08-27 08:00:00,Admitted
P03736,86,Female,High,Post-Cardiac Arrest,7.6,Oncology,U006,F02,2026-08-09 17:00:00,Admitted
P03737,27,Non-Binary,Medium,Congenital Heart Defect,5.1,Pediatrics,U009,F02,2026-08-24 04:00:00,Admitted
P03738,76,Non-Binary,High,Diabetes Complications,7.1,Med-Surg,U008,F02,2026-08-21 07:00:00,Pending Transfer
P03739,26,Male,High,Bronchiolitis,6.8,Pediatrics,U004,F01,2026-08-12 23:00:00,Pending Transfer
P03740,4,Non-Binary,Medium,Post-Cardiac Arrest,4.9,ICU,U011,F03,2026-08-18 06:00:00,Transfer Approved
P03741,54,Female,High,Post-Cardiac Arrest,6.9,ICU,U011,F03,2026-08-13 13:00:00,Admitted
P03742,53,Female,Medium,Polytrauma,3.5,Emergency,U012,F03,2026-08-24 12:00:00,Admitted
P03743,31,Female,Low,Acute Myocardial Infarction,3.1,Emergency,U012,F03,2026-08-05 04:00:00,Admitted
P03744,18,Non-Binary,Medium,Diabetes Complications,4.0,Med-Surg,U013,F03,2026-08-02 02:00:00,Transfer Approved
P03745,27,Non-Binary,Low,Palliative Care,3.4,Oncology,U005,F01,2026-08-29 13:00:00,Discharged
P03746,63,Female,Low,Acute Respiratory Distress,1.7,ICU,U011,F03,2026-08-20 02:00:00,Pending Transfer
P03747,42,Male,High,Stroke,6.3,Emergency,U007,F02,2026-08-09 09:00:00,Admitted
P03748,4,Non-Binary,Critical,Diabetes Complications,1.9,Med-Surg,U008,F02,2026-08-12 02:00:00,Transfer Approved
P03749,59,Female,Low,Palliative Care,3.3,Oncology,U015,F03,2026-08-10 04:00:00,Admitted
P03750,49,Male,High,Post-Operative Recovery,7.0,Med-Surg,U013,F03,2026-08-25 04:00:00,Admitted
P03751,49,Male,Medium,Post-Operative Recovery,4.6,Med-Surg,U008,F02,2026-08-12 23:00:00,Pending Transfer
P03752,83,Female,Low,Dehydration,2.2,Pediatrics,U004,F01,2026-08-21 05:00:00,Pending Transfer
P03753,63,Non-Binary,Low,Cellulitis,2.3,Med-Surg,U003,F01,2026-08-26 02:00:00,Discharged
P03754,39,Non-Binary,Medium,Post-Operative Recovery,3.6,Med-Surg,U003,F01,2026-08-31 17:00:00,Pending Transfer
P03755,42,Male,Critical,Febrile Neutropenia,12.6,Oncology,U010,F02,2026-08-03 23:00:00,Admitted
P03756,27,Female,Low,Multi-organ Dysfunction,3.4,ICU,U006,F02,2026-08-18 12:00:00,Admitted
P03757,62,Male,Critical,Bronchiolitis,11.4,Pediatrics,U014,F03,2026-08-19 00:00:00,Admitted
P03758,39,Female,Medium,Diabetes Complications,3.4,Med-Surg,U003,F01,2026-08-09 12:00:00,Admitted
P03759,90,Male,Low,Pneumonia,2.9,Med-Surg,U013,F03,2026-08-27 06:00:00,Admitted
P03760,20,Female,Medium,Post-Operative Recovery,3.7,Med-Surg,U003,F01,2026-08-19 14:00:00,Pending Transfer
P03761,68,Non-Binary,Low,Post-Cardiac Arrest,2.7,ICU,U006,F02,2026-08-03 04:00:00,Admitted
P03762,89,Male,High,Dehydration,5.5,Pediatrics,U009,F02,2026-08-08 14:00:00,Pending Transfer
P03763,64,Non-Binary,Low,Cellulitis,2.3,Med-Surg,U013,F03,2026-08-02 22:00:00,Admitted
P03764,68,Female,Medium,Pediatric Asthma,3.6,Pediatrics,U014,F03,2026-08-18 15:00:00,Admitted
P03765,32,Male,Medium,Multi-organ Dysfunction,3.9,ICU,U006,F02,2026-08-31 02:00:00,Pending Transfer
P03766,33,Male,Medium,Cellulitis,4.5,Med-Surg,U013,F03,2026-08-21 03:00:00,Admitted
P03767,2,Female,Critical,Pediatric Asthma,11.5,Oncology,U014,F03,2026-08-22 12:00:00,Admitted
P03768,81,Non-Binary,Low,Tumor Lysis Syndrome,2.3,Oncology,U005,F01,2026-08-25 14:00:00,Admitted
P03769,7,Female,Medium,Polytrauma,3.8,Emergency,U002,F01,2026-08-19 21:00:00,Admitted
P03770,26,Male,Critical,Chemotherapy Monitoring,10.5,Oncology,U005,F01,2026-08-23 23:00:00,Admitted
P03771,26,Male,Critical,Severe Abdominal Pain,8.7,Emergency,U002,F01,2026-08-02 05:00:00,Admitted
P03772,65,Female,Medium,Tumor Lysis Syndrome,5.5,Oncology,U010,F02,2026-08-11 22:00:00,Transfer Approved
P03773,3,Non-Binary,Medium,Tumor Lysis Syndrome,5.3,Oncology,U005,F01,2026-08-10 23:00:00,Pending Transfer
P03774,13,Male,Medium,Multi-organ Dysfunction,5.1,Pediatrics,U001,F01,2026-08-16 01:00:00,Transfer Approved
P03775,14,Female,Medium,Chemotherapy Monitoring,4.0,Oncology,U015,F03,2026-08-19 04:00:00,Pending Transfer
P03776,3,Male,Low,Palliative Care,2.3,Oncology,U015,F03,2026-08-28 23:00:00,Admitted
P03777,67,Male,Low,Acute Myocardial Infarction,1.8,Emergency,U012,F03,2026-08-02 01:00:00,Admitted
P03778,41,Male,High,Febrile Neutropenia,6.1,Oncology,U005,F01,2026-08-12 12:00:00,Admitted
P03779,18,Non-Binary,Medium,Post-Operative Recovery,3.7,Med-Surg,U013,F03,2026-08-20 01:00:00,Admitted
P03780,10,Male,High,Bronchiolitis,6.3,Pediatrics,U004,F01,2026-08-08 18:00:00,Admitted
P03781,13,Male,Low,Septic Shock,2.8,ICU,U011,F03,2026-08-17 12:00:00,Admitted
P03782,15,Male,Low,Diabetes Complications,2.0,Med-Surg,U003,F01,2026-08-11 13:00:00,Admitted
P03783,87,Female,High,Dehydration,5.9,Pediatrics,U004,F01,2026-08-17 12:00:00,Admitted
P03784,39,Female,High,Palliative Care,6.8,Med-Surg,U015,F03,2026-08-19 16:00:00,Admitted
P03785,56,Female,Low,Acute Myocardial Infarction,2.0,Emergency,U002,F01,2026-08-24 18:00:00,Admitted
P03786,46,Male,Critical,Palliative Care,12.6,Oncology,U010,F02,2026-08-16 20:00:00,Admitted
P03787,32,Female,Low,Multi-organ Dysfunction,1.9,ICU,U001,F01,2026-08-08 11:00:00,Admitted
P03788,52,Male,Medium,Pneumonia,4.9,Med-Surg,U008,F02,2026-08-31 12:00:00,Admitted
P03789,48,Female,Critical,Chemotherapy Monitoring,10.0,Oncology,U005,F01,2026-08-13 05:00:00,Transfer Approved
P03790,48,Male,Low,Polytrauma,2.7,Emergency,U007,F02,2026-08-10 03:00:00,Admitted
P03791,35,Female,High,Tumor Lysis Syndrome,6.2,Oncology,U010,F02,2026-08-19 22:00:00,Admitted
P03792,48,Male,Medium,Stroke,5.3,Emergency,U002,F01,2026-08-31 08:00:00,Admitted
P03793,51,Female,Medium,Tumor Lysis Syndrome,4.8,Oncology,U005,F01,2026-08-18 18:00:00,Admitted
P03794,90,Non-Binary,Low,Palliative Care,1.8,Oncology,U005,F01,2026-08-25 18:00:00,Admitted
P03795,71,Female,Low,Febrile Neutropenia,1.8,Oncology,U010,F02,2026-08-30 22:00:00,Admitted
P03796,50,Female,Medium,Bronchiolitis,4.1,Pediatrics,U004,F01,2026-08-03 05:00:00,Admitted
P03797,83,Female,Medium,Severe Abdominal Pain,5.4,Emergency,U007,F02,2026-08-18 07:00:00,Transfer Approved
P03798,42,Female,Medium,Bronchiolitis,5.4,Pediatrics,U014,F03,2026-08-18 10:00:00,Admitted
P03799,65,Non-Binary,Low,Palliative Care,2.0,Oncology,U010,F02,2026-08-14 03:00:00,Admitted
P03800,51,Non-Binary,Low,Septic Shock,2.1,ICU,U001,F01,2026-08-21 07:00:00,Pending Transfer
P03801,79,Non-Binary,Medium,Acute Respiratory Distress,4.3,ICU,U011,F03,2026-08-08 21:00:00,Admitted
P03802,65,Male,Critical,Pediatric Asthma,10.7,Pediatrics,U009,F02,2026-08-21 06:00:00,Pending Transfer
P03803,89,Female,High,Acute Respiratory Distress,5.6,Emergency,U001,F01,2026-08-16 04:00:00,Transfer Approved
P03804,49,Male,Critical,Post-Cardiac Arrest,11.25,ICU,U001,F01,2026-08-25 00:00:00,Admitted
P03805,13,Female,Critical,Severe Abdominal Pain,13.0,Emergency,U012,F03,2026-08-29 22:00:00,Admitted
P03806,3,Non-Binary,Low,Febrile Neutropenia,2.3,Oncology,U010,F02,2026-08-07 03:00:00,Transfer Approved
P03807,17,Male,Low,Multi-organ Dysfunction,2.3,ICU,U011,F03,2026-08-25 09:00:00,Pending Transfer
P03808,57,Female,Medium,Diabetes Complications,4.1,Med-Surg,U003,F01,2026-08-05 23:00:00,Admitted
P03809,75,Non-Binary,Medium,Diabetes Complications,4.3,Med-Surg,U008,F02,2026-08-12 12:00:00,Admitted
P03810,27,Male,Low,Polytrauma,2.4,Emergency,U012,F03,2026-08-19 18:00:00,Admitted
P03811,81,Female,Medium,Post-Operative Recovery,3.9,Med-Surg,U008,F02,2026-08-09 16:00:00,Pending Transfer
P03812,86,Male,Low,Chemotherapy Monitoring,1.9,Oncology,U015,F03,2026-08-30 12:00:00,Pending Transfer
P03813,92,Female,Medium,Congenital Heart Defect,3.7,Pediatrics,U014,F03,2026-08-22 00:00:00,Admitted
P03814,53,Non-Binary,High,Acute Myocardial Infarction,6.2,Emergency,U002,F01,2026-08-04 01:00:00,Transfer Approved
P03815,14,Female,Low,Post-Operative Recovery,1.8,Med-Surg,U008,F02,2026-08-19 00:00:00,Admitted
P03816,15,Female,Medium,Bronchiolitis,4.6,Pediatrics,U014,F03,2026-08-19 01:00:00,Admitted
P03817,11,Male,High,Septic Shock,6.2,ICU,U011,F03,2026-08-07 15:00:00,Pending Transfer
P03818,86,Female,Medium,Post-Cardiac Arrest,4.8,ICU,U001,F01,2026-08-22 08:00:00,Admitted
P03819,69,Male,Low,Multi-organ Dysfunction,1.6,ICU,U006,F02,2026-08-26 22:00:00,Admitted
P03820,34,Male,Low,Chemotherapy Monitoring,3.4,Oncology,U015,F03,2026-08-16 19:00:00,Admitted
P03821,28,Male,Medium,Acute Respiratory Distress,5.5,ICU,U001,F01,2026-08-03 03:00:00,Transfer Approved
P03822,52,Male,High,Multi-organ Dysfunction,7.2,ICU,U006,F02,2026-08-22 21:00:00,Admitted
P03823,11,Male,Low,Post-Operative Recovery,3.2,Med-Surg,U008,F02,2026-08-30 05:00:00,Admitted
P03824,5,Male,Low,Cellulitis,3.2,Med-Surg,U013,F03,2026-08-13 17:00:00,Admitted
P03825,5,Non-Binary,High,Polytrauma,8.1,Emergency,U007,F02,2026-08-08 09:00:00,Transfer Approved
P03826,19,Male,High,Diabetes Complications,6.3,Med-Surg,U003,F01,2026-08-30 10:00:00,Transfer Approved
P03827,39,Non-Binary,High,Multi-organ Dysfunction,8.2,ICU,U011,F03,2026-08-07 10:00:00,Admitted
P03828,26,Male,High,Congenital Heart Defect,5.7,Pediatrics,U004,F01,2026-08-22 03:00:00,Admitted
P03829,63,Non-Binary,Low,Chemotherapy Monitoring,1.9,Oncology,U015,F03,2026-08-02 02:00:00,Admitted
P03830,42,Female,Medium,Post-Operative Recovery,5.2,Med-Surg,U008,F02,2026-08-26 15:00:00,Pending Transfer
P03831,15,Male,Low,Febrile Neutropenia,3.1,Med-Surg,U010,F02,2026-08-30 00:00:00,Pending Transfer
P03832,18,Female,High,Severe Abdominal Pain,7.5,Oncology,U007,F02,2026-08-18 20:00:00,Admitted
P03833,12,Female,Low,Acute Respiratory Distress,1.7,ICU,U001,F01,2026-08-15 20:00:00,Transfer Approved
P03834,39,Female,Low,Bronchiolitis,3.3,Pediatrics,U004,F01,2026-08-03 19:00:00,Discharged
P03835,28,Female,High,Cellulitis,8.0,Med-Surg,U013,F03,2026-08-13 09:00:00,Admitted
P03836,55,Male,Low,Chemotherapy Monitoring,2.0,Oncology,U010,F02,2026-08-03 01:00:00,Pending Transfer
P03837,82,Female,Medium,Tumor Lysis Syndrome,4.7,Oncology,U005,F01,2026-08-13 03:00:00,Admitted
P03838,74,Female,High,Bronchiolitis,6.2,Pediatrics,U014,F03,2026-08-12 09:00:00,Admitted
P03839,7,Male,Medium,Diabetes Complications,1.7,Med-Surg,U003,F01,2026-08-11 01:00:00,Discharged
P03840,53,Non-Binary,Medium,Palliative Care,5.4,Oncology,U005,F01,2026-08-03 13:00:00,Admitted
P03841,71,Female,Medium,Pneumonia,4.2,Med-Surg,U013,F03,2026-08-06 20:00:00,Admitted
P03842,64,Non-Binary,Medium,Pneumonia,5.3,Med-Surg,U013,F03,2026-08-10 15:00:00,Admitted
P03843,9,Non-Binary,Low,Severe Abdominal Pain,2.7,Emergency,U002,F01,2026-08-20 08:00:00,Transfer Approved
P03844,67,Non-Binary,High,Dehydration,6.8,Pediatrics,U004,F01,2026-08-17 18:00:00,Admitted
P03845,77,Male,Low,Acute Respiratory Distress,1.6,ICU,U001,F01,2026-08-21 22:00:00,Admitted
P03846,44,Female,Low,Severe Abdominal Pain,2.2,Emergency,U002,F01,2026-08-13 06:00:00,Admitted
P03847,47,Female,High,Stroke,8.2,Emergency,U007,F02,2026-08-06 14:00:00,Transfer Approved
P03848,82,Non-Binary,Medium,Acute Respiratory Distress,4.4,ICU,U011,F03,2026-08-05 20:00:00,Admitted
P03849,47,Female,Medium,Stroke,3.6,Emergency,U012,F03,2026-08-01 15:00:00,Pending Transfer
P03850,3,Non-Binary,Medium,Acute Respiratory Distress,3.7,ICU,U001,F01,2026-08-21 08:00:00,Admitted
P03851,15,Male,Critical,Polytrauma,13.9,Emergency,U007,F02,2026-08-21 13:00:00,Pending Transfer
P03852,24,Female,Low,Acute Respiratory Distress,3.1,ICU,U001,F01,2026-08-25 03:00:00,Admitted
P03853,1,Male,Low,Cellulitis,2.3,Med-Surg,U008,F02,2026-08-22 08:00:00,Admitted
P03854,13,Female,Medium,Diabetes Complications,4.6,Pediatrics,U008,F02,2026-08-06 06:00:00,Transfer Approved
P03855,65,Non-Binary,High,Pediatric Asthma,5.9,Pediatrics,U004,F01,2026-08-22 05:00:00,Admitted
P03856,18,Male,Low,Acute Myocardial Infarction,2.6,Emergency,U002,F01,2026-08-18 04:00:00,Admitted
P03857,37,Male,Low,Pneumonia,2.4,Med-Surg,U008,F02,2026-08-17 06:00:00,Discharged
P03858,46,Non-Binary,Medium,Pneumonia,3.6,Med-Surg,U013,F03,2026-08-02 23:00:00,Admitted
P03859,71,Female,Medium,Congenital Heart Defect,4.7,Pediatrics,U004,F01,2026-08-12 03:00:00,Admitted
P03860,91,Male,Low,Febrile Neutropenia,2.2,Med-Surg,U015,F03,2026-08-07 10:00:00,Admitted
P03861,57,Male,Low,Febrile Neutropenia,3.0,Oncology,U005,F01,2026-08-05 00:00:00,Admitted
P03862,56,Female,Medium,Chemotherapy Monitoring,4.8,Oncology,U010,F02,2026-08-12 15:00:00,Admitted
P03863,72,Male,Medium,Palliative Care,4.5,Oncology,U005,F01,2026-08-01 02:00:00,Admitted
P03864,4,Female,Low,Acute Respiratory Distress,2.7,ICU,U001,F01,2026-08-23 10:00:00,Admitted
P03865,32,Female,High,Pediatric Asthma,7.0,Pediatrics,U009,F02,2026-08-05 16:00:00,Discharged
P03866,13,Non-Binary,High,Dehydration,6.4,Pediatrics,U009,F02,2026-08-26 14:00:00,Admitted
P03867,37,Non-Binary,Low,Acute Myocardial Infarction,2.6,Emergency,U002,F01,2026-08-21 16:00:00,Pending Transfer
P03868,87,Non-Binary,Low,Bronchiolitis,1.5,Pediatrics,U009,F02,2026-08-12 15:00:00,Admitted
P03869,72,Non-Binary,High,Polytrauma,7.5,Emergency,U007,F02,2026-08-18 18:00:00,Admitted
P03870,15,Non-Binary,High,Diabetes Complications,5.8,Med-Surg,U008,F02,2026-08-20 23:00:00,Admitted
P03871,92,Female,Medium,Pneumonia,5.4,Med-Surg,U003,F01,2026-08-27 23:00:00,Admitted
P03872,52,Non-Binary,Low,Polytrauma,2.1,Emergency,U012,F03,2026-08-11 11:00:00,Admitted
P03873,64,Female,Low,Dehydration,2.9,Med-Surg,U004,F01,2026-08-06 18:00:00,Admitted
P03874,1,Female,Low,Severe Abdominal Pain,2.6,Med-Surg,U007,F02,2026-08-12 04:00:00,Pending Transfer
P03875,67,Non-Binary,Low,Congenital Heart Defect,1.5,ICU,U009,F02,2026-08-13 10:00:00,Admitted
P03876,54,Female,Medium,Diabetes Complications,4.0,Med-Surg,U008,F02,2026-08-12 14:00:00,Admitted
P03877,6,Male,Low,Post-Cardiac Arrest,2.1,ICU,U006,F02,2026-08-03 07:00:00,Admitted
P03878,54,Non-Binary,Low,Post-Operative Recovery,2.1,Med-Surg,U013,F03,2026-08-02 04:00:00,Admitted
P03879,46,Male,High,Chemotherapy Monitoring,7.0,Oncology,U010,F02,2026-08-24 12:00:00,Admitted
P03880,79,Non-Binary,Low,Febrile Neutropenia,2.8,Oncology,U005,F01,2026-08-10 08:00:00,Admitted
P03881,39,Female,High,Congenital Heart Defect,8.1,Pediatrics,U014,F03,2026-08-26 00:00:00,Admitted
P03882,69,Female,Medium,Diabetes Complications,4.0,Med-Surg,U008,F02,2026-08-09 05:00:00,Admitted
P03883,28,Female,Low,Acute Respiratory Distress,2.5,ICU,U011,F03,2026-08-15 22:00:00,Admitted
P03884,17,Female,Low,Polytrauma,2.9,Emergency,U012,F03,2026-08-31 12:00:00,Pending Transfer
P03885,77,Male,Medium,Tumor Lysis Syndrome,4.6,Oncology,U015,F03,2026-08-10 18:00:00,Admitted
P03886,4,Female,Low,Acute Myocardial Infarction,3.2,Emergency,U002,F01,2026-08-13 00:00:00,Transfer Approved
P03887,21,Female,Low,Septic Shock,2.5,Emergency,U001,F01,2026-08-08 21:00:00,Admitted
P03888,19,Non-Binary,Medium,Multi-organ Dysfunction,4.9,ICU,U006,F02,2026-08-06 07:00:00,Transfer Approved
P03889,11,Female,Critical,Diabetes Complications,11.4,Med-Surg,U003,F01,2026-08-09 00:00:00,Pending Transfer
P03890,18,Non-Binary,Low,Severe Abdominal Pain,2.3,Emergency,U002,F01,2026-08-23 19:00:00,Admitted
P03891,77,Male,Medium,Congenital Heart Defect,3.8,Pediatrics,U014,F03,2026-08-31 05:00:00,Admitted
P03892,77,Male,Medium,Acute Myocardial Infarction,3.6,Pediatrics,U012,F03,2026-08-18 05:00:00,Transfer Approved
P03893,16,Female,Low,Bronchiolitis,2.7,Pediatrics,U004,F01,2026-08-13 19:00:00,Pending Transfer
P03894,27,Female,Critical,Acute Respiratory Distress,10.7,ICU,U006,F02,2026-08-27 11:00:00,Admitted
P03895,5,Male,High,Polytrauma,8.0,Emergency,U002,F01,2026-08-17 01:00:00,Transfer Approved
P03896,39,Non-Binary,Medium,Stroke,3.5,Emergency,U012,F03,2026-08-14 03:00:00,Admitted
P03897,86,Non-Binary,Medium,Chemotherapy Monitoring,3.7,Oncology,U015,F03,2026-08-08 06:00:00,Admitted
P03898,48,Non-Binary,Medium,Febrile Neutropenia,4.5,Oncology,U005,F01,2026-08-20 01:00:00,Admitted
P03899,1,Male,Medium,Post-Operative Recovery,3.9,Med-Surg,U008,F02,2026-08-11 13:00:00,Admitted
P03900,13,Female,High,Acute Myocardial Infarction,6.1,Emergency,U012,F03,2026-08-23 22:00:00,Admitted
P03901,87,Female,High,Congenital Heart Defect,5.7,Pediatrics,U004,F01,2026-08-12 19:00:00,Admitted
P03902,40,Male,Low,Cellulitis,2.7,Med-Surg,U003,F01,2026-08-29 04:00:00,Admitted
P03903,30,Male,Critical,Pneumonia,12.9,Med-Surg,U008,F02,2026-08-26 06:00:00,Admitted
P03904,18,Non-Binary,Low,Acute Myocardial Infarction,1.7,Emergency,U007,F02,2026-08-21 14:00:00,Transfer Approved
P03905,60,Non-Binary,Medium,Post-Operative Recovery,4.1,Med-Surg,U013,F03,2026-08-15 23:00:00,Discharged
P03906,37,Male,Critical,Cellulitis,8.6,Med-Surg,U003,F01,2026-08-20 09:00:00,Admitted
P03907,46,Male,Critical,Acute Respiratory Distress,13.6,ICU,U001,F01,2026-08-16 13:00:00,Admitted
P03908,54,Non-Binary,Low,Post-Cardiac Arrest,2.2,ICU,U001,F01,2026-08-22 15:00:00,Transfer Approved
P03909,83,Female,Low,Chemotherapy Monitoring,1.8,Oncology,U015,F03,2026-08-06 17:00:00,Admitted
P03910,12,Non-Binary,High,Multi-organ Dysfunction,6.9,ICU,U001,F01,2026-08-26 23:00:00,Admitted
P03911,80,Male,Low,Septic Shock,1.8,ICU,U001,F01,2026-08-13 15:00:00,Admitted
P03912,81,Non-Binary,High,Palliative Care,5.6,Oncology,U015,F03,2026-08-16 20:00:00,Admitted
P03913,55,Male,Medium,Dehydration,4.0,Pediatrics,U004,F01,2026-08-22 15:00:00,Admitted
P03914,16,Non-Binary,Medium,Multi-organ Dysfunction,4.7,Emergency,U011,F03,2026-08-13 20:00:00,Admitted
P03915,67,Non-Binary,Medium,Tumor Lysis Syndrome,4.8,Oncology,U010,F02,2026-08-08 15:00:00,Admitted
P03916,11,Male,Low,Multi-organ Dysfunction,3.2,ICU,U006,F02,2026-08-07 00:00:00,Admitted
P03917,6,Male,High,Febrile Neutropenia,6.9,Oncology,U010,F02,2026-08-30 07:00:00,Admitted
P03918,73,Non-Binary,Medium,Acute Myocardial Infarction,5.2,Emergency,U012,F03,2026-08-03 06:00:00,Admitted
P03919,19,Female,Low,Cellulitis,2.2,Med-Surg,U003,F01,2026-08-17 12:00:00,Admitted
P03920,49,Non-Binary,Low,Bronchiolitis,2.5,Pediatrics,U004,F01,2026-08-31 17:00:00,Transfer Approved
P03921,92,Female,Low,Acute Respiratory Distress,2.5,ICU,U006,F02,2026-08-26 21:00:00,Admitted
P03922,64,Female,Medium,Stroke,4.6,Emergency,U012,F03,2026-08-11 06:00:00,Admitted
P03923,68,Male,Low,Chemotherapy Monitoring,1.7,Oncology,U005,F01,2026-08-22 00:00:00,Admitted
P03924,50,Female,Medium,Bronchiolitis,4.9,Pediatrics,U009,F02,2026-08-06 13:00:00,Admitted
P03925,57,Male,Medium,Dehydration,1.6,Pediatrics,U009,F02,2026-08-06 08:00:00,Admitted
P03926,41,Female,High,Septic Shock,8.4,ICU,U006,F02,2026-08-16 11:00:00,Pending Transfer
P03927,87,Female,Medium,Multi-organ Dysfunction,5.4,ICU,U006,F02,2026-08-16 13:00:00,Admitted
P03928,34,Non-Binary,Low,Post-Cardiac Arrest,2.5,ICU,U006,F02,2026-08-06 05:00:00,Admitted
P03929,36,Non-Binary,Medium,Tumor Lysis Syndrome,4.9,Oncology,U015,F03,2026-08-01 09:00:00,Admitted
P03930,53,Non-Binary,Low,Febrile Neutropenia,2.1,Oncology,U010,F02,2026-08-19 04:00:00,Admitted
P03931,73,Female,Medium,Dehydration,4.3,Pediatrics,U014,F03,2026-08-28 03:00:00,Admitted
P03932,19,Non-Binary,Medium,Chemotherapy Monitoring,5.2,Oncology,U005,F01,2026-08-25 14:00:00,Admitted
P03933,54,Non-Binary,Medium,Palliative Care,3.9,Oncology,U015,F03,2026-08-24 10:00:00,Transfer Approved
P03934,90,Male,Low,Severe Abdominal Pain,2.7,Emergency,U012,F03,2026-08-22 08:00:00,Pending Transfer
P03935,18,Male,Low,Acute Myocardial Infarction,2.7,Emergency,U012,F03,2026-08-28 21:00:00,Admitted
P03936,48,Male,Medium,Febrile Neutropenia,3.8,Oncology,U005,F01,2026-08-29 15:00:00,Discharged
P03937,60,Non-Binary,Low,Pediatric Asthma,2.1,Pediatrics,U004,F01,2026-08-16 23:00:00,Pending Transfer
P03938,73,Female,Medium,Acute Myocardial Infarction,4.2,Emergency,U012,F03,2026-08-10 22:00:00,Pending Transfer
P03939,84,Male,Medium,Congenital Heart Defect,3.5,Pediatrics,U004,F01,2026-08-20 16:00:00,Pending Transfer
P03940,18,Male,Medium,Multi-organ Dysfunction,4.4,ICU,U006,F02,2026-08-31 04:00:00,Pending Transfer
P03941,32,Male,High,Post-Cardiac Arrest,7.4,ICU,U001,F01,2026-08-23 01:00:00,Admitted
P03942,73,Non-Binary,Medium,Pneumonia,4.1,Med-Surg,U003,F01,2026-08-13 15:00:00,Admitted
P03943,52,Non-Binary,Low,Palliative Care,1.5,Oncology,U010,F02,2026-08-21 07:00:00,Admitted
P03944,86,Male,Low,Post-Cardiac Arrest,1.9,ICU,U011,F03,2026-08-05 04:00:00,Admitted
P03945,4,Male,Medium,Multi-organ Dysfunction,4.5,ICU,U011,F03,2026-08-13 08:00:00,Pending Transfer
P03946,70,Male,Low,Bronchiolitis,3.5,Pediatrics,U014,F03,2026-08-28 14:00:00,Admitted
P03947,87,Non-Binary,High,Post-Cardiac Arrest,5.6,ICU,U001,F01,2026-08-06 22:00:00,Admitted
P03948,70,Non-Binary,Medium,Palliative Care,4.5,Oncology,U005,F01,2026-08-03 22:00:00,Transfer Approved
P03949,27,Female,Medium,Pediatric Asthma,5.2,Pediatrics,U004,F01,2026-08-09 19:00:00,Pending Transfer
P03950,37,Female,Low,Bronchiolitis,1.5,Pediatrics,U014,F03,2026-08-30 13:00:00,Admitted
P03951,36,Non-Binary,Critical,Polytrauma,9.1,Emergency,U012,F03,2026-08-09 19:00:00,Admitted
P03952,48,Male,Low,Septic Shock,2.2,ICU,U006,F02,2026-08-29 00:00:00,Admitted
P03953,10,Male,Low,Tumor Lysis Syndrome,2.1,Oncology,U005,F01,2026-08-12 16:00:00,Discharged
P03954,92,Non-Binary,High,Acute Respiratory Distress,7.1,Oncology,U006,F02,2026-08-24 16:00:00,Admitted
P03955,74,Non-Binary,Medium,Acute Respiratory Distress,4.1,ICU,U001,F01,2026-08-02 09:00:00,Pending Transfer
P03956,8,Female,Medium,Bronchiolitis,3.6,Pediatrics,U004,F01,2026-08-29 16:00:00,Admitted
P03957,44,Male,High,Bronchiolitis,7.0,Pediatrics,U014,F03,2026-08-21 20:00:00,Admitted
P03958,14,Female,Medium,Bronchiolitis,4.5,Pediatrics,U009,F02,2026-08-12 16:00:00,Admitted
P03959,7,Male,High,Post-Operative Recovery,7.4,Pediatrics,U008,F02,2026-08-17 10:00:00,Admitted
P03960,49,Female,High,Cellulitis,5.8,Med-Surg,U013,F03,2026-08-15 17:00:00,Admitted
P03961,34,Male,High,Pediatric Asthma,8.4,Pediatrics,U014,F03,2026-08-05 14:00:00,Admitted
P03962,85,Male,Medium,Cellulitis,5.3,Med-Surg,U013,F03,2026-08-18 20:00:00,Admitted
P03963,91,Male,Critical,Severe Abdominal Pain,12.4,Emergency,U002,F01,2026-08-04 11:00:00,Pending Transfer
P03964,67,Female,Medium,Palliative Care,5.5,Oncology,U010,F02,2026-08-14 03:00:00,Admitted
P03965,11,Non-Binary,Medium,Palliative Care,5.2,Oncology,U015,F03,2026-08-12 18:00:00,Pending Transfer
P03966,92,Non-Binary,Critical,Acute Myocardial Infarction,12.2,Emergency,U002,F01,2026-08-03 15:00:00,Transfer Approved
P03967,6,Non-Binary,Critical,Multi-organ Dysfunction,13.3,ICU,U001,F01,2026-08-18 06:00:00,Admitted
P03968,48,Male,Low,Pneumonia,2.2,Med-Surg,U008,F02,2026-08-19 11:00:00,Admitted
P03969,55,Female,Medium,Palliative Care,4.9,Oncology,U010,F02,2026-08-08 11:00:00,Admitted
P03970,31,Male,Medium,Bronchiolitis,4.1,Pediatrics,U004,F01,2026-08-22 04:00:00,Transfer Approved
P03971,13,Female,Low,Cellulitis,2.2,Med-Surg,U003,F01,2026-08-18 08:00:00,Admitted
P03972,55,Female,Medium,Cellulitis,4.5,Med-Surg,U008,F02,2026-08-27 06:00:00,Admitted
P03973,1,Male,Medium,Dehydration,3.9,Pediatrics,U004,F01,2026-08-15 05:00:00,Admitted
P03974,62,Female,Medium,Cellulitis,4.7,Med-Surg,U008,F02,2026-08-08 08:00:00,Admitted
P03975,41,Male,Low,Dehydration,3.1,Pediatrics,U009,F02,2026-08-06 10:00:00,Admitted
P03976,17,Non-Binary,Low,Tumor Lysis Syndrome,3.4,Oncology,U005,F01,2026-08-31 07:00:00,Admitted
P03977,1,Non-Binary,High,Palliative Care,8.0,Oncology,U010,F02,2026-08-01 17:00:00,Transfer Approved
P03978,73,Female,Low,Febrile Neutropenia,3.3,Oncology,U015,F03,2026-08-21 14:00:00,Admitted
P03979,29,Non-Binary,Medium,Septic Shock,5.4,ICU,U001,F01,2026-08-16 14:00:00,Admitted
P03980,15,Male,High,Multi-organ Dysfunction,5.9,ICU,U001,F01,2026-08-24 15:00:00,Admitted
P03981,84,Non-Binary,Medium,Post-Cardiac Arrest,3.9,ICU,U001,F01,2026-08-02 00:00:00,Admitted
P03982,57,Male,Medium,Septic Shock,3.6,ICU,U001,F01,2026-08-23 08:00:00,Admitted
P03983,19,Male,Medium,Pneumonia,4.9,Med-Surg,U008,F02,2026-08-29 21:00:00,Pending Transfer
P03984,7,Female,High,Post-Cardiac Arrest,8.0,ICU,U006,F02,2026-08-15 15:00:00,Transfer Approved
P03985,13,Non-Binary,Critical,Severe Abdominal Pain,13.6,Emergency,U007,F02,2026-08-19 20:00:00,Pending Transfer
P03986,61,Male,Low,Cellulitis,2.2,Med-Surg,U003,F01,2026-08-12 12:00:00,Transfer Approved
P03987,52,Female,Critical,Cellulitis,10.1,Med-Surg,U003,F01,2026-08-24 21:00:00,Admitted
P03988,49,Non-Binary,Low,Septic Shock,1.9,ICU,U011,F03,2026-08-01 00:00:00,Admitted
P03989,79,Non-Binary,Low,Pneumonia,1.8,Med-Surg,U008,F02,2026-08-27 09:00:00,Discharged
P03990,18,Non-Binary,Critical,Cellulitis,12.3,Med-Surg,U008,F02,2026-08-25 14:00:00,Pending Transfer
P03991,80,Male,Low,Bronchiolitis,1.8,ICU,U004,F01,2026-08-25 08:00:00,Pending Transfer
P03992,32,Non-Binary,Medium,Pediatric Asthma,4.4,Pediatrics,U009,F02,2026-08-10 15:00:00,Admitted
P03993,86,Male,Medium,Palliative Care,3.6,Oncology,U005,F01,2026-08-16 20:00:00,Admitted
P03994,76,Male,Medium,Chemotherapy Monitoring,5.3,Oncology,U005,F01,2026-08-24 22:00:00,Admitted
P03995,13,Male,Medium,Chemotherapy Monitoring,4.3,Oncology,U005,F01,2026-08-05 13:00:00,Admitted
P03996,2,Male,High,Polytrauma,5.9,Emergency,U007,F02,2026-08-19 22:00:00,Admitted
P03997,27,Non-Binary,Low,Multi-organ Dysfunction,3.2,ICU,U011,F03,2026-08-20 14:00:00,Admitted
P03998,72,Male,Low,Septic Shock,2.1,ICU,U011,F03,2026-08-23 06:00:00,Admitted
P03999,46,Female,Low,Pediatric Asthma,2.7,Pediatrics,U009,F02,2026-08-19 12:00:00,Admitted
P04000,61,Non-Binary,Medium,Post-Operative Recovery,5.1,Med-Surg,U003,F01,2026-08-29 22:00:00,Admitted
P04001,65,Female,Low,Congenital Heart Defect,3.2,Pediatrics,U004,F01,2026-08-08 04:00:00,Admitted
P04002,3,Male,Medium,Pediatric Asthma,5.4,Pediatrics,U014,F03,2026-08-23 04:00:00,Admitted
P04003,85,Female,Medium,Palliative Care,4.2,Oncology,U015,F03,2026-08-05 09:00:00,Admitted
P04004,51,Non-Binary,Medium,Stroke,4.0,Emergency,U002,F01,2026-08-29 05:00:00,Admitted
P04005,64,Non-Binary,Medium,Acute Myocardial Infarction,4.1,ICU,U002,F01,2026-08-23 23:00:00,Admitted
P04006,87,Non-Binary,Medium,Bronchiolitis,3.5,Pediatrics,U014,F03,2026-08-02 02:00:00,Admitted
P04007,39,Non-Binary,Low,Congenital Heart Defect,3.1,Pediatrics,U014,F03,2026-08-19 00:00:00,Admitted
P04008,72,Female,Low,Pneumonia,1.9,Med-Surg,U008,F02,2026-08-29 03:00:00,Admitted
P04009,52,Non-Binary,High,Bronchiolitis,7.7,Pediatrics,U009,F02,2026-08-23 23:00:00,Admitted
P04010,26,Male,Low,Stroke,3.3,Emergency,U002,F01,2026-08-30 06:00:00,Admitted
P04011,49,Non-Binary,Medium,Bronchiolitis,4.5,ICU,U004,F01,2026-08-02 23:00:00,Admitted
P04012,5,Non-Binary,Low,Pediatric Asthma,2.6,Pediatrics,U014,F03,2026-08-08 02:00:00,Transfer Approved
P04013,71,Female,Critical,Acute Respiratory Distress,12.5,ICU,U006,F02,2026-08-10 17:00:00,Pending Transfer
P04014,6,Male,Low,Bronchiolitis,2.2,Pediatrics,U014,F03,2026-08-03 10:00:00,Discharged
P04015,70,Non-Binary,Low,Febrile Neutropenia,2.7,Emergency,U015,F03,2026-08-02 08:00:00,Admitted
P04016,91,Male,Critical,Post-Cardiac Arrest,10.8,Pediatrics,U011,F03,2026-08-13 05:00:00,Admitted
P04017,69,Non-Binary,Medium,Acute Respiratory Distress,2.5,ICU,U001,F01,2026-08-05 04:00:00,Admitted
P04018,87,Non-Binary,Low,Post-Cardiac Arrest,2.5,ICU,U006,F02,2026-08-28 18:00:00,Admitted
P04019,39,Female,Low,Tumor Lysis Syndrome,3.0,Oncology,U005,F01,2026-08-28 11:00:00,Admitted
P04020,92,Male,High,Pediatric Asthma,8.5,Pediatrics,U014,F03,2026-08-03 01:00:00,Transfer Approved
P04021,45,Non-Binary,Low,Febrile Neutropenia,2.8,Oncology,U005,F01,2026-08-01 19:00:00,Pending Transfer
P04022,56,Female,Critical,Bronchiolitis,11.8,Pediatrics,U009,F02,2026-08-10 04:00:00,Admitted
P04023,13,Non-Binary,Medium,Pediatric Asthma,5.0,Pediatrics,U004,F01,2026-08-14 19:00:00,Admitted
P04024,30,Female,Low,Congenital Heart Defect,3.0,Pediatrics,U014,F03,2026-08-01 23:00:00,Pending Transfer
P04025,14,Female,Medium,Cellulitis,4.4,Med-Surg,U013,F03,2026-08-04 16:00:00,Transfer Approved
P04026,64,Female,High,Post-Cardiac Arrest,8.1,ICU,U001,F01,2026-08-17 17:00:00,Pending Transfer
P04027,28,Female,Low,Acute Myocardial Infarction,2.4,Emergency,U007,F02,2026-08-22 21:00:00,Admitted
P04028,46,Male,Low,Chemotherapy Monitoring,3.0,Oncology,U015,F03,2026-08-25 20:00:00,Admitted
P04029,21,Female,Low,Severe Abdominal Pain,1.8,Emergency,U002,F01,2026-08-14 13:00:00,Transfer Approved
P04030,56,Female,Medium,Pediatric Asthma,4.6,Pediatrics,U004,F01,2026-08-15 20:00:00,Admitted
P04031,51,Male,Low,Congenital Heart Defect,3.5,Pediatrics,U009,F02,2026-08-06 17:00:00,Transfer Approved
P04032,83,Non-Binary,Critical,Pediatric Asthma,11.1,Pediatrics,U009,F02,2026-08-08 10:00:00,Admitted
P04033,73,Non-Binary,Medium,Pediatric Asthma,3.8,Pediatrics,U009,F02,2026-08-16 15:00:00,Pending Transfer
P04034,60,Male,Medium,Severe Abdominal Pain,4.1,Emergency,U007,F02,2026-08-16 12:00:00,Admitted
P04035,38,Male,High,Febrile Neutropenia,8.2,Oncology,U015,F03,2026-08-24 17:00:00,Admitted
P04036,4,Female,Medium,Pediatric Asthma,5.3,Pediatrics,U009,F02,2026-08-31 09:00:00,Admitted
P04037,16,Female,High,Chemotherapy Monitoring,8.2,Oncology,U010,F02,2026-08-11 15:00:00,Admitted
P04038,71,Non-Binary,High,Febrile Neutropenia,7.2,Oncology,U005,F01,2026-08-05 18:00:00,Admitted
P04039,46,Female,Critical,Pneumonia,12.9,Med-Surg,U008,F02,2026-08-15 02:00:00,Admitted
P04040,83,Male,Low,Pneumonia,2.6,Med-Surg,U003,F01,2026-08-25 01:00:00,Admitted
P04041,1,Non-Binary,Critical,Bronchiolitis,9.9,Pediatrics,U014,F03,2026-08-21 05:00:00,Admitted
P04042,67,Female,High,Post-Cardiac Arrest,6.5,ICU,U006,F02,2026-08-02 20:00:00,Admitted
P04043,30,Non-Binary,High,Pediatric Asthma,7.8,Pediatrics,U004,F01,2026-08-01 03:00:00,Pending Transfer
P04044,14,Non-Binary,High,Febrile Neutropenia,6.5,Oncology,U005,F01,2026-08-13 20:00:00,Admitted
P04045,5,Female,Low,Tumor Lysis Syndrome,1.8,Oncology,U010,F02,2026-08-01 12:00:00,Admitted
P04046,85,Non-Binary,Medium,Pneumonia,3.8,Med-Surg,U003,F01,2026-08-08 06:00:00,Admitted
P04047,53,Non-Binary,High,Septic Shock,8.0,ICU,U001,F01,2026-08-01 12:00:00,Admitted
P04048,22,Male,Medium,Post-Operative Recovery,5.1,Med-Surg,U003,F01,2026-08-07 00:00:00,Admitted
P04049,18,Female,Medium,Acute Myocardial Infarction,5.3,Emergency,U012,F03,2026-08-14 04:00:00,Admitted
P04050,34,Non-Binary,Low,Severe Abdominal Pain,2.2,Emergency,U012,F03,2026-08-26 23:00:00,Admitted
P04051,82,Female,Medium,Acute Respiratory Distress,4.9,ICU,U001,F01,2026-08-29 22:00:00,Admitted
P04052,12,Non-Binary,Medium,Stroke,4.1,Emergency,U002,F01,2026-08-31 19:00:00,Admitted
P04053,48,Female,Low,Cellulitis,2.0,Med-Surg,U003,F01,2026-08-18 15:00:00,Admitted
P04054,27,Female,Medium,Multi-organ Dysfunction,4.0,ICU,U001,F01,2026-08-09 10:00:00,Admitted
P04055,9,Female,High,Cellulitis,7.5,Med-Surg,U008,F02,2026-08-18 21:00:00,Pending Transfer
P04056,54,Female,Medium,Acute Myocardial Infarction,4.8,Emergency,U007,F02,2026-08-17 06:00:00,Admitted
P04057,38,Non-Binary,Medium,Bronchiolitis,4.8,Pediatrics,U004,F01,2026-08-21 17:00:00,Admitted
P04058,55,Non-Binary,Low,Febrile Neutropenia,3.2,Oncology,U015,F03,2026-08-07 13:00:00,Admitted
P04059,51,Female,Low,Tumor Lysis Syndrome,2.0,Pediatrics,U010,F02,2026-08-16 11:00:00,Pending Transfer
P04060,68,Female,Low,Chemotherapy Monitoring,3.3,Oncology,U015,F03,2026-08-10 07:00:00,Admitted
P04061,21,Non-Binary,Low,Cellulitis,3.0,Med-Surg,U003,F01,2026-08-07 21:00:00,Discharged
P04062,84,Female,Medium,Pneumonia,4.0,Med-Surg,U008,F02,2026-08-14 19:00:00,Admitted
P04063,89,Female,Low,Acute Respiratory Distress,2.2,ICU,U001,F01,2026-08-26 09:00:00,Discharged
P04064,41,Male,High,Multi-organ Dysfunction,8.5,Emergency,U011,F03,2026-08-18 08:00:00,Admitted
P04065,52,Female,High,Septic Shock,7.7,Pediatrics,U006,F02,2026-08-07 08:00:00,Discharged
P04066,23,Non-Binary,Low,Diabetes Complications,2.6,Med-Surg,U008,F02,2026-08-15 07:00:00,Admitted
P04067,63,Male,Medium,Stroke,4.0,Emergency,U007,F02,2026-08-12 21:00:00,Transfer Approved
P04068,81,Non-Binary,Low,Polytrauma,2.0,Emergency,U002,F01,2026-08-03 13:00:00,Admitted
P04069,18,Female,High,Dehydration,5.8,Emergency,U014,F03,2026-08-23 22:00:00,Admitted
P04070,82,Male,Low,Tumor Lysis Syndrome,3.5,Emergency,U015,F03,2026-08-31 17:00:00,Admitted
P04071,13,Female,High,Acute Myocardial Infarction,6.5,Emergency,U012,F03,2026-08-05 14:00:00,Transfer Approved
P04072,77,Female,High,Septic Shock,8.0,ICU,U011,F03,2026-08-20 10:00:00,Admitted
P04073,25,Male,Medium,Post-Operative Recovery,3.7,Med-Surg,U013,F03,2026-08-12 18:00:00,Pending Transfer
P04074,4,Female,Medium,Acute Myocardial Infarction,4.3,Emergency,U012,F03,2026-08-15 08:00:00,Admitted
P04075,20,Non-Binary,Critical,Severe Abdominal Pain,13.1,Emergency,U012,F03,2026-08-06 21:00:00,Admitted
P04076,45,Male,Low,Polytrauma,2.5,Emergency,U012,F03,2026-08-17 06:00:00,Admitted
P04077,71,Non-Binary,High,Stroke,6.5,Emergency,U012,F03,2026-08-03 08:00:00,Admitted
P04078,81,Female,Medium,Post-Operative Recovery,5.1,Med-Surg,U008,F02,2026-08-21 02:00:00,Pending Transfer
P04079,75,Male,Low,Dehydration,1.7,Pediatrics,U004,F01,2026-08-29 09:00:00,Discharged
P04080,45,Female,Low,Stroke,3.0,Emergency,U007,F02,2026-08-15 22:00:00,Admitted
P04081,5,Female,Low,Febrile Neutropenia,2.4,Oncology,U005,F01,2026-08-04 13:00:00,Pending Transfer
P04082,59,Male,Medium,Diabetes Complications,4.4,Med-Surg,U013,F03,2026-08-27 04:00:00,Admitted
P04083,12,Non-Binary,Medium,Tumor Lysis Syndrome,5.2,Oncology,U010,F02,2026-08-14 23:00:00,Admitted
P04084,22,Female,Low,Multi-organ Dysfunction,3.3,ICU,U001,F01,2026-08-14 00:00:00,Pending Transfer
P04085,66,Female,Medium,Chemotherapy Monitoring,4.5,Oncology,U005,F01,2026-08-15 12:00:00,Transfer Approved
P04086,21,Male,Critical,Post-Operative Recovery,10.8,Med-Surg,U013,F03,2026-08-20 13:00:00,Admitted
P04087,31,Male,Medium,Acute Myocardial Infarction,5.3,Emergency,U002,F01,2026-08-31 02:00:00,Admitted
P04088,56,Non-Binary,Medium,Palliative Care,5.4,Oncology,U005,F01,2026-08-02 22:00:00,Admitted
P04089,43,Non-Binary,High,Bronchiolitis,8.3,Pediatrics,U009,F02,2026-08-22 22:00:00,Admitted
P04090,54,Female,Low,Diabetes Complications,2.9,Emergency,U008,F02,2026-08-31 06:00:00,Admitted
P04091,36,Male,Medium,Pediatric Asthma,4.1,Pediatrics,U014,F03,2026-08-30 02:00:00,Admitted
P04092,85,Female,High,Bronchiolitis,5.7,Pediatrics,U004,F01,2026-08-27 07:00:00,Admitted
P04093,52,Female,Medium,Multi-organ Dysfunction,3.6,ICU,U001,F01,2026-08-18 05:00:00,Pending Transfer
P04094,31,Male,High,Septic Shock,6.3,ICU,U011,F03,2026-08-25 11:00:00,Pending Transfer
P04095,57,Female,High,Congenital Heart Defect,6.1,Pediatrics,U014,F03,2026-08-04 22:00:00,Admitted
P04096,43,Female,Low,Post-Operative Recovery,3.0,Med-Surg,U013,F03,2026-08-07 02:00:00,Admitted
P04097,67,Non-Binary,Medium,Acute Myocardial Infarction,4.8,Emergency,U012,F03,2026-08-29 19:00:00,Admitted
P04098,48,Male,Medium,Chemotherapy Monitoring,5.3,Oncology,U005,F01,2026-08-28 05:00:00,Pending Transfer
P04099,86,Non-Binary,Low,Congenital Heart Defect,2.5,Pediatrics,U009,F02,2026-08-04 10:00:00,Transfer Approved
P04100,3,Female,Medium,Diabetes Complications,4.9,Med-Surg,U003,F01,2026-08-22 14:00:00,Admitted
P04101,78,Male,High,Severe Abdominal Pain,7.0,Emergency,U012,F03,2026-08-26 02:00:00,Admitted
P04102,58,Male,Medium,Bronchiolitis,4.5,Pediatrics,U009,F02,2026-08-05 21:00:00,Admitted
P04103,79,Male,Low,Chemotherapy Monitoring,3.0,Oncology,U010,F02,2026-08-27 19:00:00,Admitted
P04104,20,Male,Critical,Post-Operative Recovery,11.8,Med-Surg,U003,F01,2026-08-19 02:00:00,Admitted
P04105,42,Female,Critical,Bronchiolitis,12.2,Pediatrics,U014,F03,2026-08-16 03:00:00,Admitted
P04106,4,Female,High,Acute Myocardial Infarction,7.2,Emergency,U002,F01,2026-08-16 00:00:00,Admitted
P04107,57,Non-Binary,High,Stroke,6.5,Emergency,U002,F01,2026-08-20 23:00:00,Pending Transfer
P04108,11,Female,Medium,Bronchiolitis,3.6,Pediatrics,U009,F02,2026-08-02 00:00:00,Pending Transfer
P04109,23,Male,Low,Septic Shock,3.1,ICU,U011,F03,2026-08-26 16:00:00,Admitted
P04110,32,Non-Binary,High,Palliative Care,7.2,Emergency,U005,F01,2026-08-24 09:00:00,Admitted
P04111,82,Female,Medium,Pediatric Asthma,3.8,Pediatrics,U009,F02,2026-08-13 14:00:00,Admitted
P04112,51,Male,Low,Diabetes Complications,2.8,ICU,U008,F02,2026-08-20 23:00:00,Pending Transfer
P04113,27,Female,Low,Cellulitis,2.9,Med-Surg,U008,F02,2026-08-12 09:00:00,Admitted
P04114,81,Male,Medium,Febrile Neutropenia,4.0,Oncology,U015,F03,2026-08-17 03:00:00,Transfer Approved
P04115,6,Male,Medium,Acute Myocardial Infarction,5.2,Emergency,U002,F01,2026-08-15 05:00:00,Admitted
P04116,10,Male,Low,Tumor Lysis Syndrome,1.7,Oncology,U005,F01,2026-08-13 01:00:00,Pending Transfer
P04117,13,Non-Binary,Medium,Pneumonia,3.8,Emergency,U003,F01,2026-08-18 21:00:00,Admitted
P04118,71,Male,High,Pneumonia,7.9,Med-Surg,U013,F03,2026-08-25 17:00:00,Admitted
P04119,26,Non-Binary,Medium,Polytrauma,4.5,Emergency,U012,F03,2026-08-17 03:00:00,Discharged
P04120,82,Female,Low,Febrile Neutropenia,2.3,Oncology,U010,F02,2026-08-19 21:00:00,Admitted
P04121,86,Non-Binary,High,Polytrauma,7.4,Emergency,U012,F03,2026-08-08 23:00:00,Pending Transfer
P04122,49,Non-Binary,Medium,Post-Operative Recovery,4.4,Med-Surg,U003,F01,2026-08-23 09:00:00,Admitted
P04123,83,Female,High,Palliative Care,6.9,ICU,U005,F01,2026-08-12 04:00:00,Admitted
P04124,11,Female,Low,Pediatric Asthma,3.1,Pediatrics,U009,F02,2026-08-30 00:00:00,Transfer Approved
P04125,59,Male,Medium,Palliative Care,4.0,Oncology,U010,F02,2026-08-28 00:00:00,Transfer Approved
P04126,84,Non-Binary,Low,Stroke,1.7,Emergency,U007,F02,2026-08-01 16:00:00,Admitted
P04127,48,Male,Low,Post-Operative Recovery,3.3,Med-Surg,U003,F01,2026-08-03 19:00:00,Admitted
P04128,34,Non-Binary,Medium,Stroke,4.2,Emergency,U012,F03,2026-08-14 19:00:00,Transfer Approved
P04129,61,Male,Medium,Palliative Care,4.2,Oncology,U005,F01,2026-08-04 19:00:00,Admitted
P04130,24,Female,Medium,Congenital Heart Defect,4.5,Pediatrics,U004,F01,2026-08-15 23:00:00,Admitted
P04131,88,Male,Low,Cellulitis,3.0,Med-Surg,U008,F02,2026-08-08 18:00:00,Admitted
P04132,46,Female,High,Pediatric Asthma,5.9,Pediatrics,U014,F03,2026-08-27 12:00:00,Admitted
P04133,57,Non-Binary,Medium,Diabetes Complications,4.5,Med-Surg,U003,F01,2026-08-16 06:00:00,Admitted
P04134,59,Male,Critical,Septic Shock,11.5,ICU,U011,F03,2026-08-16 23:00:00,Pending Transfer
P04135,37,Male,Medium,Febrile Neutropenia,5.0,Oncology,U015,F03,2026-08-21 22:00:00,Transfer Approved
P04136,37,Non-Binary,High,Congenital Heart Defect,8.4,Pediatrics,U004,F01,2026-08-26 12:00:00,Discharged
P04137,49,Male,Medium,Palliative Care,4.3,Oncology,U010,F02,2026-08-01 09:00:00,Admitted
P04138,88,Male,Low,Polytrauma,3.1,Emergency,U007,F02,2026-08-04 21:00:00,Pending Transfer
P04139,39,Male,High,Chemotherapy Monitoring,6.6,Oncology,U015,F03,2026-08-08 03:00:00,Admitted
P04140,77,Female,Low,Cellulitis,1.9,Med-Surg,U008,F02,2026-08-09 15:00:00,Admitted
P04141,4,Female,Low,Palliative Care,2.1,Oncology,U005,F01,2026-08-19 12:00:00,Admitted
P04142,76,Non-Binary,High,Severe Abdominal Pain,8.3,Emergency,U002,F01,2026-08-18 17:00:00,Admitted
P04143,30,Male,High,Acute Respiratory Distress,6.3,ICU,U011,F03,2026-08-22 19:00:00,Admitted
P04144,83,Male,Low,Severe Abdominal Pain,2.5,Emergency,U007,F02,2026-08-03 11:00:00,Pending Transfer
P04145,74,Male,Low,Febrile Neutropenia,3.1,Oncology,U015,F03,2026-08-31 19:00:00,Admitted
P04146,15,Non-Binary,Low,Acute Myocardial Infarction,2.5,Med-Surg,U007,F02,2026-08-20 07:00:00,Admitted
P04147,36,Male,Medium,Chemotherapy Monitoring,5.3,Emergency,U010,F02,2026-08-19 03:00:00,Admitted
P04148,11,Non-Binary,High,Cellulitis,6.0,Med-Surg,U013,F03,2026-08-09 15:00:00,Pending Transfer
P04149,16,Non-Binary,Critical,Diabetes Complications,8.6,Med-Surg,U013,F03,2026-08-15 22:00:00,Admitted
P04150,75,Female,Medium,Pediatric Asthma,5.2,Pediatrics,U014,F03,2026-08-22 14:00:00,Pending Transfer
P04151,68,Non-Binary,Low,Tumor Lysis Syndrome,3.2,Oncology,U015,F03,2026-08-10 18:00:00,Admitted
P04152,79,Female,High,Polytrauma,6.4,Emergency,U012,F03,2026-08-05 03:00:00,Admitted
P04153,63,Male,Low,Post-Operative Recovery,2.1,Med-Surg,U013,F03,2026-08-26 10:00:00,Admitted
P04154,54,Female,Low,Acute Respiratory Distress,2.6,ICU,U006,F02,2026-08-04 00:00:00,Admitted
P04155,56,Male,Medium,Post-Cardiac Arrest,3.9,ICU,U006,F02,2026-08-28 22:00:00,Transfer Approved
P04156,41,Female,Critical,Febrile Neutropenia,9.0,Oncology,U005,F01,2026-08-27 03:00:00,Admitted
P04157,22,Non-Binary,Low,Severe Abdominal Pain,3.5,Emergency,U007,F02,2026-08-12 14:00:00,Admitted
P04158,23,Non-Binary,Low,Cellulitis,1.7,Med-Surg,U003,F01,2026-08-20 13:00:00,Pending Transfer
P04159,28,Female,Medium,Post-Operative Recovery,3.7,Med-Surg,U003,F01,2026-08-07 16:00:00,Admitted
P04160,89,Non-Binary,High,Pediatric Asthma,6.7,Pediatrics,U014,F03,2026-08-06 22:00:00,Admitted
P04161,7,Male,Low,Diabetes Complications,2.8,ICU,U008,F02,2026-08-14 15:00:00,Admitted
P04162,45,Male,Low,Febrile Neutropenia,1.7,Oncology,U015,F03,2026-08-23 06:00:00,Admitted
P04163,54,Male,Medium,Diabetes Complications,3.7,Med-Surg,U003,F01,2026-08-17 10:00:00,Admitted
P04164,35,Non-Binary,Medium,Post-Operative Recovery,5.0,Oncology,U008,F02,2026-08-27 01:00:00,Discharged
P04165,32,Female,Critical,Septic Shock,11.8,ICU,U011,F03,2026-08-12 16:00:00,Admitted
P04166,43,Non-Binary,Medium,Diabetes Complications,4.2,Med-Surg,U013,F03,2026-08-31 07:00:00,Admitted
P04167,88,Non-Binary,High,Chemotherapy Monitoring,6.0,Oncology,U005,F01,2026-08-24 06:00:00,Pending Transfer
P04168,78,Non-Binary,Critical,Febrile Neutropenia,9.3,Oncology,U005,F01,2026-08-31 10:00:00,Admitted
P04169,14,Female,Medium,Pneumonia,3.6,Med-Surg,U003,F01,2026-08-24 05:00:00,Discharged
P04170,42,Non-Binary,High,Pediatric Asthma,7.4,Pediatrics,U014,F03,2026-08-29 08:00:00,Admitted
P04171,64,Female,Low,Diabetes Complications,3.3,Med-Surg,U013,F03,2026-08-23 05:00:00,Admitted
P04172,91,Male,High,Post-Cardiac Arrest,7.9,ICU,U001,F01,2026-08-18 12:00:00,Admitted
P04173,30,Non-Binary,High,Tumor Lysis Syndrome,6.6,Emergency,U015,F03,2026-08-24 17:00:00,Admitted
P04174,33,Female,High,Febrile Neutropenia,5.8,Oncology,U005,F01,2026-08-25 01:00:00,Admitted
P04175,78,Male,Critical,Acute Respiratory Distress,3.3,ICU,U006,F02,2026-08-20 12:00:00,Admitted
P04176,67,Non-Binary,Low,Pneumonia,3.1,Med-Surg,U003,F01,2026-08-21 18:00:00,Admitted
P04177,55,Non-Binary,Medium,Multi-organ Dysfunction,4.2,ICU,U001,F01,2026-08-18 14:00:00,Admitted
P04178,18,Non-Binary,Low,Multi-organ Dysfunction,3.3,Oncology,U001,F01,2026-08-20 05:00:00,Admitted
P04179,90,Male,Low,Post-Cardiac Arrest,2.5,ICU,U011,F03,2026-08-07 10:00:00,Admitted
P04180,84,Male,Low,Post-Cardiac Arrest,2.3,Emergency,U006,F02,2026-08-07 19:00:00,Admitted
P04181,61,Male,Medium,Palliative Care,4.4,Oncology,U005,F01,2026-08-05 03:00:00,Admitted
P04182,62,Non-Binary,High,Septic Shock,7.6,ICU,U006,F02,2026-08-23 05:00:00,Discharged
P04183,40,Male,Medium,Acute Myocardial Infarction,4.8,Emergency,U012,F03,2026-08-31 08:00:00,Pending Transfer
P04184,13,Non-Binary,Medium,Diabetes Complications,5.1,Emergency,U003,F01,2026-08-06 23:00:00,Admitted
P04185,31,Female,Medium,Pneumonia,4.1,Oncology,U013,F03,2026-08-04 20:00:00,Transfer Approved
P04186,40,Female,Critical,Dehydration,9.4,Pediatrics,U014,F03,2026-08-18 08:00:00,Admitted
P04187,20,Non-Binary,Low,Polytrauma,1.8,Emergency,U002,F01,2026-08-26 11:00:00,Admitted
P04188,1,Non-Binary,Medium,Stroke,4.4,Emergency,U012,F03,2026-08-29 02:00:00,Admitted
P04189,16,Non-Binary,Medium,Congenital Heart Defect,4.8,Pediatrics,U009,F02,2026-08-14 08:00:00,Admitted
P04190,2,Non-Binary,High,Multi-organ Dysfunction,5.8,ICU,U006,F02,2026-08-07 19:00:00,Admitted
P04191,70,Non-Binary,Medium,Post-Operative Recovery,5.3,Med-Surg,U008,F02,2026-08-11 09:00:00,Admitted
P04192,82,Male,High,Multi-organ Dysfunction,8.0,ICU,U006,F02,2026-08-22 20:00:00,Pending Transfer
P04193,80,Male,Low,Septic Shock,2.3,ICU,U006,F02,2026-08-01 20:00:00,Pending Transfer
P04194,26,Female,Low,Palliative Care,2.1,Oncology,U005,F01,2026-08-24 18:00:00,Discharged
P04195,76,Male,Medium,Pediatric Asthma,4.8,Pediatrics,U004,F01,2026-08-16 12:00:00,Admitted
P04196,92,Female,Medium,Palliative Care,4.7,Oncology,U015,F03,2026-08-14 19:00:00,Pending Transfer
P04197,23,Male,Low,Tumor Lysis Syndrome,2.0,Oncology,U015,F03,2026-08-03 18:00:00,Admitted
P04198,33,Male,Low,Polytrauma,2.8,Emergency,U012,F03,2026-08-25 06:00:00,Pending Transfer
P04199,78,Non-Binary,Medium,Acute Respiratory Distress,5.2,ICU,U006,F02,2026-08-26 09:00:00,Admitted
P04200,17,Female,Low,Diabetes Complications,2.1,Med-Surg,U013,F03,2026-08-22 05:00:00,Admitted
P04201,66,Non-Binary,Medium,Diabetes Complications,4.0,Med-Surg,U008,F02,2026-08-26 09:00:00,Admitted
P04202,87,Non-Binary,Low,Febrile Neutropenia,3.4,Oncology,U005,F01,2026-08-16 11:00:00,Transfer Approved
P04203,14,Non-Binary,High,Post-Cardiac Arrest,6.8,ICU,U001,F01,2026-08-24 01:00:00,Transfer Approved
P04204,65,Female,Medium,Pneumonia,5.1,Med-Surg,U003,F01,2026-08-08 23:00:00,Transfer Approved
P04205,72,Male,High,Cellulitis,8.3,Med-Surg,U003,F01,2026-08-18 10:00:00,Admitted
P04206,44,Male,Medium,Palliative Care,4.0,Oncology,U015,F03,2026-08-27 00:00:00,Admitted
P04207,74,Female,Medium,Septic Shock,5.4,ICU,U001,F01,2026-08-21 16:00:00,Admitted
P04208,80,Female,Low,Multi-organ Dysfunction,3.3,ICU,U006,F02,2026-08-27 20:00:00,Admitted
P04209,2,Male,Medium,Severe Abdominal Pain,3.1,Emergency,U007,F02,2026-08-31 13:00:00,Admitted
P04210,37,Female,Medium,Diabetes Complications,4.1,Pediatrics,U008,F02,2026-08-13 10:00:00,Admitted
P04211,6,Female,Low,Congenital Heart Defect,1.7,Pediatrics,U004,F01,2026-08-07 00:00:00,Admitted
P04212,5,Non-Binary,High,Tumor Lysis Syndrome,6.3,Oncology,U010,F02,2026-08-31 14:00:00,Admitted
P04213,28,Female,Low,Pneumonia,3.0,Med-Surg,U008,F02,2026-08-13 21:00:00,Pending Transfer
P04214,49,Non-Binary,High,Severe Abdominal Pain,6.8,Emergency,U012,F03,2026-08-20 18:00:00,Transfer Approved
P04215,34,Female,Medium,Post-Operative Recovery,4.3,Med-Surg,U013,F03,2026-08-23 20:00:00,Pending Transfer
P04216,3,Female,Critical,Chemotherapy Monitoring,9.0,Oncology,U010,F02,2026-08-15 02:00:00,Admitted
P04217,11,Male,High,Febrile Neutropenia,7.9,Oncology,U010,F02,2026-08-31 22:00:00,Transfer Approved
P04218,58,Male,Medium,Multi-organ Dysfunction,4.3,ICU,U001,F01,2026-08-14 13:00:00,Pending Transfer
P04219,42,Male,Medium,Pneumonia,3.7,Med-Surg,U003,F01,2026-08-14 00:00:00,Transfer Approved
P04220,88,Male,Medium,Congenital Heart Defect,4.5,Pediatrics,U014,F03,2026-08-19 23:00:00,Pending Transfer
P04221,88,Male,Medium,Septic Shock,4.1,ICU,U011,F03,2026-08-31 11:00:00,Discharged
P04222,79,Non-Binary,Low,Post-Cardiac Arrest,2.7,ICU,U011,F03,2026-08-29 08:00:00,Admitted
P04223,42,Male,Critical,Multi-organ Dysfunction,12.8,ICU,U006,F02,2026-08-23 18:00:00,Admitted
P04224,30,Female,High,Pneumonia,6.4,Med-Surg,U013,F03,2026-08-23 23:00:00,Pending Transfer
P04225,34,Male,Medium,Severe Abdominal Pain,3.6,Emergency,U007,F02,2026-08-18 18:00:00,Admitted
P04226,22,Female,Low,Post-Cardiac Arrest,1.7,ICU,U006,F02,2026-08-28 04:00:00,Admitted
P04227,43,Male,High,Acute Myocardial Infarction,7.1,Emergency,U012,F03,2026-08-16 13:00:00,Pending Transfer
P04228,23,Female,High,Stroke,7.0,Emergency,U002,F01,2026-08-21 13:00:00,Admitted
P04229,32,Non-Binary,Critical,Multi-organ Dysfunction,11.7,ICU,U011,F03,2026-08-14 17:00:00,Admitted
P04230,7,Non-Binary,Medium,Palliative Care,3.9,Oncology,U010,F02,2026-08-08 00:00:00,Admitted
P04231,11,Male,Medium,Post-Operative Recovery,5.2,Med-Surg,U013,F03,2026-08-18 18:00:00,Discharged
P04232,49,Non-Binary,Medium,Stroke,3.7,Emergency,U012,F03,2026-08-21 06:00:00,Pending Transfer
P04233,1,Female,High,Tumor Lysis Syndrome,5.9,Oncology,U010,F02,2026-08-23 15:00:00,Admitted
P04234,59,Female,High,Post-Cardiac Arrest,7.8,Emergency,U001,F01,2026-08-13 10:00:00,Admitted
P04235,54,Male,Low,Post-Operative Recovery,3.4,Med-Surg,U013,F03,2026-08-07 08:00:00,Admitted
P04236,39,Non-Binary,Low,Multi-organ Dysfunction,1.9,ICU,U011,F03,2026-08-13 16:00:00,Admitted
P04237,77,Female,Low,Septic Shock,2.0,ICU,U011,F03,2026-08-22 04:00:00,Admitted
P04238,26,Male,Critical,Tumor Lysis Syndrome,10.9,Oncology,U015,F03,2026-08-16 22:00:00,Admitted
P04239,7,Female,Medium,Bronchiolitis,5.2,Pediatrics,U004,F01,2026-08-10 08:00:00,Admitted
P04240,46,Female,High,Palliative Care,8.2,Oncology,U015,F03,2026-08-14 04:00:00,Admitted
P04241,50,Male,Medium,Severe Abdominal Pain,4.4,Emergency,U007,F02,2026-08-02 16:00:00,Admitted
P04242,79,Non-Binary,Critical,Cellulitis,13.0,Med-Surg,U013,F03,2026-08-16 11:00:00,Admitted
P04243,79,Female,Medium,Multi-organ Dysfunction,7.5,ICU,U001,F01,2026-08-27 16:00:00,Transfer Approved
P04244,92,Female,Low,Febrile Neutropenia,2.7,Oncology,U005,F01,2026-08-15 23:00:00,Pending Transfer
P04245,59,Female,High,Acute Respiratory Distress,8.4,ICU,U011,F03,2026-08-16 12:00:00,Admitted
P04246,60,Female,Low,Palliative Care,2.1,Oncology,U010,F02,2026-08-05 00:00:00,Pending Transfer
P04247,62,Female,Low,Palliative Care,2.2,Oncology,U015,F03,2026-08-15 11:00:00,Pending Transfer
P04248,26,Female,Medium,Post-Operative Recovery,3.7,Med-Surg,U003,F01,2026-08-25 06:00:00,Admitted
P04249,84,Male,Critical,Post-Operative Recovery,11.9,ICU,U008,F02,2026-08-21 22:00:00,Admitted
P04250,6,Non-Binary,Low,Tumor Lysis Syndrome,3.0,Oncology,U005,F01,2026-08-12 12:00:00,Admitted
P04251,46,Non-Binary,High,Septic Shock,6.2,ICU,U011,F03,2026-08-09 10:00:00,Admitted
P04252,32,Non-Binary,Low,Tumor Lysis Syndrome,2.8,Oncology,U005,F01,2026-08-08 10:00:00,Admitted
P04253,24,Male,Medium,Septic Shock,5.4,ICU,U006,F02,2026-08-02 20:00:00,Admitted
P04254,88,Non-Binary,High,Acute Respiratory Distress,8.1,Pediatrics,U011,F03,2026-08-01 18:00:00,Discharged
P04255,11,Male,High,Polytrauma,7.7,Emergency,U012,F03,2026-08-19 21:00:00,Admitted
P04256,47,Female,Low,Acute Respiratory Distress,1.7,ICU,U006,F02,2026-08-20 16:00:00,Admitted
P04257,73,Non-Binary,High,Severe Abdominal Pain,8.0,Emergency,U002,F01,2026-08-03 17:00:00,Admitted
P04258,14,Non-Binary,Medium,Dehydration,4.5,Pediatrics,U014,F03,2026-08-15 08:00:00,Discharged
P04259,52,Female,High,Acute Respiratory Distress,6.4,ICU,U001,F01,2026-08-15 13:00:00,Admitted
P04260,12,Non-Binary,Medium,Congenital Heart Defect,2.5,Pediatrics,U009,F02,2026-08-09 23:00:00,Pending Transfer
P04261,60,Non-Binary,Critical,Post-Cardiac Arrest,10.7,ICU,U006,F02,2026-08-26 12:00:00,Admitted
P04262,71,Male,Medium,Pediatric Asthma,5.0,Pediatrics,U014,F03,2026-08-12 12:00:00,Admitted
P04263,44,Non-Binary,Medium,Multi-organ Dysfunction,3.5,ICU,U006,F02,2026-08-03 08:00:00,Admitted
P04264,92,Male,Medium,Diabetes Complications,4.9,Emergency,U003,F01,2026-08-19 22:00:00,Admitted
P04265,24,Female,Critical,Cellulitis,13.5,Med-Surg,U003,F01,2026-08-11 08:00:00,Admitted
P04266,62,Non-Binary,Low,Septic Shock,2.7,ICU,U011,F03,2026-08-30 04:00:00,Admitted
P04267,9,Female,Low,Pediatric Asthma,2.2,Pediatrics,U009,F02,2026-08-03 17:00:00,Admitted
P04268,50,Female,Critical,Chemotherapy Monitoring,10.2,Oncology,U010,F02,2026-08-28 07:00:00,Admitted
P04269,28,Non-Binary,Low,Pediatric Asthma,2.0,Pediatrics,U014,F03,2026-08-17 10:00:00,Admitted
P04270,22,Female,Medium,Severe Abdominal Pain,4.1,Emergency,U007,F02,2026-08-05 00:00:00,Pending Transfer
P04271,25,Female,High,Tumor Lysis Syndrome,6.3,Emergency,U015,F03,2026-08-30 23:00:00,Pending Transfer
P04272,29,Non-Binary,Medium,Post-Cardiac Arrest,4.8,ICU,U011,F03,2026-08-03 17:00:00,Admitted
P04273,88,Non-Binary,Low,Severe Abdominal Pain,2.3,Emergency,U012,F03,2026-08-28 15:00:00,Pending Transfer
P04274,62,Female,Medium,Acute Respiratory Distress,3.9,ICU,U011,F03,2026-08-30 11:00:00,Admitted
P04275,10,Non-Binary,Low,Septic Shock,1.5,ICU,U011,F03,2026-08-12 06:00:00,Admitted
P04276,35,Female,Medium,Pneumonia,4.6,Emergency,U008,F02,2026-08-31 19:00:00,Admitted
P04277,68,Non-Binary,High,Dehydration,7.4,Pediatrics,U004,F01,2026-08-16 17:00:00,Pending Transfer
P04278,78,Female,Low,Tumor Lysis Syndrome,3.3,Oncology,U005,F01,2026-08-02 18:00:00,Admitted
P04279,67,Female,Medium,Polytrauma,5.3,Emergency,U007,F02,2026-08-18 12:00:00,Admitted
P04280,43,Female,Medium,Acute Respiratory Distress,4.3,ICU,U011,F03,2026-08-20 05:00:00,Transfer Approved
P04281,28,Non-Binary,Low,Acute Myocardial Infarction,3.4,Emergency,U002,F01,2026-08-10 17:00:00,Admitted
P04282,74,Male,Medium,Pediatric Asthma,5.0,Pediatrics,U009,F02,2026-08-31 17:00:00,Admitted
P04283,9,Female,Low,Post-Cardiac Arrest,1.9,ICU,U006,F02,2026-08-20 05:00:00,Admitted
P04284,40,Male,Low,Pediatric Asthma,2.9,Pediatrics,U014,F03,2026-08-19 14:00:00,Pending Transfer
P04285,31,Male,High,Polytrauma,6.0,Emergency,U002,F01,2026-08-05 15:00:00,Admitted
P04286,25,Female,High,Polytrauma,8.5,Emergency,U002,F01,2026-08-13 02:00:00,Admitted
P04287,26,Male,Low,Pediatric Asthma,2.2,Pediatrics,U004,F01,2026-08-12 06:00:00,Admitted
P04288,7,Male,High,Tumor Lysis Syndrome,6.2,Oncology,U015,F03,2026-08-26 09:00:00,Transfer Approved
P04289,38,Male,Critical,Severe Abdominal Pain,10.9,ICU,U002,F01,2026-08-29 01:00:00,Admitted
P04290,79,Non-Binary,Medium,Cellulitis,4.2,Med-Surg,U008,F02,2026-08-22 10:00:00,Admitted
P04291,41,Female,Medium,Severe Abdominal Pain,5.0,Emergency,U012,F03,2026-08-08 23:00:00,Admitted
P04292,40,Female,Low,Tumor Lysis Syndrome,1.7,Oncology,U015,F03,2026-08-06 19:00:00,Admitted
P04293,76,Male,Medium,Septic Shock,4.3,ICU,U011,F03,2026-08-29 19:00:00,Admitted
P04294,35,Female,Medium,Febrile Neutropenia,4.5,Oncology,U015,F03,2026-08-03 19:00:00,Admitted
P04295,14,Male,Low,Palliative Care,3.4,Oncology,U015,F03,2026-08-24 12:00:00,Transfer Approved
P04296,83,Female,Medium,Polytrauma,3.5,Emergency,U002,F01,2026-08-29 22:00:00,Admitted
P04297,68,Non-Binary,Low,Acute Myocardial Infarction,1.8,Emergency,U012,F03,2026-08-26 23:00:00,Admitted
P04298,16,Female,Low,Septic Shock,2.3,ICU,U006,F02,2026-08-05 04:00:00,Admitted
P04299,88,Male,Medium,Palliative Care,4.2,Oncology,U015,F03,2026-08-06 20:00:00,Admitted
P04300,49,Non-Binary,Medium,Post-Cardiac Arrest,5.4,Emergency,U006,F02,2026-08-21 08:00:00,Transfer Approved
P04301,64,Non-Binary,Low,Chemotherapy Monitoring,3.0,Oncology,U010,F02,2026-08-08 04:00:00,Admitted
P04302,85,Non-Binary,Medium,Tumor Lysis Syndrome,4.5,Oncology,U010,F02,2026-08-18 20:00:00,Pending Transfer
P04303,59,Male,Critical,Bronchiolitis,9.4,Pediatrics,U004,F01,2026-08-30 08:00:00,Transfer Approved
P04304,72,Female,High,Palliative Care,7.7,Oncology,U010,F02,2026-08-07 17:00:00,Discharged
P04305,60,Male,Medium,Septic Shock,4.7,Med-Surg,U006,F02,2026-08-06 22:00:00,Transfer Approved
P04306,6,Female,Medium,Acute Respiratory Distress,4.9,ICU,U011,F03,2026-08-21 16:00:00,Discharged
P04307,52,Male,High,Palliative Care,5.6,Oncology,U015,F03,2026-08-06 05:00:00,Admitted
P04308,34,Male,High,Post-Cardiac Arrest,7.8,ICU,U006,F02,2026-08-29 15:00:00,Admitted
P04309,34,Female,Medium,Congenital Heart Defect,4.5,Pediatrics,U014,F03,2026-08-11 01:00:00,Admitted
P04310,92,Non-Binary,Low,Chemotherapy Monitoring,2.0,Oncology,U015,F03,2026-08-24 18:00:00,Admitted
P04311,65,Female,Medium,Palliative Care,4.3,Oncology,U015,F03,2026-08-07 01:00:00,Admitted
P04312,13,Female,Medium,Tumor Lysis Syndrome,4.8,Oncology,U005,F01,2026-08-26 04:00:00,Pending Transfer
P04313,29,Non-Binary,Medium,Severe Abdominal Pain,4.6,Emergency,U002,F01,2026-08-15 23:00:00,Admitted
P04314,49,Female,Medium,Post-Cardiac Arrest,4.9,ICU,U001,F01,2026-08-20 19:00:00,Admitted
P04315,31,Male,High,Diabetes Complications,6.7,Med-Surg,U008,F02,2026-08-14 20:00:00,Discharged
P04316,17,Male,Medium,Pediatric Asthma,5.3,Pediatrics,U004,F01,2026-08-26 23:00:00,Admitted
P04317,25,Non-Binary,High,Severe Abdominal Pain,5.5,Emergency,U002,F01,2026-08-27 18:00:00,Discharged
P04318,36,Non-Binary,High,Congenital Heart Defect,8.2,Oncology,U014,F03,2026-08-20 00:00:00,Transfer Approved
P04319,28,Non-Binary,Low,Chemotherapy Monitoring,1.9,Oncology,U005,F01,2026-08-24 23:00:00,Admitted
P04320,33,Non-Binary,Low,Multi-organ Dysfunction,3.0,ICU,U006,F02,2026-08-31 22:00:00,Pending Transfer
P04321,73,Female,Medium,Multi-organ Dysfunction,3.6,ICU,U011,F03,2026-08-04 08:00:00,Admitted
P04322,59,Non-Binary,Low,Post-Operative Recovery,3.4,Med-Surg,U003,F01,2026-08-15 04:00:00,Admitted
P04323,72,Male,High,Tumor Lysis Syndrome,8.1,Oncology,U015,F03,2026-08-14 15:00:00,Admitted
P04324,28,Non-Binary,Low,Chemotherapy Monitoring,3.1,Oncology,U015,F03,2026-08-08 04:00:00,Transfer Approved
P04325,85,Non-Binary,Critical,Congenital Heart Defect,11.2,Pediatrics,U009,F02,2026-08-09 16:00:00,Admitted
P04326,67,Female,Medium,Palliative Care,5.2,Oncology,U005,F01,2026-08-23 21:00:00,Admitted
P04327,20,Non-Binary,Medium,Febrile Neutropenia,4.2,Oncology,U010,F02,2026-08-22 17:00:00,Admitted
P04328,85,Male,Medium,Acute Myocardial Infarction,4.6,Emergency,U012,F03,2026-08-18 00:00:00,Admitted
P04329,15,Non-Binary,High,Bronchiolitis,6.0,Pediatrics,U009,F02,2026-08-02 13:00:00,Admitted
P04330,66,Non-Binary,High,Stroke,6.8,Emergency,U007,F02,2026-08-22 13:00:00,Transfer Approved
P04331,63,Female,High,Cellulitis,7.0,Med-Surg,U008,F02,2026-08-13 08:00:00,Admitted
P04332,42,Non-Binary,Low,Diabetes Complications,2.5,Med-Surg,U003,F01,2026-08-09 18:00:00,Admitted
P04333,42,Non-Binary,Low,Post-Cardiac Arrest,2.2,Med-Surg,U001,F01,2026-08-21 06:00:00,Admitted
P04334,11,Female,Low,Stroke,3.3,Emergency,U002,F01,2026-08-23 10:00:00,Admitted
P04335,77,Non-Binary,High,Febrile Neutropenia,8.3,Oncology,U015,F03,2026-08-16 08:00:00,Admitted
P04336,69,Non-Binary,High,Post-Cardiac Arrest,8.4,ICU,U011,F03,2026-08-23 20:00:00,Admitted
P04337,38,Non-Binary,High,Palliative Care,7.6,Oncology,U010,F02,2026-08-06 13:00:00,Admitted
P04338,57,Female,Medium,Chemotherapy Monitoring,5.2,Oncology,U005,F01,2026-08-26 19:00:00,Transfer Approved
P04339,80,Female,Medium,Palliative Care,4.0,Oncology,U005,F01,2026-08-20 13:00:00,Admitted
P04340,46,Female,Medium,Acute Respiratory Distress,5.0,ICU,U006,F02,2026-08-14 09:00:00,Discharged
P04341,15,Non-Binary,High,Severe Abdominal Pain,6.8,Emergency,U007,F02,2026-08-08 23:00:00,Transfer Approved
P04342,2,Male,Low,Septic Shock,2.2,ICU,U006,F02,2026-08-06 01:00:00,Admitted
P04343,15,Female,High,Diabetes Complications,8.0,Med-Surg,U003,F01,2026-08-19 15:00:00,Admitted
P04344,84,Non-Binary,High,Acute Myocardial Infarction,6.0,Emergency,U007,F02,2026-08-05 16:00:00,Admitted
P04345,36,Non-Binary,Low,Febrile Neutropenia,2.1,Oncology,U005,F01,2026-08-06 15:00:00,Discharged
P04346,49,Female,Medium,Acute Respiratory Distress,4.6,ICU,U006,F02,2026-08-09 13:00:00,Admitted
P04347,84,Non-Binary,Medium,Pediatric Asthma,5.4,Pediatrics,U004,F01,2026-08-28 16:00:00,Admitted
P04348,5,Female,High,Post-Operative Recovery,7.9,Med-Surg,U003,F01,2026-08-10 17:00:00,Admitted
P04349,1,Male,High,Pneumonia,8.1,Med-Surg,U013,F03,2026-08-08 11:00:00,Pending Transfer
P04350,68,Female,Medium,Post-Cardiac Arrest,5.5,ICU,U006,F02,2026-08-30 11:00:00,Pending Transfer
P04351,42,Female,High,Dehydration,6.8,Emergency,U009,F02,2026-08-19 04:00:00,Admitted
P04352,51,Male,Medium,Congenital Heart Defect,4.5,Pediatrics,U009,F02,2026-08-24 12:00:00,Transfer Approved
P04353,82,Non-Binary,Low,Bronchiolitis,2.5,Med-Surg,U004,F01,2026-08-24 06:00:00,Admitted
P04354,51,Non-Binary,Low,Stroke,2.7,Oncology,U007,F02,2026-08-23 04:00:00,Admitted
P04355,91,Non-Binary,Medium,Pneumonia,4.3,Med-Surg,U008,F02,2026-08-30 21:00:00,Admitted
P04356,20,Non-Binary,Critical,Tumor Lysis Syndrome,12.6,Oncology,U010,F02,2026-08-03 11:00:00,Admitted
P04357,42,Non-Binary,High,Diabetes Complications,7.2,Med-Surg,U003,F01,2026-08-22 15:00:00,Admitted
P04358,59,Female,Critical,Stroke,11.5,Emergency,U002,F01,2026-08-13 05:00:00,Transfer Approved
P04359,54,Female,Low,Bronchiolitis,3.4,Pediatrics,U004,F01,2026-08-16 20:00:00,Admitted
P04360,66,Female,Medium,Multi-organ Dysfunction,5.0,Oncology,U006,F02,2026-08-20 00:00:00,Admitted
P04361,62,Female,Medium,Post-Operative Recovery,4.8,Med-Surg,U013,F03,2026-08-23 18:00:00,Admitted
P04362,13,Non-Binary,Low,Chemotherapy Monitoring,2.5,Oncology,U015,F03,2026-08-03 04:00:00,Admitted
P04363,74,Non-Binary,Low,Pneumonia,2.1,Med-Surg,U003,F01,2026-08-20 05:00:00,Pending Transfer
P04364,44,Male,Medium,Chemotherapy Monitoring,4.5,Oncology,U005,F01,2026-08-18 05:00:00,Admitted
P04365,67,Non-Binary,Medium,Diabetes Complications,4.5,Med-Surg,U003,F01,2026-08-22 18:00:00,Transfer Approved
P04366,61,Female,Low,Congenital Heart Defect,2.4,Pediatrics,U004,F01,2026-08-25 10:00:00,Admitted
P04367,75,Male,Medium,Palliative Care,3.5,Oncology,U010,F02,2026-08-24 19:00:00,Pending Transfer
P04368,34,Non-Binary,Medium,Septic Shock,4.8,ICU,U006,F02,2026-08-25 13:00:00,Transfer Approved
P04369,69,Female,Medium,Palliative Care,3.7,Oncology,U010,F02,2026-08-26 18:00:00,Admitted
P04370,23,Male,Critical,Chemotherapy Monitoring,13.1,Oncology,U015,F03,2026-08-20 01:00:00,Admitted
P04371,63,Female,High,Septic Shock,6.4,ICU,U011,F03,2026-08-07 11:00:00,Admitted
P04372,76,Female,Low,Post-Cardiac Arrest,1.7,ICU,U001,F01,2026-08-04 03:00:00,Pending Transfer
P04373,43,Non-Binary,High,Stroke,6.9,Emergency,U007,F02,2026-08-25 09:00:00,Admitted
P04374,79,Female,High,Febrile Neutropenia,7.5,Oncology,U015,F03,2026-08-22 08:00:00,Pending Transfer
P04375,89,Non-Binary,Medium,Cellulitis,3.8,Med-Surg,U003,F01,2026-08-12 14:00:00,Admitted
P04376,65,Female,Low,Post-Cardiac Arrest,2.0,ICU,U011,F03,2026-08-09 20:00:00,Pending Transfer
P04377,82,Female,High,Pneumonia,5.8,Med-Surg,U008,F02,2026-08-29 20:00:00,Admitted
P04378,48,Female,Low,Febrile Neutropenia,2.7,Oncology,U015,F03,2026-08-08 04:00:00,Admitted
P04379,69,Female,Low,Dehydration,2.2,Oncology,U014,F03,2026-08-26 11:00:00,Admitted
P04380,63,Non-Binary,High,Stroke,8.0,Emergency,U007,F02,2026-08-17 03:00:00,Transfer Approved
P04381,84,Female,Low,Palliative Care,1.6,Oncology,U005,F01,2026-08-30 16:00:00,Discharged
P04382,34,Non-Binary,Low,Polytrauma,3.1,Emergency,U002,F01,2026-08-08 06:00:00,Admitted
P04383,84,Non-Binary,Medium,Tumor Lysis Syndrome,4.4,Oncology,U005,F01,2026-08-15 03:00:00,Transfer Approved
P04384,33,Female,High,Cellulitis,7.4,Pediatrics,U008,F02,2026-08-22 18:00:00,Pending Transfer
P04385,63,Non-Binary,Low,Febrile Neutropenia,3.4,Oncology,U010,F02,2026-08-12 22:00:00,Transfer Approved
P04386,41,Non-Binary,Medium,Dehydration,5.5,Pediatrics,U014,F03,2026-08-07 15:00:00,Pending Transfer
P04387,37,Female,High,Congenital Heart Defect,5.6,Pediatrics,U004,F01,2026-08-07 19:00:00,Admitted
P04388,50,Male,Medium,Chemotherapy Monitoring,3.7,Oncology,U005,F01,2026-08-22 00:00:00,Admitted
P04389,85,Male,High,Chemotherapy Monitoring,6.8,Pediatrics,U015,F03,2026-08-15 18:00:00,Discharged
P04390,83,Female,Low,Acute Respiratory Distress,2.5,ICU,U011,F03,2026-08-20 05:00:00,Discharged
P04391,68,Female,High,Stroke,7.5,Emergency,U002,F01,2026-08-23 04:00:00,Admitted
P04392,15,Non-Binary,Medium,Tumor Lysis Syndrome,4.7,Oncology,U005,F01,2026-08-22 17:00:00,Admitted
P04393,75,Female,Medium,Congenital Heart Defect,4.3,Pediatrics,U014,F03,2026-08-07 13:00:00,Admitted
P04394,63,Male,Medium,Tumor Lysis Syndrome,5.3,Oncology,U010,F02,2026-08-23 16:00:00,Admitted
P04395,77,Female,Medium,Polytrauma,4.5,Emergency,U012,F03,2026-08-05 17:00:00,Pending Transfer
P04396,69,Male,Medium,Multi-organ Dysfunction,12.8,ICU,U001,F01,2026-08-08 11:00:00,Discharged
P04397,14,Male,Medium,Chemotherapy Monitoring,3.6,Oncology,U005,F01,2026-08-20 14:00:00,Discharged
P04398,40,Male,Low,Severe Abdominal Pain,2.8,Emergency,U012,F03,2026-08-08 13:00:00,Admitted
P04399,52,Non-Binary,High,Bronchiolitis,6.4,Pediatrics,U014,F03,2026-08-24 18:00:00,Transfer Approved
P04400,53,Female,High,Post-Operative Recovery,8.4,Med-Surg,U013,F03,2026-08-31 00:00:00,Pending Transfer
P04401,26,Non-Binary,Critical,Polytrauma,12.2,Emergency,U002,F01,2026-08-22 23:00:00,Discharged
P04402,30,Female,High,Post-Cardiac Arrest,8.0,ICU,U001,F01,2026-08-05 12:00:00,Admitted
P04403,4,Non-Binary,Medium,Septic Shock,5.4,ICU,U011,F03,2026-08-31 21:00:00,Admitted
P04404,54,Male,Low,Severe Abdominal Pain,3.1,Emergency,U012,F03,2026-08-23 02:00:00,Admitted
P04405,19,Non-Binary,Medium,Post-Cardiac Arrest,4.4,ICU,U001,F01,2026-08-03 04:00:00,Admitted
P04406,87,Male,Low,Febrile Neutropenia,3.1,Oncology,U010,F02,2026-08-09 20:00:00,Pending Transfer
P04407,85,Male,Low,Tumor Lysis Syndrome,3.2,Oncology,U010,F02,2026-08-03 03:00:00,Admitted
P04408,75,Female,High,Acute Myocardial Infarction,7.0,Emergency,U002,F01,2026-08-28 09:00:00,Pending Transfer
P04409,51,Female,Critical,Post-Cardiac Arrest,13.8,ICU,U011,F03,2026-08-09 12:00:00,Discharged
P04410,48,Non-Binary,Medium,Bronchiolitis,3.9,Pediatrics,U014,F03,2026-08-11 08:00:00,Admitted
P04411,37,Male,Medium,Acute Respiratory Distress,4.5,ICU,U006,F02,2026-08-23 17:00:00,Admitted
P04412,86,Non-Binary,Medium,Multi-organ Dysfunction,3.7,ICU,U001,F01,2026-08-15 06:00:00,Admitted
P04413,66,Male,High,Multi-organ Dysfunction,5.9,ICU,U011,F03,2026-08-27 20:00:00,Admitted
P04414,83,Non-Binary,Medium,Pediatric Asthma,4.9,Pediatrics,U014,F03,2026-08-27 23:00:00,Admitted
P04415,55,Non-Binary,Low,Stroke,3.1,Emergency,U012,F03,2026-08-29 08:00:00,Admitted
P04416,64,Male,Low,Pneumonia,2.3,Med-Surg,U013,F03,2026-08-01 02:00:00,Admitted
P04417,34,Non-Binary,High,Septic Shock,6.1,ICU,U001,F01,2026-08-02 03:00:00,Admitted
P04418,15,Male,High,Post-Cardiac Arrest,6.0,ICU,U006,F02,2026-08-13 00:00:00,Admitted
P04419,26,Male,High,Congenital Heart Defect,8.1,Pediatrics,U004,F01,2026-08-10 14:00:00,Admitted
P04420,62,Male,Critical,Polytrauma,14.0,Emergency,U012,F03,2026-08-16 13:00:00,Admitted
P04421,14,Non-Binary,Low,Septic Shock,3.1,ICU,U011,F03,2026-08-24 19:00:00,Pending Transfer
P04422,48,Male,Medium,Cellulitis,4.3,Med-Surg,U003,F01,2026-08-27 02:00:00,Pending Transfer
P04423,82,Female,Medium,Febrile Neutropenia,5.4,Oncology,U010,F02,2026-08-02 09:00:00,Pending Transfer
P04424,70,Non-Binary,High,Palliative Care,7.2,Oncology,U005,F01,2026-08-04 16:00:00,Admitted
P04425,50,Non-Binary,High,Acute Myocardial Infarction,5.6,Emergency,U002,F01,2026-08-22 05:00:00,Admitted
P04426,50,Female,Low,Tumor Lysis Syndrome,3.1,Oncology,U010,F02,2026-08-14 14:00:00,Admitted
P04427,39,Male,High,Pediatric Asthma,6.7,Pediatrics,U004,F01,2026-08-29 21:00:00,Admitted
P04428,30,Non-Binary,Low,Post-Operative Recovery,2.3,Med-Surg,U013,F03,2026-08-26 18:00:00,Admitted
P04429,5,Non-Binary,High,Severe Abdominal Pain,7.4,Emergency,U012,F03,2026-08-05 10:00:00,Pending Transfer
P04430,85,Male,High,Congenital Heart Defect,7.5,Pediatrics,U004,F01,2026-08-03 23:00:00,Pending Transfer
P04431,48,Non-Binary,Medium,Pediatric Asthma,3.9,Pediatrics,U014,F03,2026-08-05 18:00:00,Pending Transfer
P04432,51,Female,Low,Chemotherapy Monitoring,2.4,Oncology,U005,F01,2026-08-31 10:00:00,Admitted
P04433,32,Male,High,Acute Myocardial Infarction,7.4,Emergency,U012,F03,2026-08-05 10:00:00,Admitted
P04434,22,Female,Medium,Polytrauma,3.8,Emergency,U007,F02,2026-08-19 23:00:00,Transfer Approved
P04435,4,Non-Binary,Medium,Cellulitis,4.2,Med-Surg,U003,F01,2026-08-01 04:00:00,Admitted
P04436,78,Male,High,Diabetes Complications,7.8,Med-Surg,U013,F03,2026-08-08 16:00:00,Admitted
P04437,39,Male,Medium,Acute Respiratory Distress,3.5,ICU,U011,F03,2026-08-08 10:00:00,Transfer Approved
P04438,11,Female,Low,Pneumonia,2.2,Med-Surg,U013,F03,2026-08-19 06:00:00,Admitted
P04439,89,Non-Binary,Low,Dehydration,1.7,Pediatrics,U014,F03,2026-08-24 02:00:00,Admitted
P04440,39,Male,Medium,Chemotherapy Monitoring,3.8,Oncology,U010,F02,2026-08-07 02:00:00,Admitted
P04441,74,Female,Medium,Stroke,4.5,Emergency,U012,F03,2026-08-23 15:00:00,Admitted
P04442,73,Non-Binary,Low,Chemotherapy Monitoring,3.4,Oncology,U015,F03,2026-08-25 19:00:00,Admitted
P04443,59,Male,Medium,Severe Abdominal Pain,5.4,Pediatrics,U007,F02,2026-08-23 00:00:00,Admitted
P04444,25,Male,Low,Stroke,2.3,Emergency,U002,F01,2026-08-02 18:00:00,Transfer Approved
P04445,39,Male,Low,Acute Myocardial Infarction,2.0,Emergency,U007,F02,2026-08-13 00:00:00,Transfer Approved
P04446,43,Male,Critical,Congenital Heart Defect,9.9,Pediatrics,U004,F01,2026-08-25 20:00:00,Admitted
P04447,81,Non-Binary,Medium,Dehydration,3.9,Pediatrics,U009,F02,2026-08-18 08:00:00,Admitted
P04448,15,Non-Binary,Medium,Cellulitis,5.0,Med-Surg,U013,F03,2026-08-15 21:00:00,Pending Transfer
P04449,56,Male,Medium,Post-Operative Recovery,4.3,Med-Surg,U008,F02,2026-08-11 20:00:00,Admitted
P04450,92,Non-Binary,Critical,Severe Abdominal Pain,12.2,Emergency,U007,F02,2026-08-08 02:00:00,Admitted
P04451,82,Female,Low,Septic Shock,1.6,ICU,U011,F03,2026-08-09 18:00:00,Admitted
P04452,54,Non-Binary,Critical,Post-Cardiac Arrest,10.3,ICU,U006,F02,2026-08-16 08:00:00,Admitted
P04453,44,Male,Low,Pediatric Asthma,2.1,Pediatrics,U004,F01,2026-08-18 01:00:00,Admitted
P04454,76,Female,Low,Severe Abdominal Pain,3.0,Emergency,U007,F02,2026-08-04 17:00:00,Pending Transfer
P04455,12,Female,Low,Severe Abdominal Pain,1.5,Emergency,U007,F02,2026-08-10 05:00:00,Transfer Approved
P04456,62,Male,Medium,Congenital Heart Defect,4.7,Pediatrics,U004,F01,2026-08-29 11:00:00,Admitted
P04457,75,Non-Binary,Low,Stroke,3.1,Emergency,U007,F02,2026-08-04 03:00:00,Admitted
P04458,14,Male,Medium,Severe Abdominal Pain,5.4,Emergency,U007,F02,2026-08-13 09:00:00,Admitted
P04459,58,Female,Critical,Tumor Lysis Syndrome,12.2,Oncology,U010,F02,2026-08-11 14:00:00,Admitted
P04460,20,Non-Binary,Critical,Severe Abdominal Pain,9.3,Emergency,U012,F03,2026-08-19 06:00:00,Admitted
P04461,38,Non-Binary,High,Multi-organ Dysfunction,6.3,ICU,U011,F03,2026-08-01 06:00:00,Admitted
P04462,75,Male,Medium,Pneumonia,5.4,Med-Surg,U013,F03,2026-08-28 11:00:00,Transfer Approved
P04463,54,Male,High,Severe Abdominal Pain,6.6,Emergency,U002,F01,2026-08-20 05:00:00,Admitted
P04464,84,Non-Binary,Low,Cellulitis,1.6,Med-Surg,U013,F03,2026-08-30 13:00:00,Admitted
P04465,71,Female,Medium,Polytrauma,4.7,Emergency,U007,F02,2026-08-29 14:00:00,Admitted
P04466,59,Female,High,Stroke,6.9,Emergency,U007,F02,2026-08-07 18:00:00,Admitted
P04467,73,Female,Low,Acute Myocardial Infarction,2.3,Emergency,U002,F01,2026-08-19 05:00:00,Admitted
P04468,57,Male,Low,Post-Operative Recovery,1.6,Med-Surg,U013,F03,2026-08-08 11:00:00,Admitted
P04469,16,Male,High,Congenital Heart Defect,6.0,Pediatrics,U004,F01,2026-08-02 13:00:00,Admitted
P04470,70,Non-Binary,Medium,Septic Shock,4.1,ICU,U001,F01,2026-08-07 21:00:00,Admitted
P04471,31,Male,High,Acute Myocardial Infarction,6.1,Emergency,U007,F02,2026-08-08 08:00:00,Transfer Approved
P04472,36,Female,High,Polytrauma,7.9,Emergency,U007,F02,2026-08-29 00:00:00,Admitted
P04473,49,Non-Binary,Medium,Tumor Lysis Syndrome,4.9,Oncology,U005,F01,2026-08-01 12:00:00,Admitted
P04474,79,Female,High,Acute Myocardial Infarction,6.1,Emergency,U002,F01,2026-08-29 12:00:00,Admitted
P04475,42,Male,High,Multi-organ Dysfunction,5.8,ICU,U001,F01,2026-08-08 15:00:00,Admitted
P04476,92,Male,Medium,Pediatric Asthma,5.1,Pediatrics,U014,F03,2026-08-09 08:00:00,Pending Transfer
P04477,68,Non-Binary,Low,Multi-organ Dysfunction,2.1,ICU,U001,F01,2026-08-31 10:00:00,Admitted
P04478,32,Male,High,Post-Operative Recovery,8.4,Med-Surg,U008,F02,2026-08-25 16:00:00,Admitted
P04479,2,Female,High,Bronchiolitis,6.6,Pediatrics,U009,F02,2026-08-29 04:00:00,Admitted
P04480,68,Male,Critical,Dehydration,9.9,Pediatrics,U004,F01,2026-08-25 09:00:00,Admitted
P04481,17,Female,Medium,Multi-organ Dysfunction,5.1,ICU,U001,F01,2026-08-28 13:00:00,Pending Transfer
P04482,71,Non-Binary,Medium,Cellulitis,4.6,Emergency,U013,F03,2026-08-02 07:00:00,Admitted
P04483,76,Male,Medium,Acute Myocardial Infarction,3.7,Emergency,U002,F01,2026-08-30 15:00:00,Admitted
P04484,5,Male,High,Multi-organ Dysfunction,7.2,ICU,U006,F02,2026-08-30 06:00:00,Transfer Approved
P04485,76,Non-Binary,Medium,Acute Myocardial Infarction,4.6,Emergency,U002,F01,2026-08-17 15:00:00,Admitted
P04486,21,Non-Binary,High,Palliative Care,6.1,Oncology,U010,F02,2026-08-03 08:00:00,Admitted
P04487,21,Female,High,Tumor Lysis Syndrome,7.9,Oncology,U010,F02,2026-08-27 03:00:00,Pending Transfer
P04488,61,Non-Binary,Medium,Cellulitis,4.1,Med-Surg,U013,F03,2026-08-01 07:00:00,Admitted
P04489,25,Male,Medium,Polytrauma,4.4,ICU,U012,F03,2026-08-23 01:00:00,Admitted
P04490,23,Non-Binary,Medium,Severe Abdominal Pain,4.1,Emergency,U002,F01,2026-08-05 00:00:00,Admitted
P04491,19,Non-Binary,High,Bronchiolitis,7.7,Pediatrics,U009,F02,2026-08-01 02:00:00,Admitted
P04492,63,Female,High,Dehydration,6.6,Pediatrics,U014,F03,2026-08-13 08:00:00,Admitted
P04493,68,Female,Medium,Septic Shock,4.8,ICU,U001,F01,2026-08-02 08:00:00,Admitted
P04494,52,Female,Medium,Acute Myocardial Infarction,5.2,Emergency,U007,F02,2026-08-24 00:00:00,Admitted
P04495,13,Female,Medium,Acute Myocardial Infarction,4.3,Emergency,U012,F03,2026-08-15 08:00:00,Admitted
P04496,36,Male,Low,Post-Operative Recovery,2.0,Med-Surg,U003,F01,2026-08-02 15:00:00,Admitted
P04497,69,Female,Medium,Stroke,5.0,Emergency,U007,F02,2026-08-26 06:00:00,Transfer Approved
P04498,26,Male,Low,Dehydration,2.5,Pediatrics,U014,F03,2026-08-29 07:00:00,Admitted
P04499,89,Non-Binary,High,Acute Myocardial Infarction,6.7,Emergency,U012,F03,2026-08-01 13:00:00,Discharged
P04500,7,Male,Low,Tumor Lysis Syndrome,2.2,Oncology,U010,F02,2026-08-05 07:00:00,Admitted
P04501,18,Female,Low,Cellulitis,1.7,Med-Surg,U013,F03,2026-08-18 10:00:00,Admitted
P04502,65,Non-Binary,Medium,Polytrauma,4.7,Emergency,U012,F03,2026-08-04 11:00:00,Admitted
P04503,6,Non-Binary,Medium,Chemotherapy Monitoring,4.6,Oncology,U015,F03,2026-08-28 15:00:00,Admitted
P04504,86,Male,Low,Polytrauma,2.7,Emergency,U007,F02,2026-08-19 04:00:00,Admitted
P04505,6,Male,Medium,Diabetes Complications,4.6,Med-Surg,U013,F03,2026-08-05 07:00:00,Admitted
P04506,30,Non-Binary,Medium,Bronchiolitis,5.4,Pediatrics,U004,F01,2026-08-01 08:00:00,Admitted
P04507,74,Non-Binary,Low,Septic Shock,3.0,ICU,U011,F03,2026-08-17 05:00:00,Admitted
P04508,76,Male,Medium,Dehydration,4.6,Pediatrics,U004,F01,2026-08-30 11:00:00,Admitted
P04509,42,Male,Medium,Polytrauma,4.4,Emergency,U012,F03,2026-08-20 20:00:00,Admitted
P04510,57,Male,Low,Dehydration,2.7,Pediatrics,U009,F02,2026-08-29 14:00:00,Admitted
P04511,43,Female,Medium,Dehydration,4.9,Pediatrics,U009,F02,2026-08-26 09:00:00,Admitted
P04512,24,Female,Medium,Severe Abdominal Pain,5.2,Emergency,U007,F02,2026-08-06 12:00:00,Admitted
P04513,17,Female,Low,Post-Operative Recovery,2.5,Med-Surg,U003,F01,2026-08-23 02:00:00,Pending Transfer
P04514,23,Female,Medium,Palliative Care,5.0,Oncology,U005,F01,2026-08-30 20:00:00,Admitted
P04515,56,Non-Binary,Low,Cellulitis,2.5,Med-Surg,U013,F03,2026-08-09 09:00:00,Admitted
P04516,25,Non-Binary,Low,Pneumonia,1.9,Med-Surg,U003,F01,2026-08-28 09:00:00,Admitted
P04517,80,Female,Low,Congenital Heart Defect,1.8,Pediatrics,U014,F03,2026-08-13 11:00:00,Pending Transfer
P04518,61,Male,Low,Stroke,3.3,Emergency,U002,F01,2026-08-28 09:00:00,Admitted
P04519,29,Non-Binary,Medium,Post-Operative Recovery,5.2,Med-Surg,U008,F02,2026-08-19 01:00:00,Admitted
P04520,29,Female,Critical,Polytrauma,12.0,Emergency,U012,F03,2026-08-16 18:00:00,Admitted
P04521,54,Male,Critical,Pediatric Asthma,12.5,Pediatrics,U014,F03,2026-08-01 19:00:00,Admitted
P04522,9,Female,Medium,Pneumonia,4.5,Med-Surg,U008,F02,2026-08-05 09:00:00,Admitted
P04523,22,Female,Critical,Palliative Care,12.3,Oncology,U015,F03,2026-08-27 04:00:00,Admitted
P04524,17,Female,Medium,Multi-organ Dysfunction,4.7,ICU,U001,F01,2026-08-08 13:00:00,Admitted
P04525,77,Male,Medium,Acute Respiratory Distress,4.7,Med-Surg,U011,F03,2026-08-30 20:00:00,Admitted
P04526,8,Male,Low,Dehydration,1.8,Pediatrics,U014,F03,2026-08-31 22:00:00,Admitted
P04527,15,Female,Medium,Septic Shock,5.1,ICU,U011,F03,2026-08-30 02:00:00,Admitted
P04528,34,Female,Critical,Tumor Lysis Syndrome,10.8,Oncology,U010,F02,2026-08-01 00:00:00,Admitted
P04529,82,Male,Low,Stroke,1.8,Emergency,U007,F02,2026-08-08 06:00:00,Admitted
P04530,43,Non-Binary,High,Tumor Lysis Syndrome,6.8,Oncology,U010,F02,2026-08-06 18:00:00,Admitted
P04531,69,Non-Binary,Critical,Diabetes Complications,13.1,Med-Surg,U008,F02,2026-08-21 10:00:00,Admitted
P04532,79,Female,Low,Congenital Heart Defect,3.3,Pediatrics,U009,F02,2026-08-16 02:00:00,Admitted
P04533,46,Male,Low,Pediatric Asthma,3.1,Pediatrics,U014,F03,2026-08-25 05:00:00,Admitted
P04534,39,Female,High,Diabetes Complications,6.7,Emergency,U013,F03,2026-08-05 19:00:00,Pending Transfer
P04535,73,Male,Medium,Polytrauma,4.9,Emergency,U002,F01,2026-08-14 09:00:00,Admitted
P04536,59,Female,Low,Pediatric Asthma,3.2,Pediatrics,U009,F02,2026-08-10 04:00:00,Admitted
P04537,58,Non-Binary,Medium,Congenital Heart Defect,4.0,Pediatrics,U004,F01,2026-08-11 10:00:00,Admitted
P04538,34,Non-Binary,High,Acute Respiratory Distress,7.6,ICU,U011,F03,2026-08-21 07:00:00,Admitted
P04539,16,Female,Low,Congenital Heart Defect,2.7,Pediatrics,U014,F03,2026-08-24 01:00:00,Admitted
P04540,56,Female,Medium,Stroke,5.1,Emergency,U012,F03,2026-08-19 07:00:00,Admitted
P04541,80,Male,Critical,Multi-organ Dysfunction,13.8,ICU,U001,F01,2026-08-13 18:00:00,Admitted
P04542,3,Female,Low,Dehydration,3.2,Pediatrics,U014,F03,2026-08-22 18:00:00,Admitted
P04543,24,Non-Binary,High,Tumor Lysis Syndrome,6.0,Oncology,U015,F03,2026-08-23 07:00:00,Admitted
P04544,43,Female,Critical,Acute Myocardial Infarction,9.9,Emergency,U007,F02,2026-08-17 03:00:00,Admitted
P04545,29,Male,Low,Polytrauma,3.4,Emergency,U012,F03,2026-08-11 07:00:00,Admitted
P04546,81,Non-Binary,Medium,Diabetes Complications,3.6,Med-Surg,U013,F03,2026-08-14 09:00:00,Admitted
P04547,13,Male,High,Septic Shock,6.4,ICU,U001,F01,2026-08-09 00:00:00,Pending Transfer
P04548,82,Non-Binary,Low,Pneumonia,1.9,Med-Surg,U003,F01,2026-08-06 01:00:00,Pending Transfer
P04549,31,Male,Low,Stroke,1.6,Emergency,U012,F03,2026-08-13 01:00:00,Admitted
P04550,17,Male,High,Febrile Neutropenia,6.5,Oncology,U015,F03,2026-08-16 22:00:00,Admitted
P04551,12,Female,Medium,Multi-organ Dysfunction,4.1,ICU,U006,F02,2026-08-02 18:00:00,Admitted
P04552,35,Non-Binary,Low,Chemotherapy Monitoring,2.0,Oncology,U015,F03,2026-08-21 21:00:00,Admitted
P04553,87,Female,Low,Multi-organ Dysfunction,2.3,Oncology,U006,F02,2026-08-20 05:00:00,Admitted
P04554,48,Female,Medium,Chemotherapy Monitoring,3.8,Oncology,U010,F02,2026-08-26 01:00:00,Admitted
P04555,63,Non-Binary,Low,Acute Respiratory Distress,2.7,ICU,U006,F02,2026-08-27 23:00:00,Transfer Approved
P04556,45,Male,Medium,Stroke,4.9,Emergency,U012,F03,2026-08-23 09:00:00,Admitted
P04557,79,Female,Low,Post-Operative Recovery,2.7,Med-Surg,U008,F02,2026-08-04 10:00:00,Pending Transfer
P04558,89,Female,Low,Pneumonia,2.2,Med-Surg,U013,F03,2026-08-29 12:00:00,Transfer Approved
P04559,56,Male,Critical,Septic Shock,13.8,ICU,U006,F02,2026-08-05 08:00:00,Pending Transfer
P04560,53,Male,Medium,Chemotherapy Monitoring,5.2,Oncology,U015,F03,2026-08-24 13:00:00,Admitted
P04561,18,Male,Low,Stroke,3.3,Emergency,U002,F01,2026-08-08 10:00:00,Pending Transfer
P04562,17,Male,Medium,Chemotherapy Monitoring,4.4,Oncology,U010,F02,2026-08-11 01:00:00,Admitted
P04563,38,Male,High,Post-Operative Recovery,6.4,Med-Surg,U013,F03,2026-08-13 16:00:00,Pending Transfer
P04564,46,Non-Binary,Medium,Cellulitis,4.7,Med-Surg,U013,F03,2026-08-03 09:00:00,Admitted
P04565,25,Non-Binary,Low,Diabetes Complications,2.9,Med-Surg,U008,F02,2026-08-30 16:00:00,Admitted
P04566,6,Non-Binary,Low,Chemotherapy Monitoring,1.7,Med-Surg,U005,F01,2026-08-25 13:00:00,Discharged
P04567,13,Male,Medium,Acute Myocardial Infarction,7.3,Emergency,U007,F02,2026-08-17 16:00:00,Admitted
P04568,65,Non-Binary,Medium,Chemotherapy Monitoring,4.6,Oncology,U005,F01,2026-08-09 12:00:00,Admitted
P04569,85,Male,Low,Congenital Heart Defect,3.4,Pediatrics,U004,F01,2026-08-04 13:00:00,Admitted
P04570,66,Female,Medium,Dehydration,3.7,Pediatrics,U009,F02,2026-08-12 13:00:00,Pending Transfer
P04571,77,Male,High,Multi-organ Dysfunction,7.4,ICU,U011,F03,2026-08-13 10:00:00,Admitted
P04572,52,Non-Binary,High,Diabetes Complications,6.6,Med-Surg,U013,F03,2026-08-02 00:00:00,Admitted
P04573,62,Male,Critical,Congenital Heart Defect,9.4,Oncology,U014,F03,2026-08-04 21:00:00,Admitted
P04574,86,Female,Medium,Cellulitis,3.8,Med-Surg,U013,F03,2026-08-07 11:00:00,Admitted
P04575,54,Female,Low,Acute Respiratory Distress,2.4,ICU,U001,F01,2026-08-24 22:00:00,Discharged
P04576,4,Non-Binary,Medium,Acute Myocardial Infarction,3.6,Emergency,U002,F01,2026-08-15 16:00:00,Admitted
P04577,77,Non-Binary,Medium,Pneumonia,3.7,Med-Surg,U013,F03,2026-08-10 19:00:00,Pending Transfer
P04578,71,Male,Medium,Cellulitis,4.4,Pediatrics,U008,F02,2026-08-16 08:00:00,Admitted
P04579,73,Male,Low,Post-Cardiac Arrest,2.3,ICU,U001,F01,2026-08-14 14:00:00,Admitted
P04580,48,Male,High,Stroke,7.8,Emergency,U012,F03,2026-08-03 13:00:00,Pending Transfer
P04581,39,Female,High,Post-Cardiac Arrest,5.6,ICU,U001,F01,2026-08-26 11:00:00,Admitted
P04582,52,Male,Medium,Tumor Lysis Syndrome,4.0,Oncology,U010,F02,2026-08-17 01:00:00,Admitted
P04583,81,Non-Binary,Critical,Severe Abdominal Pain,9.7,Emergency,U007,F02,2026-08-01 23:00:00,Admitted
P04584,5,Male,Medium,Pneumonia,4.6,Med-Surg,U013,F03,2026-08-14 10:00:00,Admitted
P04585,28,Male,Low,Post-Cardiac Arrest,2.9,ICU,U006,F02,2026-08-08 00:00:00,Discharged
P04586,87,Male,Medium,Polytrauma,4.3,Emergency,U012,F03,2026-08-16 03:00:00,Admitted
P04587,76,Male,Low,Palliative Care,1.7,Oncology,U005,F01,2026-08-16 21:00:00,Transfer Approved
P04588,20,Male,Medium,Polytrauma,3.8,Emergency,U007,F02,2026-08-05 11:00:00,Admitted
P04589,38,Female,Medium,Tumor Lysis Syndrome,3.5,Med-Surg,U010,F02,2026-08-10 18:00:00,Admitted
P04590,5,Non-Binary,Medium,Pediatric Asthma,4.8,Pediatrics,U009,F02,2026-08-18 06:00:00,Pending Transfer
P04591,73,Female,Low,Post-Cardiac Arrest,2.8,ICU,U006,F02,2026-08-17 15:00:00,Admitted
P04592,18,Female,High,Cellulitis,5.8,Med-Surg,U013,F03,2026-08-07 09:00:00,Admitted
P04593,32,Non-Binary,High,Diabetes Complications,7.8,ICU,U008,F02,2026-08-19 02:00:00,Admitted
P04594,38,Male,Medium,Stroke,3.8,Emergency,U012,F03,2026-08-30 07:00:00,Admitted
P04595,3,Female,Low,Pneumonia,1.7,Med-Surg,U003,F01,2026-08-19 20:00:00,Admitted
P04596,53,Female,Medium,Multi-organ Dysfunction,4.3,ICU,U006,F02,2026-08-17 19:00:00,Admitted
P04597,64,Non-Binary,High,Septic Shock,6.6,ICU,U011,F03,2026-08-26 12:00:00,Admitted
P04598,21,Male,Low,Pneumonia,1.8,Med-Surg,U003,F01,2026-08-21 12:00:00,Admitted
P04599,8,Male,Low,Febrile Neutropenia,1.8,Emergency,U005,F01,2026-08-29 09:00:00,Admitted
P04600,5,Female,Medium,Cellulitis,5.0,Med-Surg,U008,F02,2026-08-28 03:00:00,Admitted
P04601,24,Female,Medium,Chemotherapy Monitoring,4.8,Oncology,U015,F03,2026-08-24 01:00:00,Admitted
P04602,34,Male,Medium,Diabetes Complications,5.0,Med-Surg,U013,F03,2026-08-30 00:00:00,Admitted
P04603,44,Male,High,Palliative Care,6.7,Oncology,U005,F01,2026-08-26 03:00:00,Discharged
P04604,24,Male,Medium,Bronchiolitis,4.5,Pediatrics,U014,F03,2026-08-25 08:00:00,Admitted
P04605,63,Non-Binary,Low,Post-Operative Recovery,2.7,Med-Surg,U003,F01,2026-08-07 13:00:00,Admitted
P04606,11,Female,Medium,Bronchiolitis,4.4,Pediatrics,U014,F03,2026-08-27 17:00:00,Admitted
P04607,37,Female,Low,Dehydration,1.8,Pediatrics,U009,F02,2026-08-26 08:00:00,Pending Transfer
P04608,89,Non-Binary,High,Bronchiolitis,6.3,Pediatrics,U014,F03,2026-08-13 06:00:00,Pending Transfer
P04609,10,Male,Critical,Severe Abdominal Pain,9.8,Med-Surg,U012,F03,2026-08-02 07:00:00,Admitted
P04610,10,Male,Medium,Pediatric Asthma,4.9,Pediatrics,U004,F01,2026-08-13 20:00:00,Admitted
P04611,76,Male,Medium,Pneumonia,5.1,Med-Surg,U013,F03,2026-08-08 21:00:00,Admitted
P04612,74,Female,Low,Chemotherapy Monitoring,2.3,Pediatrics,U015,F03,2026-08-30 02:00:00,Transfer Approved
P04613,65,Non-Binary,High,Pediatric Asthma,8.0,Pediatrics,U014,F03,2026-08-26 19:00:00,Transfer Approved
P04614,17,Non-Binary,High,Stroke,8.0,Emergency,U007,F02,2026-08-22 21:00:00,Admitted
P04615,77,Male,High,Tumor Lysis Syndrome,7.7,Oncology,U005,F01,2026-08-18 21:00:00,Admitted
P04616,28,Female,Low,Pediatric Asthma,3.4,Pediatrics,U004,F01,2026-08-03 08:00:00,Transfer Approved
P04617,12,Male,Medium,Pediatric Asthma,4.5,Pediatrics,U009,F02,2026-08-28 17:00:00,Admitted
P04618,82,Male,High,Pneumonia,7.0,Med-Surg,U013,F03,2026-08-30 02:00:00,Admitted
P04619,90,Non-Binary,Critical,Febrile Neutropenia,9.4,Oncology,U015,F03,2026-08-15 18:00:00,Admitted
P04620,86,Male,Low,Stroke,2.1,Med-Surg,U012,F03,2026-08-14 00:00:00,Admitted
P04621,74,Non-Binary,Medium,Multi-organ Dysfunction,5.1,ICU,U001,F01,2026-08-29 12:00:00,Admitted
P04622,59,Male,Medium,Stroke,4.8,Emergency,U007,F02,2026-08-17 06:00:00,Admitted
P04623,9,Male,Medium,Acute Myocardial Infarction,3.7,Emergency,U007,F02,2026-08-12 12:00:00,Admitted
P04624,35,Female,High,Post-Cardiac Arrest,5.9,ICU,U001,F01,2026-08-15 10:00:00,Pending Transfer
P04625,85,Female,High,Stroke,7.9,Emergency,U007,F02,2026-08-09 00:00:00,Pending Transfer
P04626,29,Male,Low,Cellulitis,2.0,Med-Surg,U013,F03,2026-08-19 19:00:00,Admitted
P04627,68,Female,High,Polytrauma,7.3,Emergency,U007,F02,2026-08-20 03:00:00,Admitted
P04628,91,Male,High,Cellulitis,7.7,Med-Surg,U013,F03,2026-08-10 02:00:00,Admitted
P04629,24,Non-Binary,Medium,Post-Cardiac Arrest,5.4,Pediatrics,U011,F03,2026-08-01 07:00:00,Pending Transfer
P04630,22,Female,High,Severe Abdominal Pain,6.6,Emergency,U002,F01,2026-08-23 20:00:00,Admitted
P04631,72,Male,Low,Stroke,2.5,Emergency,U012,F03,2026-08-08 02:00:00,Admitted
P04632,88,Male,Low,Chemotherapy Monitoring,1.6,Oncology,U005,F01,2026-08-13 20:00:00,Pending Transfer
P04633,43,Female,Medium,Severe Abdominal Pain,5.1,Emergency,U012,F03,2026-08-08 12:00:00,Admitted
P04634,5,Female,Low,Pneumonia,1.5,Med-Surg,U003,F01,2026-08-10 16:00:00,Admitted
P04635,52,Female,High,Dehydration,8.1,Pediatrics,U009,F02,2026-08-21 20:00:00,Admitted
P04636,75,Non-Binary,Low,Stroke,2.5,Emergency,U002,F01,2026-08-15 00:00:00,Pending Transfer
P04637,84,Male,Medium,Palliative Care,7.9,ICU,U015,F03,2026-08-30 14:00:00,Admitted
P04638,60,Male,Medium,Pediatric Asthma,4.4,Pediatrics,U014,F03,2026-08-25 07:00:00,Pending Transfer
P04639,84,Female,High,Dehydration,7.2,Pediatrics,U004,F01,2026-08-07 06:00:00,Pending Transfer
P04640,5,Female,Critical,Post-Operative Recovery,9.1,Med-Surg,U013,F03,2026-08-15 03:00:00,Pending Transfer
P04641,74,Non-Binary,Low,Cellulitis,3.2,Med-Surg,U013,F03,2026-08-09 19:00:00,Admitted
P04642,4,Male,Medium,Acute Respiratory Distress,4.0,ICU,U006,F02,2026-08-31 11:00:00,Pending Transfer
P04643,43,Non-Binary,High,Cellulitis,6.8,Med-Surg,U013,F03,2026-08-08 21:00:00,Transfer Approved
P04644,85,Non-Binary,Medium,Tumor Lysis Syndrome,4.8,Oncology,U005,F01,2026-08-23 10:00:00,Admitted
P04645,48,Male,High,Septic Shock,7.2,ICU,U011,F03,2026-08-25 21:00:00,Pending Transfer
P04646,4,Male,High,Bronchiolitis,6.6,Pediatrics,U014,F03,2026-08-29 01:00:00,Admitted
P04647,40,Non-Binary,Low,Acute Myocardial Infarction,2.3,Emergency,U002,F01,2026-08-12 06:00:00,Transfer Approved
P04648,50,Non-Binary,Low,Polytrauma,3.4,Emergency,U012,F03,2026-08-21 14:00:00,Admitted
P04649,31,Male,Low,Palliative Care,1.9,Oncology,U015,F03,2026-08-10 13:00:00,Transfer Approved
P04650,89,Male,Low,Stroke,2.5,Emergency,U002,F01,2026-08-05 06:00:00,Admitted
P04651,72,Female,High,Post-Cardiac Arrest,8.1,ICU,U001,F01,2026-08-08 19:00:00,Admitted
P04652,20,Female,Medium,Post-Cardiac Arrest,4.6,ICU,U006,F02,2026-08-09 22:00:00,Admitted
P04653,11,Male,Medium,Pneumonia,4.7,Med-Surg,U008,F02,2026-08-29 15:00:00,Transfer Approved
P04654,78,Female,Critical,Cellulitis,13.7,Med-Surg,U008,F02,2026-08-12 11:00:00,Transfer Approved
P04655,72,Non-Binary,Medium,Pediatric Asthma,4.5,Pediatrics,U009,F02,2026-08-11 14:00:00,Admitted
P04656,78,Male,Low,Chemotherapy Monitoring,3.3,Oncology,U010,F02,2026-08-05 10:00:00,Admitted
P04657,4,Female,Low,Febrile Neutropenia,3.4,Oncology,U005,F01,2026-08-09 12:00:00,Admitted
P04658,39,Female,Low,Bronchiolitis,3.1,Pediatrics,U004,F01,2026-08-20 14:00:00,Discharged
P04659,2,Male,Medium,Dehydration,4.8,Pediatrics,U014,F03,2026-08-11 11:00:00,Pending Transfer
P04660,63,Male,High,Diabetes Complications,7.3,Med-Surg,U003,F01,2026-08-22 04:00:00,Admitted
P04661,61,Non-Binary,High,Chemotherapy Monitoring,7.7,Oncology,U005,F01,2026-08-13 23:00:00,Admitted
P04662,75,Male,Medium,Multi-organ Dysfunction,4.1,ICU,U006,F02,2026-08-28 20:00:00,Transfer Approved
P04663,8,Female,Medium,Polytrauma,4.7,Emergency,U002,F01,2026-08-02 00:00:00,Admitted
P04664,7,Non-Binary,Low,Post-Operative Recovery,3.1,Med-Surg,U008,F02,2026-08-04 21:00:00,Admitted
P04665,8,Male,Low,Stroke,2.3,Emergency,U007,F02,2026-08-28 18:00:00,Admitted
P04666,59,Male,Medium,Stroke,5.1,Emergency,U002,F01,2026-08-24 19:00:00,Admitted
P04667,81,Non-Binary,Medium,Acute Respiratory Distress,3.8,Emergency,U011,F03,2026-08-01 01:00:00,Transfer Approved
P04668,87,Non-Binary,High,Diabetes Complications,7.5,Med-Surg,U003,F01,2026-08-28 09:00:00,Pending Transfer
P04669,86,Female,Low,Pediatric Asthma,3.0,Pediatrics,U009,F02,2026-08-29 22:00:00,Transfer Approved
P04670,72,Female,Low,Cellulitis,1.8,Med-Surg,U003,F01,2026-08-07 02:00:00,Admitted
P04671,8,Female,Low,Tumor Lysis Syndrome,2.6,Oncology,U015,F03,2026-08-29 14:00:00,Admitted
P04672,81,Male,Medium,Severe Abdominal Pain,5.2,Emergency,U002,F01,2026-08-11 23:00:00,Pending Transfer
P04673,54,Male,Low,Septic Shock,1.8,Oncology,U011,F03,2026-08-18 04:00:00,Admitted
P04674,18,Male,Medium,Palliative Care,3.9,Pediatrics,U015,F03,2026-08-27 09:00:00,Transfer Approved
P04675,16,Female,Low,Severe Abdominal Pain,1.6,Emergency,U007,F02,2026-08-23 07:00:00,Transfer Approved
P04676,4,Male,Low,Diabetes Complications,2.3,Med-Surg,U003,F01,2026-08-23 20:00:00,Admitted
P04677,56,Non-Binary,Low,Febrile Neutropenia,2.3,Oncology,U005,F01,2026-08-30 20:00:00,Admitted
P04678,79,Non-Binary,Medium,Polytrauma,4.3,Emergency,U002,F01,2026-08-09 00:00:00,Admitted
P04679,32,Male,Critical,Bronchiolitis,11.25,Pediatrics,U014,F03,2026-08-23 18:00:00,Admitted
P04680,30,Non-Binary,Low,Acute Myocardial Infarction,3.5,Emergency,U012,F03,2026-08-29 17:00:00,Transfer Approved
P04681,20,Non-Binary,Critical,Congenital Heart Defect,12.9,Pediatrics,U014,F03,2026-08-06 12:00:00,Admitted
P04682,78,Male,Low,Palliative Care,2.7,Oncology,U005,F01,2026-08-20 18:00:00,Admitted
P04683,42,Male,Medium,Diabetes Complications,4.1,Med-Surg,U003,F01,2026-08-14 08:00:00,Admitted
P04684,34,Female,Medium,Pneumonia,5.0,Med-Surg,U008,F02,2026-08-30 23:00:00,Admitted
P04685,81,Female,Low,Severe Abdominal Pain,2.5,Emergency,U007,F02,2026-08-29 03:00:00,Admitted
P04686,10,Female,Low,Septic Shock,1.9,ICU,U011,F03,2026-08-01 19:00:00,Admitted
P04687,91,Non-Binary,High,Chemotherapy Monitoring,6.5,Oncology,U010,F02,2026-08-03 10:00:00,Admitted
P04688,41,Non-Binary,High,Dehydration,7.3,Pediatrics,U004,F01,2026-08-23 01:00:00,Admitted
P04689,82,Female,Medium,Bronchiolitis,5.1,Pediatrics,U014,F03,2026-08-30 19:00:00,Pending Transfer
P04690,7,Male,High,Stroke,7.2,Emergency,U007,F02,2026-08-01 22:00:00,Admitted
P04691,35,Female,Medium,Febrile Neutropenia,4.4,Oncology,U010,F02,2026-08-06 23:00:00,Admitted
P04692,51,Female,Low,Chemotherapy Monitoring,1.9,Oncology,U005,F01,2026-08-17 09:00:00,Pending Transfer
P04693,10,Non-Binary,Low,Polytrauma,1.9,Emergency,U002,F01,2026-08-22 19:00:00,Admitted
P04694,76,Non-Binary,Medium,Severe Abdominal Pain,4.4,Emergency,U002,F01,2026-08-15 18:00:00,Pending Transfer
P04695,26,Non-Binary,Medium,Multi-organ Dysfunction,5.5,ICU,U006,F02,2026-08-11 11:00:00,Admitted
P04696,9,Non-Binary,High,Septic Shock,6.3,ICU,U001,F01,2026-08-22 02:00:00,Admitted
P04697,10,Male,High,Congenital Heart Defect,7.5,Pediatrics,U014,F03,2026-08-31 14:00:00,Admitted
P04698,2,Male,Low,Cellulitis,1.8,Med-Surg,U008,F02,2026-08-31 20:00:00,Admitted
P04699,60,Female,Critical,Post-Operative Recovery,9.1,Med-Surg,U008,F02,2026-08-18 09:00:00,Admitted
P04700,21,Male,Low,Febrile Neutropenia,1.6,ICU,U010,F02,2026-08-12 12:00:00,Pending Transfer
P04701,32,Male,Medium,Bronchiolitis,4.7,Pediatrics,U014,F03,2026-08-09 20:00:00,Admitted
P04702,72,Male,High,Palliative Care,6.2,Oncology,U010,F02,2026-08-28 05:00:00,Admitted
P04703,15,Male,High,Severe Abdominal Pain,7.5,Emergency,U002,F01,2026-08-07 02:00:00,Pending Transfer
P04704,22,Non-Binary,Low,Post-Cardiac Arrest,2.0,ICU,U006,F02,2026-08-12 09:00:00,Admitted
P04705,70,Female,Low,Bronchiolitis,1.9,Pediatrics,U009,F02,2026-08-01 02:00:00,Pending Transfer
P04706,79,Female,Low,Polytrauma,2.6,Emergency,U007,F02,2026-08-16 08:00:00,Transfer Approved
P04707,87,Male,High,Severe Abdominal Pain,7.5,Emergency,U007,F02,2026-08-20 22:00:00,Admitted
P04708,56,Male,Medium,Severe Abdominal Pain,4.2,Emergency,U012,F03,2026-08-24 23:00:00,Admitted
P04709,42,Female,Low,Pneumonia,1.7,Med-Surg,U013,F03,2026-08-01 11:00:00,Admitted
P04710,11,Male,High,Pediatric Asthma,7.4,Pediatrics,U014,F03,2026-08-25 08:00:00,Admitted
P04711,91,Male,Medium,Diabetes Complications,4.4,Med-Surg,U008,F02,2026-08-23 01:00:00,Admitted
P04712,2,Male,Low,Cellulitis,1.5,Med-Surg,U008,F02,2026-08-05 07:00:00,Pending Transfer
P04713,42,Male,Medium,Bronchiolitis,5.0,Pediatrics,U009,F02,2026-08-01 22:00:00,Admitted
P04714,25,Non-Binary,High,Dehydration,7.5,Pediatrics,U014,F03,2026-08-21 08:00:00,Pending Transfer
P04715,26,Female,Low,Tumor Lysis Syndrome,3.1,Oncology,U010,F02,2026-08-14 18:00:00,Admitted
P04716,19,Non-Binary,Low,Post-Operative Recovery,3.2,Med-Surg,U008,F02,2026-08-14 22:00:00,Admitted
P04717,51,Male,High,Acute Respiratory Distress,6.8,ICU,U006,F02,2026-08-14 19:00:00,Transfer Approved
P04718,50,Non-Binary,Critical,Palliative Care,12.5,Oncology,U010,F02,2026-08-08 06:00:00,Admitted
P04719,1,Female,Medium,Multi-organ Dysfunction,4.1,ICU,U011,F03,2026-08-31 00:00:00,Pending Transfer
P04720,50,Male,Low,Palliative Care,2.3,Oncology,U010,F02,2026-08-01 00:00:00,Admitted
P04721,88,Non-Binary,Low,Dehydration,2.1,Pediatrics,U009,F02,2026-08-18 00:00:00,Admitted
P04722,13,Female,Critical,Chemotherapy Monitoring,11.2,Oncology,U010,F02,2026-08-19 13:00:00,Admitted
P04723,89,Male,Critical,Pediatric Asthma,11.7,Pediatrics,U014,F03,2026-08-04 11:00:00,Admitted
P04724,1,Female,High,Acute Respiratory Distress,7.5,ICU,U006,F02,2026-08-14 19:00:00,Admitted
P04725,74,Non-Binary,Low,Cellulitis,1.7,Med-Surg,U008,F02,2026-08-07 03:00:00,Pending Transfer
P04726,43,Male,High,Tumor Lysis Syndrome,6.6,Oncology,U005,F01,2026-08-23 05:00:00,Admitted
P04727,18,Non-Binary,Low,Chemotherapy Monitoring,2.1,Oncology,U005,F01,2026-08-07 14:00:00,Admitted
P04728,83,Female,Critical,Multi-organ Dysfunction,9.8,ICU,U006,F02,2026-08-24 01:00:00,Admitted
P04729,90,Non-Binary,High,Tumor Lysis Syndrome,7.0,Oncology,U010,F02,2026-08-31 10:00:00,Admitted
P04730,87,Male,Medium,Tumor Lysis Syndrome,3.6,Oncology,U005,F01,2026-08-04 10:00:00,Transfer Approved
P04731,21,Female,High,Dehydration,7.0,Pediatrics,U014,F03,2026-08-06 14:00:00,Admitted
P04732,58,Non-Binary,Medium,Diabetes Complications,4.3,Med-Surg,U013,F03,2026-08-15 08:00:00,Transfer Approved
P04733,69,Non-Binary,High,Polytrauma,8.4,Med-Surg,U007,F02,2026-08-26 17:00:00,Pending Transfer
P04734,65,Male,Medium,Cellulitis,3.7,Med-Surg,U013,F03,2026-08-03 09:00:00,Admitted
P04735,17,Male,High,Bronchiolitis,6.6,Pediatrics,U009,F02,2026-08-31 22:00:00,Admitted
P04736,38,Non-Binary,Low,Pneumonia,2.7,Med-Surg,U003,F01,2026-08-11 23:00:00,Pending Transfer
P04737,46,Non-Binary,Critical,Cellulitis,10.9,Med-Surg,U013,F03,2026-08-20 19:00:00,Admitted
P04738,12,Male,High,Septic Shock,7.9,ICU,U001,F01,2026-08-26 17:00:00,Admitted
P04739,29,Male,Medium,Dehydration,5.0,Pediatrics,U014,F03,2026-08-05 14:00:00,Admitted
P04740,33,Female,Medium,Post-Operative Recovery,3.7,Med-Surg,U008,F02,2026-08-18 18:00:00,Pending Transfer
P04741,46,Non-Binary,High,Congenital Heart Defect,8.2,ICU,U004,F01,2026-08-29 11:00:00,Admitted
P04742,85,Male,Low,Diabetes Complications,1.7,Med-Surg,U013,F03,2026-08-13 22:00:00,Admitted
P04743,67,Non-Binary,Medium,Severe Abdominal Pain,3.6,Emergency,U002,F01,2026-08-07 08:00:00,Pending Transfer
P04744,59,Female,Medium,Polytrauma,3.8,Emergency,U007,F02,2026-08-19 16:00:00,Pending Transfer
P04745,76,Non-Binary,Low,Septic Shock,1.5,ICU,U001,F01,2026-08-16 08:00:00,Transfer Approved
P04746,50,Male,Medium,Polytrauma,5.0,Emergency,U007,F02,2026-08-19 19:00:00,Admitted
P04747,82,Female,Medium,Acute Myocardial Infarction,4.4,Emergency,U012,F03,2026-08-30 10:00:00,Admitted
P04748,90,Female,Medium,Pediatric Asthma,4.5,Pediatrics,U009,F02,2026-08-08 06:00:00,Admitted
P04749,67,Non-Binary,Medium,Severe Abdominal Pain,5.0,Emergency,U012,F03,2026-08-22 11:00:00,Admitted
P04750,19,Non-Binary,Low,Multi-organ Dysfunction,3.0,ICU,U001,F01,2026-08-18 19:00:00,Admitted
P04751,66,Female,Medium,Post-Operative Recovery,4.6,Med-Surg,U003,F01,2026-08-25 07:00:00,Admitted
P04752,74,Female,High,Severe Abdominal Pain,7.6,Oncology,U012,F03,2026-08-01 20:00:00,Transfer Approved
P04753,1,Female,Low,Acute Myocardial Infarction,2.5,Emergency,U012,F03,2026-08-19 19:00:00,Transfer Approved
P04754,84,Female,Low,Pneumonia,2.1,Med-Surg,U013,F03,2026-08-21 21:00:00,Discharged
P04755,33,Female,High,Stroke,5.8,Emergency,U012,F03,2026-08-15 12:00:00,Admitted
P04756,75,Male,Low,Severe Abdominal Pain,1.8,Emergency,U012,F03,2026-08-30 10:00:00,Admitted
P04757,37,Non-Binary,Low,Diabetes Complications,2.1,Med-Surg,U008,F02,2026-08-12 18:00:00,Admitted
P04758,14,Non-Binary,Medium,Cellulitis,3.6,Med-Surg,U013,F03,2026-08-09 07:00:00,Admitted
P04759,44,Non-Binary,High,Diabetes Complications,8.3,Med-Surg,U003,F01,2026-08-31 20:00:00,Admitted
P04760,82,Non-Binary,High,Acute Respiratory Distress,6.9,ICU,U011,F03,2026-08-26 18:00:00,Admitted
P04761,55,Female,Low,Stroke,2.4,Emergency,U002,F01,2026-08-30 21:00:00,Admitted
P04762,64,Female,High,Severe Abdominal Pain,7.5,Emergency,U007,F02,2026-08-03 12:00:00,Admitted
P04763,62,Non-Binary,Medium,Dehydration,5.5,Pediatrics,U014,F03,2026-08-10 21:00:00,Admitted
P04764,5,Female,Medium,Septic Shock,3.6,ICU,U006,F02,2026-08-22 03:00:00,Transfer Approved
P04765,88,Female,Low,Severe Abdominal Pain,3.4,Emergency,U007,F02,2026-08-11 21:00:00,Admitted
P04766,4,Non-Binary,Medium,Chemotherapy Monitoring,4.5,Oncology,U005,F01,2026-08-13 18:00:00,Admitted
P04767,21,Male,Low,Febrile Neutropenia,1.9,Oncology,U010,F02,2026-08-11 09:00:00,Pending Transfer
P04768,2,Male,Critical,Diabetes Complications,10.7,Med-Surg,U013,F03,2026-08-11 04:00:00,Admitted
P04769,71,Female,Low,Polytrauma,3.0,Emergency,U012,F03,2026-08-25 04:00:00,Admitted
P04770,88,Female,Medium,Dehydration,3.9,Pediatrics,U014,F03,2026-08-11 22:00:00,Admitted
P04771,86,Non-Binary,Low,Pneumonia,3.1,Med-Surg,U013,F03,2026-08-15 04:00:00,Admitted
P04772,34,Non-Binary,Low,Acute Respiratory Distress,1.9,ICU,U011,F03,2026-08-08 08:00:00,Admitted
P04773,62,Female,High,Acute Respiratory Distress,6.4,ICU,U006,F02,2026-08-11 01:00:00,Admitted
P04774,75,Male,Low,Pneumonia,2.1,Med-Surg,U003,F01,2026-08-15 01:00:00,Admitted
P04775,20,Male,Medium,Pediatric Asthma,4.3,Pediatrics,U009,F02,2026-08-03 06:00:00,Admitted
P04776,54,Female,High,Tumor Lysis Syndrome,8.3,Oncology,U005,F01,2026-08-19 08:00:00,Admitted
P04777,61,Female,Medium,Acute Respiratory Distress,5.0,ICU,U001,F01,2026-08-19 07:00:00,Admitted
P04778,85,Non-Binary,Low,Polytrauma,2.5,Emergency,U002,F01,2026-08-22 23:00:00,Admitted
P04779,2,Female,Medium,Multi-organ Dysfunction,3.6,ICU,U011,F03,2026-08-04 04:00:00,Admitted
P04780,22,Male,Medium,Febrile Neutropenia,4.8,Oncology,U010,F02,2026-08-12 12:00:00,Admitted
P04781,38,Female,Low,Post-Cardiac Arrest,2.6,ICU,U001,F01,2026-08-22 00:00:00,Admitted
P04782,33,Female,Low,Pneumonia,2.1,Med-Surg,U003,F01,2026-08-19 10:00:00,Admitted
P04783,7,Male,Medium,Congenital Heart Defect,3.9,Pediatrics,U009,F02,2026-08-01 15:00:00,Admitted
P04784,64,Female,Medium,Stroke,5.3,Emergency,U002,F01,2026-08-21 04:00:00,Transfer Approved
P04785,63,Female,Medium,Diabetes Complications,4.7,Med-Surg,U003,F01,2026-08-09 21:00:00,Admitted
P04786,53,Male,Medium,Acute Respiratory Distress,4.5,ICU,U011,F03,2026-08-27 07:00:00,Admitted
P04787,52,Non-Binary,Low,Palliative Care,2.9,Oncology,U015,F03,2026-08-27 04:00:00,Admitted
P04788,55,Non-Binary,Low,Pediatric Asthma,1.9,Pediatrics,U014,F03,2026-08-05 01:00:00,Admitted
P04789,73,Female,Medium,Tumor Lysis Syndrome,5.4,Oncology,U010,F02,2026-08-13 03:00:00,Admitted
P04790,59,Non-Binary,Medium,Chemotherapy Monitoring,4.4,Oncology,U010,F02,2026-08-15 00:00:00,Transfer Approved
P04791,9,Female,Low,Polytrauma,1.8,Oncology,U002,F01,2026-08-28 06:00:00,Admitted
P04792,33,Female,Medium,Post-Operative Recovery,4.4,Med-Surg,U008,F02,2026-08-29 05:00:00,Transfer Approved
P04793,15,Female,High,Septic Shock,7.7,ICU,U006,F02,2026-08-07 21:00:00,Admitted
P04794,31,Non-Binary,Low,Febrile Neutropenia,2.7,Oncology,U010,F02,2026-08-27 02:00:00,Admitted
P04795,77,Male,Medium,Palliative Care,5.1,Oncology,U015,F03,2026-08-04 00:00:00,Admitted
P04796,44,Male,Medium,Acute Respiratory Distress,4.5,ICU,U006,F02,2026-08-30 13:00:00,Admitted
P04797,6,Male,Medium,Febrile Neutropenia,5.3,Oncology,U010,F02,2026-08-21 14:00:00,Admitted
P04798,57,Non-Binary,High,Stroke,6.0,Emergency,U012,F03,2026-08-11 09:00:00,Admitted
P04799,80,Non-Binary,Low,Multi-organ Dysfunction,2.5,ICU,U006,F02,2026-08-29 14:00:00,Admitted
P04800,22,Non-Binary,Low,Febrile Neutropenia,1.6,Oncology,U015,F03,2026-08-06 22:00:00,Admitted
P04801,85,Non-Binary,Medium,Acute Respiratory Distress,5.4,ICU,U006,F02,2026-08-06 13:00:00,Admitted
P04802,74,Non-Binary,Low,Chemotherapy Monitoring,3.3,Oncology,U010,F02,2026-08-23 13:00:00,Admitted
P04803,47,Non-Binary,Medium,Pneumonia,3.8,Med-Surg,U013,F03,2026-08-16 13:00:00,Admitted
P04804,2,Non-Binary,High,Palliative Care,8.0,Oncology,U010,F02,2026-08-21 13:00:00,Admitted
P04805,34,Female,Medium,Bronchiolitis,4.9,Pediatrics,U004,F01,2026-08-27 10:00:00,Admitted
P04806,23,Female,Medium,Severe Abdominal Pain,3.9,Emergency,U002,F01,2026-08-23 08:00:00,Transfer Approved
P04807,61,Female,Medium,Multi-organ Dysfunction,3.5,Oncology,U006,F02,2026-08-09 13:00:00,Admitted
P04808,41,Female,Medium,Cellulitis,4.4,Med-Surg,U003,F01,2026-08-14 02:00:00,Transfer Approved
P04809,19,Non-Binary,Critical,Congenital Heart Defect,13.7,Pediatrics,U014,F03,2026-08-10 04:00:00,Admitted
P04810,52,Non-Binary,Medium,Acute Respiratory Distress,5.1,ICU,U001,F01,2026-08-26 04:00:00,Admitted
P04811,52,Non-Binary,Low,Acute Respiratory Distress,2.9,ICU,U001,F01,2026-08-09 03:00:00,Pending Transfer
P04812,57,Male,Medium,Acute Respiratory Distress,4.2,ICU,U011,F03,2026-08-03 20:00:00,Admitted
P04813,67,Female,High,Polytrauma,6.5,Emergency,U002,F01,2026-08-13 17:00:00,Admitted
P04814,66,Male,Low,Acute Myocardial Infarction,1.6,Emergency,U007,F02,2026-08-21 12:00:00,Transfer Approved
P04815,49,Female,Low,Cellulitis,3.4,Med-Surg,U003,F01,2026-08-12 20:00:00,Transfer Approved
P04816,9,Male,Medium,Post-Cardiac Arrest,4.7,ICU,U001,F01,2026-08-04 05:00:00,Pending Transfer
P04817,34,Male,Medium,Multi-organ Dysfunction,2.0,ICU,U011,F03,2026-08-22 08:00:00,Pending Transfer
P04818,11,Female,Medium,Chemotherapy Monitoring,3.7,Oncology,U005,F01,2026-08-20 17:00:00,Admitted
P04819,88,Female,Low,Polytrauma,2.5,ICU,U002,F01,2026-08-16 00:00:00,Admitted
P04820,89,Non-Binary,Medium,Post-Cardiac Arrest,4.5,ICU,U006,F02,2026-08-12 05:00:00,Pending Transfer
P04821,6,Female,Low,Post-Cardiac Arrest,2.5,ICU,U006,F02,2026-08-02 15:00:00,Admitted
P04822,37,Male,Low,Tumor Lysis Syndrome,2.0,Oncology,U010,F02,2026-08-18 18:00:00,Transfer Approved
P04823,48,Non-Binary,Low,Cellulitis,2.7,Med-Surg,U008,F02,2026-08-05 20:00:00,Admitted
P04824,38,Female,Medium,Polytrauma,4.8,Emergency,U012,F03,2026-08-03 02:00:00,Admitted
P04825,5,Non-Binary,Medium,Post-Operative Recovery,3.6,Med-Surg,U003,F01,2026-08-27 03:00:00,Admitted
P04826,64,Non-Binary,Low,Stroke,1.6,Emergency,U007,F02,2026-08-12 01:00:00,Discharged
P04827,20,Female,High,Tumor Lysis Syndrome,7.2,Oncology,U010,F02,2026-08-25 20:00:00,Admitted
P04828,30,Non-Binary,High,Febrile Neutropenia,5.6,Emergency,U005,F01,2026-08-20 15:00:00,Admitted
P04829,47,Non-Binary,Medium,Cellulitis,4.0,Med-Surg,U008,F02,2026-08-23 20:00:00,Admitted
P04830,85,Female,Critical,Diabetes Complications,13.3,Med-Surg,U003,F01,2026-08-20 23:00:00,Admitted
P04831,58,Non-Binary,High,Multi-organ Dysfunction,6.3,ICU,U006,F02,2026-08-12 04:00:00,Admitted
P04832,50,Non-Binary,Low,Pneumonia,2.8,Med-Surg,U008,F02,2026-08-10 02:00:00,Admitted
P04833,52,Female,Medium,Post-Operative Recovery,4.2,Med-Surg,U003,F01,2026-08-15 09:00:00,Admitted
P04834,6,Non-Binary,Critical,Tumor Lysis Syndrome,9.0,Oncology,U010,F02,2026-08-07 07:00:00,Admitted
P04835,59,Non-Binary,Medium,Febrile Neutropenia,5.2,Oncology,U010,F02,2026-08-26 12:00:00,Admitted
P04836,74,Non-Binary,High,Congenital Heart Defect,7.0,Pediatrics,U009,F02,2026-08-22 12:00:00,Pending Transfer
P04837,1,Non-Binary,Low,Stroke,2.2,Emergency,U007,F02,2026-08-26 14:00:00,Admitted
P04838,39,Non-Binary,Low,Pediatric Asthma,3.1,Pediatrics,U014,F03,2026-08-20 23:00:00,Admitted
P04839,51,Non-Binary,Low,Acute Respiratory Distress,2.1,ICU,U006,F02,2026-08-02 16:00:00,Admitted
P04840,8,Male,Low,Dehydration,2.5,Pediatrics,U014,F03,2026-08-24 01:00:00,Transfer Approved
P04841,87,Female,Medium,Severe Abdominal Pain,4.0,Emergency,U012,F03,2026-08-19 19:00:00,Admitted
P04842,74,Non-Binary,Low,Severe Abdominal Pain,2.5,Emergency,U002,F01,2026-08-25 07:00:00,Admitted
P04843,41,Male,Medium,Congenital Heart Defect,5.0,Pediatrics,U009,F02,2026-08-29 03:00:00,Admitted
P04844,12,Non-Binary,Medium,Polytrauma,5.3,Emergency,U002,F01,2026-08-26 22:00:00,Pending Transfer
P04845,10,Non-Binary,Medium,Pneumonia,4.3,Med-Surg,U008,F02,2026-08-17 19:00:00,Admitted
P04846,71,Non-Binary,Medium,Dehydration,4.7,Pediatrics,U009,F02,2026-08-03 07:00:00,Admitted
P04847,46,Non-Binary,Medium,Palliative Care,3.7,Oncology,U010,F02,2026-08-02 21:00:00,Admitted
P04848,59,Non-Binary,Medium,Febrile Neutropenia,4.8,Oncology,U010,F02,2026-08-28 17:00:00,Transfer Approved
P04849,2,Male,Low,Bronchiolitis,1.8,Pediatrics,U009,F02,2026-08-09 04:00:00,Admitted
P04850,45,Non-Binary,Low,Cellulitis,2.8,Med-Surg,U008,F02,2026-08-11 10:00:00,Admitted
P04851,38,Non-Binary,Medium,Diabetes Complications,5.1,Med-Surg,U013,F03,2026-08-29 15:00:00,Admitted
P04852,71,Male,Medium,Bronchiolitis,5.4,Pediatrics,U004,F01,2026-08-26 09:00:00,Pending Transfer
P04853,61,Non-Binary,Low,Tumor Lysis Syndrome,2.7,Oncology,U005,F01,2026-08-15 09:00:00,Transfer Approved
P04854,50,Male,Critical,Pneumonia,9.5,Med-Surg,U003,F01,2026-08-15 03:00:00,Admitted
P04855,62,Non-Binary,Critical,Pneumonia,12.3,Med-Surg,U003,F01,2026-08-29 05:00:00,Transfer Approved
P04856,11,Female,Low,Palliative Care,1.7,Oncology,U010,F02,2026-08-11 17:00:00,Admitted
P04857,7,Female,High,Tumor Lysis Syndrome,7.9,Oncology,U010,F02,2026-08-29 05:00:00,Pending Transfer
P04858,55,Female,Medium,Cellulitis,4.7,Med-Surg,U008,F02,2026-08-21 19:00:00,Admitted
P04859,59,Non-Binary,Medium,Congenital Heart Defect,5.4,Pediatrics,U009,F02,2026-08-09 10:00:00,Admitted
P04860,66,Female,Critical,Palliative Care,12.7,Oncology,U010,F02,2026-08-08 08:00:00,Admitted
P04861,1,Male,Medium,Septic Shock,4.5,ICU,U011,F03,2026-08-23 06:00:00,Admitted
P04862,54,Male,Medium,Multi-organ Dysfunction,5.4,ICU,U001,F01,2026-08-23 14:00:00,Admitted
P04863,43,Non-Binary,High,Chemotherapy Monitoring,8.5,Oncology,U005,F01,2026-08-09 12:00:00,Admitted
P04864,32,Non-Binary,Medium,Pediatric Asthma,3.7,Pediatrics,U014,F03,2026-08-27 16:00:00,Admitted
P04865,37,Female,Medium,Post-Cardiac Arrest,2.7,ICU,U001,F01,2026-08-26 21:00:00,Admitted
P04866,45,Female,Medium,Polytrauma,5.3,Med-Surg,U002,F01,2026-08-14 17:00:00,Admitted
P04867,52,Male,Medium,Acute Myocardial Infarction,4.9,Emergency,U007,F02,2026-08-29 01:00:00,Admitted
P04868,60,Male,Medium,Cellulitis,4.2,Med-Surg,U003,F01,2026-08-01 10:00:00,Admitted
P04869,30,Male,Low,Cellulitis,1.6,Med-Surg,U013,F03,2026-08-15 20:00:00,Discharged
P04870,39,Male,Low,Acute Myocardial Infarction,1.6,Emergency,U012,F03,2026-08-31 21:00:00,Admitted
P04871,23,Non-Binary,High,Cellulitis,5.7,Med-Surg,U003,F01,2026-08-21 05:00:00,Admitted
P04872,37,Female,Medium,Severe Abdominal Pain,5.2,Emergency,U012,F03,2026-08-07 02:00:00,Pending Transfer
P04873,14,Male,High,Polytrauma,6.1,Emergency,U002,F01,2026-08-16 17:00:00,Admitted
P04874,24,Non-Binary,Low,Severe Abdominal Pain,2.6,Emergency,U012,F03,2026-08-29 12:00:00,Admitted
P04875,54,Male,Low,Pneumonia,2.9,Med-Surg,U008,F02,2026-08-20 16:00:00,Admitted
P04876,43,Non-Binary,High,Congenital Heart Defect,6.6,Pediatrics,U004,F01,2026-08-11 22:00:00,Admitted
P04877,38,Male,Medium,Polytrauma,3.8,Emergency,U002,F01,2026-08-22 16:00:00,Admitted
P04878,23,Female,High,Diabetes Complications,5.7,Med-Surg,U003,F01,2026-08-22 16:00:00,Pending Transfer
P04879,91,Non-Binary,High,Severe Abdominal Pain,6.8,Med-Surg,U012,F03,2026-08-27 19:00:00,Transfer Approved
P04880,35,Female,High,Stroke,6.0,Emergency,U002,F01,2026-08-06 22:00:00,Admitted
P04881,69,Female,Medium,Cellulitis,5.3,Med-Surg,U013,F03,2026-08-02 07:00:00,Admitted
P04882,11,Non-Binary,Medium,Septic Shock,5.2,ICU,U001,F01,2026-08-20 17:00:00,Admitted
P04883,72,Female,High,Pediatric Asthma,7.9,Pediatrics,U014,F03,2026-08-06 06:00:00,Discharged
P04884,21,Male,Medium,Septic Shock,3.2,ICU,U006,F02,2026-08-17 13:00:00,Admitted
P04885,38,Male,Low,Congenital Heart Defect,3.4,Pediatrics,U014,F03,2026-08-18 12:00:00,Admitted
P04886,18,Female,Low,Dehydration,1.9,Pediatrics,U009,F02,2026-08-15 23:00:00,Pending Transfer
P04887,49,Male,Critical,Bronchiolitis,9.3,Pediatrics,U009,F02,2026-08-30 15:00:00,Pending Transfer
P04888,58,Non-Binary,Critical,Septic Shock,13.1,ICU,U001,F01,2026-08-03 23:00:00,Admitted
P04889,1,Female,Low,Septic Shock,2.8,ICU,U006,F02,2026-08-08 08:00:00,Admitted
P04890,82,Non-Binary,High,Pneumonia,7.9,Med-Surg,U003,F01,2026-08-31 20:00:00,Admitted
P04891,91,Female,Medium,Congenital Heart Defect,4.0,Pediatrics,U009,F02,2026-08-06 06:00:00,Admitted
P04892,84,Male,Low,Post-Cardiac Arrest,2.5,ICU,U001,F01,2026-08-02 01:00:00,Pending Transfer
P04893,33,Female,Medium,Febrile Neutropenia,4.2,Oncology,U010,F02,2026-08-19 15:00:00,Admitted
P04894,28,Male,Medium,Acute Myocardial Infarction,5.1,Emergency,U007,F02,2026-08-21 21:00:00,Discharged
P04895,17,Male,Low,Tumor Lysis Syndrome,3.1,Oncology,U005,F01,2026-08-30 00:00:00,Admitted
P04896,40,Non-Binary,High,Diabetes Complications,7.9,Emergency,U008,F02,2026-08-11 10:00:00,Discharged
P04897,44,Female,Low,Post-Cardiac Arrest,2.5,ICU,U001,F01,2026-08-23 21:00:00,Pending Transfer
P04898,29,Non-Binary,Medium,Severe Abdominal Pain,5.3,Emergency,U007,F02,2026-08-21 01:00:00,Admitted
P04899,38,Male,Medium,Pediatric Asthma,4.3,Pediatrics,U014,F03,2026-08-18 02:00:00,Admitted
P04900,47,Non-Binary,Low,Cellulitis,2.8,Med-Surg,U003,F01,2026-08-13 20:00:00,Admitted
P04901,59,Male,High,Palliative Care,8.0,Oncology,U005,F01,2026-08-11 12:00:00,Pending Transfer
P04902,78,Male,Medium,Pneumonia,5.4,Med-Surg,U003,F01,2026-08-22 08:00:00,Admitted
P04903,86,Female,Low,Severe Abdominal Pain,3.0,Emergency,U007,F02,2026-08-23 05:00:00,Discharged
P04904,80,Male,Critical,Septic Shock,10.1,ICU,U011,F03,2026-08-12 17:00:00,Admitted
P04905,60,Non-Binary,Critical,Congenital Heart Defect,8.7,Pediatrics,U004,F01,2026-08-14 05:00:00,Admitted
P04906,31,Non-Binary,Low,Multi-organ Dysfunction,3.4,ICU,U001,F01,2026-08-19 21:00:00,Admitted
P04907,36,Male,High,Congenital Heart Defect,6.3,Pediatrics,U004,F01,2026-08-01 20:00:00,Pending Transfer
P04908,72,Non-Binary,Critical,Tumor Lysis Syndrome,9.6,ICU,U015,F03,2026-08-08 07:00:00,Transfer Approved
P04909,74,Non-Binary,Critical,Post-Operative Recovery,12.3,Med-Surg,U003,F01,2026-08-31 16:00:00,Pending Transfer
P04910,64,Male,Medium,Palliative Care,3.8,Oncology,U015,F03,2026-08-12 13:00:00,Pending Transfer
P04911,71,Non-Binary,Low,Pediatric Asthma,2.1,Pediatrics,U009,F02,2026-08-25 02:00:00,Transfer Approved
P04912,5,Non-Binary,Critical,Post-Operative Recovery,13.7,Med-Surg,U013,F03,2026-08-07 06:00:00,Admitted
P04913,59,Female,Medium,Diabetes Complications,4.2,Med-Surg,U003,F01,2026-08-05 20:00:00,Admitted
P04914,84,Female,Medium,Palliative Care,3.8,Oncology,U015,F03,2026-08-03 10:00:00,Admitted
P04915,49,Female,High,Severe Abdominal Pain,7.5,Emergency,U012,F03,2026-08-23 18:00:00,Admitted
P04916,86,Female,High,Dehydration,8.4,Pediatrics,U009,F02,2026-08-11 19:00:00,Admitted
P04917,73,Female,High,Pneumonia,5.6,Med-Surg,U003,F01,2026-08-29 20:00:00,Admitted
P04918,31,Non-Binary,Critical,Palliative Care,9.2,Oncology,U010,F02,2026-08-03 14:00:00,Transfer Approved
P04919,15,Female,High,Stroke,8.1,Emergency,U012,F03,2026-08-10 02:00:00,Admitted
P04920,72,Male,Medium,Multi-organ Dysfunction,5.4,ICU,U001,F01,2026-08-05 23:00:00,Admitted
P04921,85,Female,Medium,Diabetes Complications,5.1,Pediatrics,U013,F03,2026-08-29 21:00:00,Admitted
P04922,68,Non-Binary,High,Bronchiolitis,7.8,Med-Surg,U014,F03,2026-08-04 02:00:00,Pending Transfer
P04923,79,Non-Binary,Medium,Acute Myocardial Infarction,3.7,Emergency,U002,F01,2026-08-12 15:00:00,Discharged
P04924,38,Non-Binary,High,Pneumonia,6.5,Emergency,U003,F01,2026-08-02 21:00:00,Admitted
P04925,18,Female,Low,Palliative Care,3.0,Oncology,U015,F03,2026-08-15 06:00:00,Admitted
P04926,4,Non-Binary,High,Acute Myocardial Infarction,6.4,Med-Surg,U012,F03,2026-08-22 07:00:00,Admitted
P04927,23,Non-Binary,Low,Acute Respiratory Distress,3.1,ICU,U006,F02,2026-08-10 09:00:00,Pending Transfer
P04928,2,Non-Binary,Low,Diabetes Complications,2.7,Med-Surg,U013,F03,2026-08-14 07:00:00,Admitted
P04929,38,Non-Binary,Medium,Chemotherapy Monitoring,2.7,ICU,U005,F01,2026-08-27 17:00:00,Pending Transfer
P04930,5,Female,Medium,Diabetes Complications,4.2,Med-Surg,U003,F01,2026-08-19 18:00:00,Admitted
P04931,8,Non-Binary,Critical,Polytrauma,10.1,Emergency,U012,F03,2026-08-20 08:00:00,Admitted
P04932,12,Male,Critical,Acute Myocardial Infarction,13.5,Emergency,U002,F01,2026-08-14 00:00:00,Admitted
P04933,12,Non-Binary,Critical,Acute Respiratory Distress,13.8,ICU,U006,F02,2026-08-07 09:00:00,Pending Transfer
P04934,30,Female,High,Dehydration,6.9,Pediatrics,U014,F03,2026-08-20 21:00:00,Admitted
P04935,80,Female,Medium,Acute Myocardial Infarction,5.3,Emergency,U012,F03,2026-08-14 02:00:00,Transfer Approved
P04936,24,Female,Medium,Septic Shock,4.1,ICU,U006,F02,2026-08-25 03:00:00,Transfer Approved
P04937,20,Male,Low,Bronchiolitis,2.7,Pediatrics,U009,F02,2026-08-23 06:00:00,Transfer Approved
P04938,65,Male,Low,Bronchiolitis,1.6,Pediatrics,U009,F02,2026-08-28 09:00:00,Pending Transfer
P04939,72,Male,High,Febrile Neutropenia,7.4,Oncology,U010,F02,2026-08-02 17:00:00,Admitted
P04940,70,Non-Binary,Low,Polytrauma,2.7,Emergency,U002,F01,2026-08-10 11:00:00,Admitted
P04941,21,Male,High,Post-Operative Recovery,8.0,Med-Surg,U003,F01,2026-08-19 18:00:00,Admitted
P04942,5,Non-Binary,High,Febrile Neutropenia,5.7,Oncology,U005,F01,2026-08-11 12:00:00,Admitted
P04943,72,Non-Binary,Medium,Febrile Neutropenia,3.7,Oncology,U015,F03,2026-08-08 13:00:00,Admitted
P04944,81,Female,Low,Congenital Heart Defect,1.6,Pediatrics,U009,F02,2026-08-30 22:00:00,Admitted
P04945,90,Male,Low,Palliative Care,1.7,Oncology,U005,F01,2026-08-07 22:00:00,Admitted
P04946,71,Non-Binary,Medium,Chemotherapy Monitoring,2.7,Oncology,U015,F03,2026-08-26 15:00:00,Admitted
P04947,38,Male,Low,Pneumonia,3.1,Emergency,U013,F03,2026-08-24 06:00:00,Pending Transfer
P04948,21,Male,Medium,Diabetes Complications,4.0,Med-Surg,U013,F03,2026-08-19 11:00:00,Admitted
P04949,56,Male,High,Palliative Care,5.7,Oncology,U015,F03,2026-08-16 12:00:00,Discharged
P04950,45,Male,Low,Palliative Care,2.5,Oncology,U015,F03,2026-08-05 11:00:00,Admitted
P04951,91,Non-Binary,Medium,Severe Abdominal Pain,3.8,Pediatrics,U012,F03,2026-08-25 23:00:00,Admitted
P04952,27,Male,High,Severe Abdominal Pain,5.6,Emergency,U002,F01,2026-08-16 20:00:00,Admitted
P04953,65,Non-Binary,Medium,Pediatric Asthma,3.7,Pediatrics,U009,F02,2026-08-22 23:00:00,Admitted
P04954,8,Female,High,Palliative Care,8.4,Oncology,U005,F01,2026-08-31 06:00:00,Transfer Approved
P04955,74,Non-Binary,Low,Congenital Heart Defect,3.2,Pediatrics,U004,F01,2026-08-14 12:00:00,Pending Transfer
P04956,60,Male,Critical,Polytrauma,10.4,Emergency,U002,F01,2026-08-13 19:00:00,Admitted
P04957,51,Female,Low,Acute Myocardial Infarction,3.2,Emergency,U002,F01,2026-08-25 07:00:00,Transfer Approved
P04958,28,Non-Binary,Low,Severe Abdominal Pain,1.6,Emergency,U002,F01,2026-08-24 21:00:00,Pending Transfer
P04959,41,Non-Binary,Low,Chemotherapy Monitoring,3.1,Oncology,U010,F02,2026-08-28 02:00:00,Admitted
P04960,36,Non-Binary,Low,Chemotherapy Monitoring,2.6,Oncology,U015,F03,2026-08-06 06:00:00,Discharged
P04961,39,Male,Medium,Chemotherapy Monitoring,5.1,Oncology,U015,F03,2026-08-29 17:00:00,Transfer Approved
P04962,63,Female,Medium,Dehydration,5.3,Pediatrics,U009,F02,2026-08-17 17:00:00,Admitted
P04963,25,Non-Binary,Low,Bronchiolitis,2.0,Pediatrics,U004,F01,2026-08-24 00:00:00,Admitted
P04964,74,Female,Low,Febrile Neutropenia,1.8,Oncology,U015,F03,2026-08-11 17:00:00,Admitted
P04965,89,Male,Medium,Stroke,4.6,Emergency,U002,F01,2026-08-09 11:00:00,Pending Transfer
P04966,41,Male,High,Septic Shock,7.4,ICU,U011,F03,2026-08-19 13:00:00,Pending Transfer
P04967,4,Male,High,Pneumonia,7.1,Med-Surg,U003,F01,2026-08-25 07:00:00,Transfer Approved
P04968,55,Female,Medium,Acute Myocardial Infarction,4.6,Emergency,U002,F01,2026-08-13 18:00:00,Transfer Approved
P04969,82,Male,Medium,Diabetes Complications,5.4,Med-Surg,U008,F02,2026-08-02 08:00:00,Admitted
P04970,89,Male,Low,Post-Cardiac Arrest,2.0,ICU,U006,F02,2026-08-10 13:00:00,Admitted
P04971,54,Female,Low,Palliative Care,3.0,Oncology,U015,F03,2026-08-09 03:00:00,Admitted
P04972,51,Male,Low,Cellulitis,3.0,Med-Surg,U008,F02,2026-08-13 07:00:00,Admitted
P04973,14,Female,Low,Stroke,2.2,Emergency,U007,F02,2026-08-15 15:00:00,Discharged
P04974,52,Male,High,Pediatric Asthma,6.3,Pediatrics,U004,F01,2026-08-01 16:00:00,Admitted
P04975,14,Male,Medium,Stroke,4.0,Pediatrics,U002,F01,2026-08-06 17:00:00,Admitted
P04976,15,Non-Binary,Low,Pneumonia,2.9,Med-Surg,U013,F03,2026-08-29 02:00:00,Admitted
P04977,10,Female,Medium,Congenital Heart Defect,3.7,Pediatrics,U004,F01,2026-08-30 00:00:00,Admitted
P04978,26,Female,Medium,Pediatric Asthma,3.7,Pediatrics,U009,F02,2026-08-13 23:00:00,Admitted
P04979,3,Female,Critical,Dehydration,10.4,Pediatrics,U004,F01,2026-08-13 11:00:00,Admitted
P04980,34,Male,Low,Severe Abdominal Pain,2.5,Emergency,U012,F03,2026-08-17 08:00:00,Admitted
P04981,30,Female,Critical,Congenital Heart Defect,9.0,Pediatrics,U004,F01,2026-08-01 06:00:00,Admitted
P04982,38,Non-Binary,Low,Stroke,2.8,Emergency,U012,F03,2026-08-11 18:00:00,Transfer Approved
P04983,46,Non-Binary,Low,Post-Cardiac Arrest,3.1,Emergency,U006,F02,2026-08-01 02:00:00,Discharged
P04984,12,Non-Binary,Low,Severe Abdominal Pain,2.8,Emergency,U002,F01,2026-08-16 04:00:00,Pending Transfer
P04985,29,Non-Binary,Low,Palliative Care,3.1,Oncology,U015,F03,2026-08-09 21:00:00,Pending Transfer
P04986,17,Non-Binary,Medium,Acute Respiratory Distress,4.8,ICU,U001,F01,2026-08-25 14:00:00,Admitted
P04987,27,Female,Medium,Acute Myocardial Infarction,11.4,Emergency,U012,F03,2026-08-28 01:00:00,Admitted
P04988,75,Female,Critical,Palliative Care,8.6,Oncology,U010,F02,2026-08-07 08:00:00,Admitted
P04989,4,Non-Binary,Medium,Pediatric Asthma,4.3,Pediatrics,U004,F01,2026-08-12 01:00:00,Pending Transfer
P04990,70,Male,Low,Acute Respiratory Distress,1.9,ICU,U011,F03,2026-08-26 08:00:00,Admitted
P04991,3,Male,Medium,Stroke,5.1,Emergency,U007,F02,2026-08-18 08:00:00,Admitted
P04992,25,Non-Binary,Medium,Post-Cardiac Arrest,5.1,Pediatrics,U011,F03,2026-08-06 15:00:00,Admitted
P04993,74,Female,High,Pneumonia,8.1,Med-Surg,U003,F01,2026-08-26 05:00:00,Transfer Approved
P04994,77,Female,High,Dehydration,6.4,Pediatrics,U009,F02,2026-08-14 18:00:00,Discharged
P04995,43,Female,Low,Acute Myocardial Infarction,3.2,Emergency,U002,F01,2026-08-25 22:00:00,Admitted
P04996,61,Non-Binary,High,Stroke,8.0,Emergency,U012,F03,2026-08-11 05:00:00,Admitted
P04997,65,Male,Low,Polytrauma,1.7,Emergency,U007,F02,2026-08-24 22:00:00,Admitted
P04998,9,Non-Binary,High,Palliative Care,6.1,Oncology,U005,F01,2026-08-19 21:00:00,Admitted
P04999,37,Non-Binary,Medium,Multi-organ Dysfunction,4.7,ICU,U006,F02,2026-08-22 03:00:00,Admitted
P05000,53,Non-Binary,Low,Septic Shock,2.6,ICU,U001,F01,2026-08-14 08:00:00,Admitted
P05001,66,Non-Binary,Medium,Severe Abdominal Pain,4.9,Emergency,U007,F02,2026-08-22 01:00:00,Admitted
P05002,7,Male,Medium,Congenital Heart Defect,3.5,Pediatrics,U009,F02,2026-08-31 03:00:00,Admitted
P05003,17,Non-Binary,Low,Dehydration,2.8,Pediatrics,U004,F01,2026-08-13 02:00:00,Admitted
P05004,31,Male,Critical,Dehydration,13.3,Pediatrics,U009,F02,2026-08-31 18:00:00,Discharged
P05005,39,Non-Binary,Medium,Multi-organ Dysfunction,3.7,ICU,U011,F03,2026-08-10 05:00:00,Admitted
P05006,81,Non-Binary,Critical,Febrile Neutropenia,10.2,Oncology,U015,F03,2026-08-05 17:00:00,Admitted
P05007,26,Non-Binary,Low,Diabetes Complications,2.5,Med-Surg,U003,F01,2026-08-26 15:00:00,Admitted
P05008,92,Female,Low,Post-Cardiac Arrest,2.8,ICU,U001,F01,2026-08-18 03:00:00,Admitted
P05009,85,Male,Medium,Chemotherapy Monitoring,5.3,Oncology,U005,F01,2026-08-11 12:00:00,Pending Transfer
P05010,36,Non-Binary,Low,Cellulitis,3.4,Med-Surg,U008,F02,2026-08-27 02:00:00,Admitted
P05011,44,Non-Binary,High,Diabetes Complications,8.2,Med-Surg,U008,F02,2026-08-03 16:00:00,Admitted
P05012,60,Male,Medium,Stroke,3.6,Emergency,U012,F03,2026-08-01 15:00:00,Admitted
P05013,74,Male,Medium,Acute Respiratory Distress,5.5,ICU,U011,F03,2026-08-10 12:00:00,Transfer Approved
P05014,33,Female,High,Congenital Heart Defect,7.6,ICU,U009,F02,2026-08-19 16:00:00,Admitted
P05015,31,Male,Critical,Palliative Care,10.5,Oncology,U005,F01,2026-08-24 09:00:00,Admitted
P05016,63,Male,Medium,Stroke,5.4,Emergency,U012,F03,2026-08-16 23:00:00,Admitted
P05017,86,Female,Low,Stroke,2.6,Emergency,U012,F03,2026-08-24 15:00:00,Transfer Approved
P05018,59,Male,High,Acute Respiratory Distress,6.9,ICU,U011,F03,2026-08-04 20:00:00,Admitted
P05019,19,Female,Critical,Febrile Neutropenia,9.4,Oncology,U005,F01,2026-08-06 02:00:00,Transfer Approved
P05020,84,Non-Binary,High,Post-Operative Recovery,7.2,Med-Surg,U003,F01,2026-08-06 12:00:00,Admitted
P05021,62,Non-Binary,Medium,Chemotherapy Monitoring,4.7,Oncology,U005,F01,2026-08-14 23:00:00,Transfer Approved
P05022,3,Male,Low,Post-Cardiac Arrest,2.2,ICU,U006,F02,2026-08-07 17:00:00,Admitted
P05023,28,Non-Binary,Medium,Tumor Lysis Syndrome,4.4,Oncology,U015,F03,2026-08-13 21:00:00,Admitted
P05024,68,Male,Low,Chemotherapy Monitoring,3.0,ICU,U010,F02,2026-08-07 21:00:00,Admitted
P05025,61,Male,High,Post-Operative Recovery,6.8,Med-Surg,U008,F02,2026-08-16 16:00:00,Admitted
P05026,8,Non-Binary,High,Post-Cardiac Arrest,8.3,ICU,U001,F01,2026-08-14 18:00:00,Pending Transfer
P05027,29,Male,Medium,Polytrauma,4.5,Emergency,U002,F01,2026-08-25 22:00:00,Pending Transfer
P05028,5,Non-Binary,Medium,Acute Myocardial Infarction,4.5,Emergency,U007,F02,2026-08-05 21:00:00,Admitted
P05029,89,Non-Binary,Low,Severe Abdominal Pain,2.5,Emergency,U012,F03,2026-08-15 13:00:00,Admitted
P05030,88,Male,High,Congenital Heart Defect,6.5,Pediatrics,U009,F02,2026-08-26 09:00:00,Admitted
P05031,87,Female,Low,Stroke,2.5,Emergency,U002,F01,2026-08-14 15:00:00,Transfer Approved
P05032,51,Female,Critical,Tumor Lysis Syndrome,9.0,Oncology,U010,F02,2026-08-06 16:00:00,Transfer Approved
P05033,14,Female,Medium,Multi-organ Dysfunction,4.5,ICU,U006,F02,2026-08-01 01:00:00,Admitted
P05034,25,Female,Medium,Multi-organ Dysfunction,5.0,ICU,U006,F02,2026-08-02 05:00:00,Admitted
P05035,56,Male,High,Post-Cardiac Arrest,7.3,ICU,U011,F03,2026-08-02 06:00:00,Transfer Approved
P05036,17,Non-Binary,Low,Cellulitis,2.8,Med-Surg,U008,F02,2026-08-12 05:00:00,Admitted
P05037,48,Female,Low,Acute Myocardial Infarction,2.0,Emergency,U002,F01,2026-08-23 01:00:00,Admitted
P05038,60,Female,Critical,Polytrauma,12.5,Emergency,U002,F01,2026-08-03 13:00:00,Admitted
P05039,66,Female,Medium,Bronchiolitis,4.8,Pediatrics,U009,F02,2026-08-13 23:00:00,Admitted
P05040,62,Female,Medium,Chemotherapy Monitoring,3.8,Oncology,U010,F02,2026-08-07 15:00:00,Admitted
P05041,82,Non-Binary,Medium,Pediatric Asthma,1.6,Pediatrics,U014,F03,2026-08-27 06:00:00,Pending Transfer
P05042,52,Non-Binary,High,Palliative Care,7.3,Oncology,U015,F03,2026-08-05 15:00:00,Admitted
P05043,56,Male,Low,Diabetes Complications,3.5,Med-Surg,U003,F01,2026-08-18 11:00:00,Admitted
P05044,90,Female,Low,Acute Myocardial Infarction,3.0,Emergency,U007,F02,2026-08-08 14:00:00,Admitted
P05045,18,Male,Medium,Post-Cardiac Arrest,12.2,ICU,U001,F01,2026-08-25 18:00:00,Admitted
P05046,27,Male,Medium,Post-Operative Recovery,4.0,Med-Surg,U003,F01,2026-08-16 23:00:00,Transfer Approved
P05047,90,Non-Binary,Low,Chemotherapy Monitoring,1.5,Oncology,U015,F03,2026-08-10 04:00:00,Admitted
P05048,84,Male,Low,Tumor Lysis Syndrome,3.4,Pediatrics,U015,F03,2026-08-01 08:00:00,Pending Transfer
P05049,26,Male,Low,Diabetes Complications,3.3,Med-Surg,U003,F01,2026-08-04 20:00:00,Admitted
P05050,81,Non-Binary,Low,Acute Myocardial Infarction,2.6,Emergency,U012,F03,2026-08-21 02:00:00,Discharged
P05051,17,Female,Medium,Cellulitis,5.3,Med-Surg,U008,F02,2026-08-01 08:00:00,Transfer Approved
P05052,60,Male,Low,Severe Abdominal Pain,1.7,Emergency,U007,F02,2026-08-23 20:00:00,Admitted
P05053,81,Female,Medium,Post-Operative Recovery,4.5,Med-Surg,U013,F03,2026-08-22 12:00:00,Admitted
P05054,70,Male,High,Cellulitis,6.4,Med-Surg,U008,F02,2026-08-12 09:00:00,Discharged
P05055,39,Non-Binary,Medium,Bronchiolitis,3.7,Pediatrics,U004,F01,2026-08-23 17:00:00,Pending Transfer
P05056,29,Female,Medium,Acute Myocardial Infarction,4.4,Emergency,U012,F03,2026-08-23 04:00:00,Admitted
P05057,81,Female,High,Septic Shock,7.4,ICU,U011,F03,2026-08-20 13:00:00,Admitted
P05058,67,Non-Binary,Low,Multi-organ Dysfunction,2.7,ICU,U011,F03,2026-08-31 04:00:00,Admitted
P05059,68,Non-Binary,High,Diabetes Complications,7.4,Med-Surg,U013,F03,2026-08-08 19:00:00,Admitted
P05060,59,Non-Binary,Medium,Palliative Care,8.2,Oncology,U015,F03,2026-08-17 06:00:00,Admitted
P05061,87,Male,Medium,Post-Operative Recovery,4.9,Emergency,U008,F02,2026-08-04 19:00:00,Transfer Approved
P05062,66,Female,High,Post-Cardiac Arrest,8.4,ICU,U006,F02,2026-08-25 02:00:00,Admitted
P05063,88,Non-Binary,Critical,Polytrauma,9.2,Pediatrics,U002,F01,2026-08-14 23:00:00,Admitted
P05064,84,Non-Binary,Low,Cellulitis,2.8,Med-Surg,U003,F01,2026-08-13 20:00:00,Admitted
P05065,59,Male,Medium,Dehydration,4.5,Pediatrics,U009,F02,2026-08-28 09:00:00,Admitted
P05066,73,Non-Binary,High,Cellulitis,7.0,Med-Surg,U008,F02,2026-08-12 23:00:00,Discharged
P05067,79,Male,Medium,Chemotherapy Monitoring,4.0,Oncology,U010,F02,2026-08-10 04:00:00,Transfer Approved
P05068,61,Female,Low,Acute Myocardial Infarction,1.8,Emergency,U002,F01,2026-08-19 12:00:00,Admitted
P05069,31,Non-Binary,Medium,Palliative Care,4.1,Oncology,U010,F02,2026-08-14 07:00:00,Admitted
P05070,77,Non-Binary,Medium,Multi-organ Dysfunction,4.7,ICU,U001,F01,2026-08-10 00:00:00,Pending Transfer
P05071,26,Non-Binary,Medium,Pneumonia,4.1,Med-Surg,U008,F02,2026-08-14 11:00:00,Admitted
P05072,56,Non-Binary,Medium,Tumor Lysis Syndrome,3.9,Oncology,U010,F02,2026-08-17 15:00:00,Pending Transfer
P05073,28,Male,High,Polytrauma,5.9,Emergency,U012,F03,2026-08-01 21:00:00,Admitted
P05074,19,Non-Binary,High,Cellulitis,8.3,Med-Surg,U013,F03,2026-08-13 07:00:00,Pending Transfer
P05075,88,Non-Binary,Medium,Febrile Neutropenia,4.2,Oncology,U015,F03,2026-08-26 14:00:00,Transfer Approved
P05076,27,Non-Binary,Low,Bronchiolitis,1.8,Pediatrics,U009,F02,2026-08-10 16:00:00,Admitted
P05077,58,Female,Medium,Bronchiolitis,4.7,Pediatrics,U014,F03,2026-08-01 03:00:00,Admitted
P05078,75,Male,Low,Acute Respiratory Distress,2.7,ICU,U011,F03,2026-08-17 13:00:00,Admitted
P05079,51,Non-Binary,Critical,Acute Respiratory Distress,12.6,ICU,U001,F01,2026-08-28 23:00:00,Transfer Approved
P05080,20,Female,Critical,Pneumonia,10.2,Med-Surg,U003,F01,2026-08-25 17:00:00,Admitted
P05081,74,Non-Binary,Low,Acute Myocardial Infarction,2.8,Emergency,U012,F03,2026-08-20 11:00:00,Admitted
P05082,81,Female,High,Pediatric Asthma,7.0,Pediatrics,U009,F02,2026-08-02 19:00:00,Transfer Approved
P05083,86,Male,Medium,Febrile Neutropenia,7.0,Oncology,U015,F03,2026-08-10 22:00:00,Pending Transfer
P05084,85,Non-Binary,Low,Stroke,2.8,Emergency,U002,F01,2026-08-01 09:00:00,Pending Transfer
P05085,45,Female,Medium,Acute Myocardial Infarction,4.9,Emergency,U002,F01,2026-08-31 18:00:00,Admitted
P05086,39,Female,Critical,Congenital Heart Defect,12.9,Pediatrics,U004,F01,2026-08-31 07:00:00,Admitted
P05087,70,Female,Low,Post-Operative Recovery,3.0,Med-Surg,U013,F03,2026-08-31 22:00:00,Admitted
P05088,42,Male,Medium,Chemotherapy Monitoring,4.8,Oncology,U005,F01,2026-08-12 02:00:00,Pending Transfer
P05089,71,Male,Medium,Congenital Heart Defect,4.6,Pediatrics,U004,F01,2026-08-24 14:00:00,Admitted
P05090,57,Male,Medium,Bronchiolitis,5.5,Pediatrics,U014,F03,2026-08-27 08:00:00,Pending Transfer
P05091,46,Male,Medium,Congenital Heart Defect,4.5,Pediatrics,U014,F03,2026-08-17 01:00:00,Admitted
P05092,51,Male,High,Multi-organ Dysfunction,5.7,ICU,U006,F02,2026-08-17 18:00:00,Admitted
P05093,83,Non-Binary,Low,Congenital Heart Defect,2.1,Pediatrics,U014,F03,2026-08-31 20:00:00,Discharged
P05094,22,Female,Low,Septic Shock,2.1,ICU,U011,F03,2026-08-12 08:00:00,Admitted
P05095,68,Female,Medium,Pneumonia,3.9,Med-Surg,U008,F02,2026-08-27 03:00:00,Admitted
P05096,88,Female,High,Palliative Care,5.6,Oncology,U010,F02,2026-08-15 02:00:00,Admitted
P05097,1,Non-Binary,Medium,Pediatric Asthma,3.9,Pediatrics,U004,F01,2026-08-14 19:00:00,Admitted
P05098,38,Female,Low,Palliative Care,1.5,Oncology,U010,F02,2026-08-26 01:00:00,Admitted
P05099,28,Female,High,Congenital Heart Defect,6.3,Pediatrics,U009,F02,2026-08-14 23:00:00,Pending Transfer
P05100,75,Male,Low,Chemotherapy Monitoring,2.4,Oncology,U010,F02,2026-08-04 10:00:00,Admitted
P05101,6,Male,Low,Post-Cardiac Arrest,2.9,ICU,U001,F01,2026-08-18 13:00:00,Pending Transfer
P05102,91,Non-Binary,Low,Chemotherapy Monitoring,2.8,Oncology,U005,F01,2026-08-02 01:00:00,Transfer Approved
P05103,39,Male,Medium,Multi-organ Dysfunction,4.5,ICU,U001,F01,2026-08-07 11:00:00,Admitted
P05104,17,Non-Binary,Low,Cellulitis,2.9,Med-Surg,U013,F03,2026-08-01 03:00:00,Admitted
P05105,29,Non-Binary,Medium,Dehydration,4.1,ICU,U004,F01,2026-08-06 18:00:00,Admitted
P05106,44,Female,Medium,Diabetes Complications,5.1,ICU,U008,F02,2026-08-03 05:00:00,Admitted
P05107,38,Female,Medium,Palliative Care,3.7,Oncology,U010,F02,2026-08-30 11:00:00,Pending Transfer
P05108,72,Male,Medium,Palliative Care,5.0,Oncology,U005,F01,2026-08-03 19:00:00,Admitted
P05109,38,Non-Binary,Low,Pediatric Asthma,1.9,Pediatrics,U014,F03,2026-08-26 23:00:00,Transfer Approved
P05110,48,Male,Medium,Stroke,2.2,Emergency,U012,F03,2026-08-22 23:00:00,Admitted
P05111,76,Male,Medium,Congenital Heart Defect,4.6,Pediatrics,U004,F01,2026-08-26 21:00:00,Admitted
P05112,64,Male,Medium,Post-Cardiac Arrest,3.5,Med-Surg,U001,F01,2026-08-20 04:00:00,Admitted
P05113,77,Male,Low,Bronchiolitis,3.0,Pediatrics,U014,F03,2026-08-28 17:00:00,Admitted
P05114,92,Female,Low,Pediatric Asthma,2.5,Pediatrics,U004,F01,2026-08-04 19:00:00,Admitted
P05115,55,Male,Medium,Diabetes Complications,5.4,Med-Surg,U008,F02,2026-08-27 04:00:00,Admitted
P05116,10,Male,Low,Tumor Lysis Syndrome,2.7,Oncology,U015,F03,2026-08-05 01:00:00,Admitted
P05117,73,Female,High,Polytrauma,7.5,Emergency,U007,F02,2026-08-27 06:00:00,Admitted
P05118,62,Non-Binary,High,Chemotherapy Monitoring,8.3,Oncology,U015,F03,2026-08-12 16:00:00,Transfer Approved
P05119,72,Female,Low,Palliative Care,1.8,Oncology,U010,F02,2026-08-18 00:00:00,Admitted
P05120,50,Female,High,Acute Respiratory Distress,5.7,ICU,U001,F01,2026-08-31 05:00:00,Admitted
P05121,54,Non-Binary,High,Septic Shock,7.7,ICU,U001,F01,2026-08-30 01:00:00,Admitted
P05122,50,Non-Binary,Medium,Multi-organ Dysfunction,5.4,ICU,U001,F01,2026-08-16 21:00:00,Admitted
P05123,12,Male,Medium,Chemotherapy Monitoring,3.7,Oncology,U010,F02,2026-08-27 20:00:00,Admitted
P05124,9,Non-Binary,Low,Post-Operative Recovery,3.3,Med-Surg,U008,F02,2026-08-05 21:00:00,Admitted
P05125,91,Non-Binary,High,Septic Shock,8.1,ICU,U001,F01,2026-08-20 07:00:00,Admitted
P05126,26,Male,Medium,Septic Shock,4.1,ICU,U001,F01,2026-08-24 16:00:00,Admitted
P05127,64,Non-Binary,High,Septic Shock,5.7,ICU,U006,F02,2026-08-08 03:00:00,Admitted
P05128,37,Non-Binary,High,Tumor Lysis Syndrome,7.3,Oncology,U005,F01,2026-08-23 16:00:00,Admitted
P05129,90,Non-Binary,Low,Polytrauma,3.2,Emergency,U002,F01,2026-08-23 12:00:00,Pending Transfer
P05130,82,Male,Low,Cellulitis,3.2,Med-Surg,U013,F03,2026-08-12 00:00:00,Admitted
P05131,45,Male,Critical,Acute Respiratory Distress,8.9,ICU,U011,F03,2026-08-27 06:00:00,Admitted
P05132,55,Male,Medium,Pediatric Asthma,2.3,Pediatrics,U014,F03,2026-08-04 22:00:00,Admitted
P05133,72,Male,Medium,Pneumonia,4.0,Med-Surg,U013,F03,2026-08-14 01:00:00,Admitted
P05134,70,Non-Binary,Low,Post-Operative Recovery,2.9,Med-Surg,U003,F01,2026-08-04 08:00:00,Transfer Approved
P05135,5,Non-Binary,Low,Acute Myocardial Infarction,2.0,Emergency,U007,F02,2026-08-09 08:00:00,Admitted
P05136,73,Female,Low,Chemotherapy Monitoring,3.1,Med-Surg,U015,F03,2026-08-27 16:00:00,Admitted
P05137,5,Female,Low,Bronchiolitis,2.9,Pediatrics,U009,F02,2026-08-11 12:00:00,Transfer Approved
P05138,56,Non-Binary,Low,Febrile Neutropenia,2.9,Oncology,U015,F03,2026-08-30 11:00:00,Admitted
P05139,74,Non-Binary,Low,Post-Operative Recovery,2.5,Med-Surg,U013,F03,2026-08-09 02:00:00,Admitted
P05140,40,Male,Medium,Post-Operative Recovery,4.1,Med-Surg,U003,F01,2026-08-30 20:00:00,Transfer Approved
P05141,57,Female,Low,Febrile Neutropenia,2.1,Oncology,U005,F01,2026-08-25 20:00:00,Discharged
P05142,69,Female,Medium,Palliative Care,2.3,Oncology,U015,F03,2026-08-03 19:00:00,Pending Transfer
P05143,45,Male,Low,Post-Operative Recovery,1.7,Med-Surg,U008,F02,2026-08-31 09:00:00,Admitted
P05144,64,Male,Medium,Palliative Care,3.7,Oncology,U005,F01,2026-08-22 22:00:00,Admitted
P05145,49,Non-Binary,Medium,Stroke,4.7,Pediatrics,U012,F03,2026-08-05 19:00:00,Admitted
P05146,58,Female,Low,Polytrauma,1.7,Emergency,U007,F02,2026-08-05 23:00:00,Transfer Approved
P05147,70,Female,High,Post-Cardiac Arrest,5.5,ICU,U011,F03,2026-08-20 16:00:00,Pending Transfer
P05148,17,Female,Low,Cellulitis,3.3,Med-Surg,U008,F02,2026-08-21 21:00:00,Admitted
P05149,53,Female,Medium,Chemotherapy Monitoring,3.7,Oncology,U015,F03,2026-08-06 15:00:00,Pending Transfer
P05150,63,Non-Binary,Medium,Multi-organ Dysfunction,3.6,Med-Surg,U006,F02,2026-08-27 15:00:00,Admitted
P05151,17,Male,Low,Chemotherapy Monitoring,2.9,Oncology,U015,F03,2026-08-05 08:00:00,Admitted
P05152,23,Male,Medium,Multi-organ Dysfunction,3.8,ICU,U011,F03,2026-08-13 01:00:00,Admitted
P05153,1,Non-Binary,High,Tumor Lysis Syndrome,7.7,Oncology,U015,F03,2026-08-20 09:00:00,Transfer Approved
P05154,77,Female,Low,Post-Operative Recovery,2.4,Med-Surg,U013,F03,2026-08-31 01:00:00,Admitted
P05155,44,Male,Low,Acute Respiratory Distress,2.8,ICU,U001,F01,2026-08-29 07:00:00,Transfer Approved
P05156,43,Male,Low,Post-Operative Recovery,1.9,Med-Surg,U013,F03,2026-08-09 11:00:00,Pending Transfer
P05157,53,Male,High,Multi-organ Dysfunction,7.3,ICU,U011,F03,2026-08-08 09:00:00,Admitted
P05158,85,Male,Medium,Acute Myocardial Infarction,3.8,Emergency,U007,F02,2026-08-23 03:00:00,Discharged
P05159,1,Non-Binary,Medium,Post-Operative Recovery,5.3,Med-Surg,U008,F02,2026-08-19 08:00:00,Admitted
P05160,34,Non-Binary,Low,Bronchiolitis,3.0,Pediatrics,U014,F03,2026-08-09 22:00:00,Admitted
P05161,83,Male,Low,Pneumonia,3.2,Med-Surg,U013,F03,2026-08-18 15:00:00,Transfer Approved
P05162,66,Male,Medium,Pneumonia,4.9,Med-Surg,U013,F03,2026-08-07 21:00:00,Transfer Approved
P05163,82,Female,Low,Severe Abdominal Pain,2.7,Emergency,U012,F03,2026-08-23 09:00:00,Admitted
P05164,6,Male,Low,Acute Respiratory Distress,3.4,ICU,U011,F03,2026-08-17 04:00:00,Admitted
P05165,30,Male,Low,Diabetes Complications,2.5,Med-Surg,U008,F02,2026-08-28 21:00:00,Admitted
P05166,67,Male,Medium,Chemotherapy Monitoring,4.8,Oncology,U005,F01,2026-08-26 21:00:00,Admitted
P05167,73,Female,High,Acute Myocardial Infarction,8.1,Emergency,U007,F02,2026-08-14 11:00:00,Pending Transfer
P05168,60,Non-Binary,Medium,Congenital Heart Defect,5.1,Pediatrics,U004,F01,2026-08-12 16:00:00,Transfer Approved
P05169,61,Female,High,Multi-organ Dysfunction,7.8,ICU,U006,F02,2026-08-28 04:00:00,Pending Transfer
P05170,54,Male,High,Multi-organ Dysfunction,7.0,ICU,U011,F03,2026-08-05 06:00:00,Transfer Approved
P05171,64,Non-Binary,Critical,Febrile Neutropenia,10.2,Oncology,U010,F02,2026-08-06 04:00:00,Admitted
P05172,82,Female,Critical,Diabetes Complications,10.3,Pediatrics,U013,F03,2026-08-17 21:00:00,Pending Transfer
P05173,72,Male,Medium,Pediatric Asthma,4.2,Pediatrics,U009,F02,2026-08-09 10:00:00,Admitted
P05174,47,Male,Low,Acute Myocardial Infarction,2.5,Emergency,U012,F03,2026-08-01 08:00:00,Admitted
P05175,57,Female,Low,Post-Cardiac Arrest,2.4,ICU,U011,F03,2026-08-23 01:00:00,Admitted
P05176,69,Male,Critical,Congenital Heart Defect,10.1,Pediatrics,U014,F03,2026-08-27 16:00:00,Admitted
P05177,58,Male,Medium,Bronchiolitis,3.6,Pediatrics,U004,F01,2026-08-07 02:00:00,Admitted
P05178,88,Male,Medium,Severe Abdominal Pain,4.6,Emergency,U002,F01,2026-08-04 11:00:00,Admitted
P05179,91,Male,High,Severe Abdominal Pain,5.9,Emergency,U007,F02,2026-08-02 15:00:00,Discharged
P05180,38,Non-Binary,Low,Chemotherapy Monitoring,2.0,Oncology,U005,F01,2026-08-08 00:00:00,Admitted
P05181,82,Male,Medium,Post-Operative Recovery,5.1,Med-Surg,U003,F01,2026-08-12 04:00:00,Admitted
P05182,76,Non-Binary,Medium,Post-Cardiac Arrest,5.4,ICU,U011,F03,2026-08-15 09:00:00,Transfer Approved
P05183,35,Male,High,Diabetes Complications,5.7,Med-Surg,U008,F02,2026-08-28 15:00:00,Discharged
P05184,13,Male,High,Multi-organ Dysfunction,6.2,ICU,U001,F01,2026-08-29 08:00:00,Admitted
P05185,75,Female,Low,Diabetes Complications,2.7,Med-Surg,U008,F02,2026-08-15 00:00:00,Admitted
P05186,12,Male,Medium,Chemotherapy Monitoring,5.0,Oncology,U005,F01,2026-08-10 07:00:00,Admitted
P05187,38,Female,Low,Congenital Heart Defect,2.2,Pediatrics,U014,F03,2026-08-23 11:00:00,Pending Transfer
P05188,71,Non-Binary,Medium,Cellulitis,4.8,Med-Surg,U003,F01,2026-08-17 16:00:00,Admitted
P05189,12,Female,Medium,Post-Cardiac Arrest,3.6,ICU,U006,F02,2026-08-30 04:00:00,Pending Transfer
P05190,15,Female,Low,Febrile Neutropenia,2.5,Oncology,U015,F03,2026-08-15 13:00:00,Admitted
P05191,29,Non-Binary,Medium,Bronchiolitis,4.5,Pediatrics,U004,F01,2026-08-28 01:00:00,Admitted
P05192,27,Male,Low,Acute Respiratory Distress,1.8,ICU,U011,F03,2026-08-28 19:00:00,Admitted
P05193,42,Female,Medium,Polytrauma,5.4,Emergency,U007,F02,2026-08-10 14:00:00,Admitted
P05194,27,Non-Binary,Low,Polytrauma,3.5,Emergency,U002,F01,2026-08-29 23:00:00,Pending Transfer
P05195,68,Male,High,Congenital Heart Defect,7.2,Pediatrics,U014,F03,2026-08-16 23:00:00,Admitted
P05196,64,Female,Low,Acute Respiratory Distress,2.4,ICU,U006,F02,2026-08-13 13:00:00,Admitted
P05197,46,Female,Critical,Acute Respiratory Distress,8.5,ICU,U001,F01,2026-08-13 22:00:00,Discharged
P05198,18,Male,Medium,Bronchiolitis,3.7,Pediatrics,U009,F02,2026-08-26 21:00:00,Admitted
P05199,83,Non-Binary,Medium,Diabetes Complications,3.7,Med-Surg,U008,F02,2026-08-07 16:00:00,Admitted
P05200,54,Non-Binary,Medium,Septic Shock,4.5,ICU,U011,F03,2026-08-25 14:00:00,Discharged
