Patient_ID,Age,Gender,Acuity_Level,Diagnosis_Category,Required_Nursing_Hours,Required_Skill,Unit_ID,Facility_ID,Admission_Date,Transfer_Status
P00001,7,Non-Binary,Medium,Tumor Lysis Syndrome,5.0,Oncology,U005,F01,2026-08-10 14:00:00,Admitted
P00002,23,Non-Binary,Low,Febrile Neutropenia,2.0,Oncology,U010,F02,2026-08-07 21:00:00,Admitted
P00003,47,Non-Binary,Medium,Septic Shock,3.9,icu,U001,F01,2026-08-13 19:00:00,Pending Transfer
P00004,70,Female,Low,Septic Shock,2.8,icu,U006,F02,2026-08-02 02:00:00,Admitted
P00005,69,Female,High,Congenital Heart Defect,5.6,Pediatrics,U004,F01,2026-08-17 13:00:00,Admitted
P00006,88,Female,Low,Diabetes Complications,2.3,MedSurg,U013,F03,2026-08-16 11:00:00,Admitted
P00007,52,Non-Binary,Medium,Cellulitis,5.0,MedSurg,U013,F03,2026-08-14 10:00:00,Admitted
P00008,19,Non-Binary,Medium,Pneumonia,3.7,MedSurg,U003,F01,2026-08-28 09:00:00,Pending Transfer
P00009,62,Non-Binary,Critical,Septic Shock,13.2,icu,U001,F01,2026-08-16 01:00:00,Admitted
P00010,75,Female,High,Septic Shock,7.4,icu,U001,F01,2026-08-18 18:00:00,Admitted
P00011,39,Non-Binary,Low,Multi-organ Dysfunction,2.6,icu,U001,F01,2026-08-27 23:00:00,Pending Transfer
P00012,84,Female,Low,Post-Operative Recovery,2.3,MedSurg,U013,F03,2026-08-25 11:00:00,Admitted
P00013,55,Female,Ultra-Critical,Pneumonia,11.6,MedSurg,U003,F01,2026-08-23 06:00:00,Admitted
P00014,73,Female,Low,Acute Respiratory Distress,2.1,icu,U011,F03,2026-08-30 23:00:00,Admitted
P00015,63,Male,High,Congenital Heart Defect,6.9,Pediatrics,U014,F03,2026-08-18 18:00:00,Admitted
P00016,47,Male,Medium,Post-Operative Recovery,4.7,MedSurg,U008,F02,2026-08-06 16:00:00,Admitted
P00017,86,Male,High,Chemotherapy Monitoring,5.8,Oncology,U005,F01,2026-08-30 12:00:00,Admitted
P00018,72,Non-Binary,Critical,Pneumonia,10.7,MedSurg,U013,F03,2026-08-22 10:00:00,Pending Transfer
P00019,30,Female,High,Post-Operative Recovery,6.1,MedSurg,U008,F02,2026-08-12 13:00:00,Admitted
P00020,19,Female,Medium,Multi-organ Dysfunction,5.4,icu,U006,F02,2026-08-19 16:00:00,Admitted
P00021,26,Non-Binary,High,Septic Shock,6.2,icu,U001,F01,2026-08-12 23:00:00,Admitted
P00022,44,Male,Low,Chemotherapy Monitoring,3.2,Oncology,U015,F03,2026-08-03 07:00:00,Discharged
P00023,59,Female,Low,Polytrauma,2.2,EMERGENCY,U002,F01,2026-08-06 01:00:00,Admitted
P00024,86,Female,High,Tumor Lysis Syndrome,8.5,Oncology,U010,F02,2026-08-29 14:00:00,Pending Transfer
P00025,55,Non-Binary,Critical,Congenital Heart Defect,13.9,Pediatrics,U004,F01,2026-08-10 17:00:00,Pending Transfer
P00026,35,Non-Binary,Medium,Post-Cardiac Arrest,3.8,Pediatrics,U001,F01,2026-08-21 00:00:00,Admitted
P00027,28,Male,Low,Diabetes Complications,3.2,MedSurg,U008,F02,2026-08-12 08:00:00,Admitted
P00028,6,Non-Binary,Medium,Pneumonia,3.9,MedSurg,U003,F01,2026-08-31 23:00:00,Admitted
P00029,10,Female,Low,Palliative Care,3.0,Oncology,U005,F01,2026-08-18 10:00:00,Admitted
P00030,86,Non-Binary,Low,Bronchiolitis,2.0,icu,U009,F02,2026-08-29 21:00:00,Pending Transfer
P00031,18,Male,Critical,Acute Respiratory Distress,12.3,icu,U001,F01,2026-08-17 12:00:00,Pending Transfer
P00032,91,Female,Medium,Congenital Heart Defect,4.0,Pediatrics,U004,F01,2026-08-01 02:00:00,Admitted
P00033,37,Non-Binary,Critical,Congenital Heart Defect,9.4,Oncology,U009,F02,2026-08-24 10:00:00,Admitted
P00034,47,Male,High,Acute Respiratory Distress,7.9,icu,U006,F02,2026-08-26 17:00:00,Admitted
P00035,57,Non-Binary,Low,Stroke,2.8,EMERGENCY,U002,F01,2026-08-08 00:00:00,Admitted
P00036,45,Male,High,Bronchiolitis,6.0,Pediatrics,U009,F02,2026-08-13 10:00:00,Admitted
P00037,74,Male,High,Diabetes Complications,6.4,icu,U003,F01,2026-08-19 10:00:00,Admitted
P00038,29,Male,Medium,Post-Cardiac Arrest,4.6,icu,U001,F01,2026-08-25 19:00:00,Pending Transfer
P00039,49,Non-Binary,Medium,Septic Shock,4.5,icu,U006,F02,2026-08-10 02:00:00,Discharged
P00040,23,Female,Low,Chemotherapy Monitoring,2.1,Oncology,U005,F01,2026-08-31 19:00:00,Admitted
P00041,19,Female,Low,Diabetes Complications,2.1,MedSurg,U013,F03,2026-08-08 11:00:00,Discharged
P00042,68,Female,Medium,Post-Operative Recovery,3.6,EMERGENCY,U013,F03,2026-08-24 13:00:00,Admitted
P00043,3,Male,Low,Chemotherapy Monitoring,2.4,Oncology,U015,F03,2026-08-28 15:00:00,Discharged
P00044,2,Male,High,Pneumonia,7.5,MedSurg,U013,F03,2026-08-16 15:00:00,Admitted
P00045,39,Female,Low,Diabetes Complications,2.1,MedSurg,U003,F01,2026-08-13 20:00:00,Admitted
P00046,6,Male,,Acute Myocardial Infarction,2.0,EMERGENCY,U012,F03,2026-08-13 16:00:00,Admitted
P00047,66,Male,Critical,Bronchiolitis,9.0,Pediatrics,U004,F01,2026-08-17 16:00:00,Pending Transfer
P00048,1,Female,Low,Pediatric Asthma,2.2,Pediatrics,U014,F03,2026-08-03 13:00:00,Admitted
P00049,86,Non-Binary,Medium,Stroke,4.6,EMERGENCY,U007,F02,2026-08-15 10:00:00,Admitted
P00050,78,Male,Medium,Pneumonia,4.1,MedSurg,U013,F03,2026-08-09 15:00:00,Admitted
P00051,33,Male,Medium,Dehydration,3.7,Pediatrics,U014,F03,2026-08-16 13:00:00,Pending Transfer
P00052,62,Male,Low,Multi-organ Dysfunction,2.7,icu,U001,F01,2026-08-19 01:00:00,Admitted
P00053,79,Female,High,Diabetes Complications,6.7,MedSurg,U003,F01,2026-08-21 05:00:00,Transfer Approved
P00054,65,Female,Low,Stroke,2.4,EMERGENCY,U007,F02,2026-08-19 10:00:00,Admitted
P00055,49,Female,Low,Post-Operative Recovery,,MedSurg,U013,F03,2026-08-13 11:00:00,Admitted
P00056,51,Female,Low,Febrile Neutropenia,1.8,Oncology,U015,F03,2026-08-25 19:00:00,Discharged
P00057,4,Non-Binary,Medium,Palliative Care,5.0,Oncology,U015,F03,2026-08-25 12:00:00,Admitted
P00058,62,Female,High,Palliative Care,7.0,Oncology,U005,F01,2026-08-20 06:00:00,Admitted
P00059,61,Female,Low,Pediatric Asthma,,Pediatrics,U004,F01,2026-08-30 00:00:00,Pending Transfer
P00060,25,Non-Binary,Medium,Post-Operative Recovery,5.5,MedSurg,U008,F02,2026-08-25 16:00:00,Admitted
P00061,15,Male,Medium,Post-Operative Recovery,4.7,MedSurg,U003,F01,2026-08-10 17:00:00,Pending Transfer
P00062,17,Female,Low,Cellulitis,3.5,MedSurg,U003,F01,2026-08-23 20:00:00,Admitted
P00063,55,Female,High,Pneumonia,7.4,MedSurg,U013,F03,2026-08-01 08:00:00,Admitted
P00064,71,Male,High,Dehydration,6.5,Pediatrics,U014,F03,2026-08-04 09:00:00,Admitted
P00065,26,Male,Critical,Bronchiolitis,13.4,Pediatrics,U009,F02,2026-08-08 10:00:00,Admitted
P00066,30,Non-Binary,Medium,Pediatric Asthma,4.2,Pediatrics,U014,F03,2026-08-07 17:00:00,Transfer Approved
P00067,27,Non-Binary,Medium,Post-Cardiac Arrest,3.5,icu,U001,F01,2026-08-27 07:00:00,Admitted
P00068,19,Female,Low,Chemotherapy Monitoring,3.1,Oncology,U005,F01,2026-08-10 04:00:00,Admitted
P00069,45,Male,Low,Acute Myocardial Infarction,3.3,EMERGENCY,U012,F03,2026-08-04 14:00:00,Admitted
P00070,55,Female,Low,Pediatric Asthma,2.6,Pediatrics,U014,F03,2026-08-19 09:00:00,Transfer Approved
P00071,68,Male,Low,Palliative Care,3.3,Oncology,U015,F03,2026-08-22 02:00:00,Admitted
P00072,14,Female,Medium,Post-Cardiac Arrest,4.9,icu,U011,F03,2026-08-25 18:00:00,Admitted
P00073,31,Female,High,Pediatric Asthma,7.3,Pediatrics,U009,F02,2026-08-06 10:00:00,Admitted
P00074,45,Non-Binary,Critical,Diabetes Complications,9.7,MedSurg,U013,F03,2026-08-20 17:00:00,Admitted
P00075,9,Female,Low,Tumor Lysis Syndrome,2.6,Pediatrics,U005,F01,2026-08-25 22:00:00,Admitted
P00076,57,Male,Low,Palliative Care,1.5,Oncology,U005,F01,2026-08-12 15:00:00,Transfer Approved
P00077,36,Female,High,Febrile Neutropenia,8.0,Oncology,U005,F01,2026-08-12 22:00:00,Admitted
P00078,47,Non-Binary,Medium,Polytrauma,5.4,EMERGENCY,U012,F03,2026-08-19 15:00:00,Admitted
P00079,69,Female,Medium,Chemotherapy Monitoring,4.4,Oncology,U015,F03,2026-08-06 07:00:00,Admitted
P00080,69,Male,Low,Bronchiolitis,1.9,Pediatrics,U009,F02,2026-08-09 10:00:00,Pending Transfer
P00081,11,Female,Low,Acute Respiratory Distress,3.2,icu,U006,F02,2026-08-29 00:00:00,Pending Transfer
P00082,79,Male,Medium,Cellulitis,3.8,MedSurg,U008,F02,2026-08-17 14:00:00,Admitted
P00083,45,Non-Binary,Medium,Severe Abdominal Pain,5.1,EMERGENCY,U012,F03,2026-08-22 13:00:00,Admitted
P00084,84,Non-Binary,High,Chemotherapy Monitoring,5.8,Oncology,U005,F01,2026-08-22 02:00:00,Admitted
P00085,26,Male,Medium,Stroke,3.7,EMERGENCY,U012,F03,2026-08-26 06:00:00,Admitted
P00086,7,Non-Binary,Low,Post-Cardiac Arrest,1.6,icu,U011,F03,2026-08-30 23:00:00,Transfer Approved
P00087,28,Female,Critical,Cellulitis,12.6,MedSurg,U008,F02,2026-08-25 10:00:00,Discharged
P00088,90,Male,Medium,Acute Myocardial Infarction,4.9,EMERGENCY,U002,F01,2026-08-01 06:00:00,Admitted
P00089,76,Female,Low,Bronchiolitis,2.9,Pediatrics,U004,F01,2026-08-17 16:00:00,Transfer Approved
P00090,53,Non-Binary,Medium,Congenital Heart Defect,3.8,Pediatrics,U004,F01,2026-08-26 09:00:00,Discharged
P00091,81,Female,Low,Chemotherapy Monitoring,2.0,Oncology,U005,F01,2026-08-29 10:00:00,Admitted
P00092,57,Female,Low,Septic Shock,2.5,icu,U001,F01,2026-08-11 09:00:00,Admitted
P00093,44,Female,Medium,Septic Shock,4.1,Pediatrics,U001,F01,2026-08-24 09:00:00,Admitted
P00094,77,Female,High,Palliative Care,8.4,Oncology,U015,F03,2026-08-27 06:00:00,Admitted
P00095,13,Non-Binary,Medium,Pneumonia,3.5,MedSurg,U003,F01,2026-08-15 01:00:00,Admitted
P00096,84,Non-Binary,Medium,Palliative Care,4.6,Oncology,U010,F02,2026-08-09 19:00:00,Admitted
P00097,64,Non-Binary,Low,Congenital Heart Defect,3.1,Pediatrics,U014,F03,2026-08-28 09:00:00,Transfer Approved
P00098,12,Non-Binary,Low,Chemotherapy Monitoring,3.1,Oncology,U010,F02,2026-08-13 22:00:00,Discharged
P00099,22,Male,Critical,Tumor Lysis Syndrome,12.4,Oncology,U005,F01,2026-08-30 18:00:00,Admitted
P00100,34,Male,Low,Bronchiolitis,3.4,Pediatrics,U009,F02,2026-08-08 14:00:00,Admitted
P00101,87,Non-Binary,Medium,Chemotherapy Monitoring,4.1,Oncology,U005,F01,2026-08-27 16:00:00,Admitted
P00102,86,Male,Low,Chemotherapy Monitoring,2.2,Oncology,U015,F03,2026-08-20 01:00:00,Pending Transfer
P00103,82,Female,Medium,Stroke,3.9,EMERGENCY,U012,F03,2026-08-19 15:00:00,Pending Transfer
P00104,40,Non-Binary,Low,Palliative Care,2.2,Oncology,U015,F03,2026-08-02 11:00:00,Admitted
P00105,69,Male,Low,Stroke,3.1,EMERGENCY,U012,F03,2026-08-16 05:00:00,Admitted
P00106,42,Male,High,Febrile Neutropenia,8.1,Oncology,U005,F01,2026-08-08 15:00:00,Admitted
P00107,91,Non-Binary,High,Chemotherapy Monitoring,5.5,Oncology,U010,F02,2026-08-22 10:00:00,Pending Transfer
P00108,19,Non-Binary,Medium,Dehydration,4.6,Pediatrics,U014,F03,2026-08-26 11:00:00,Transfer Approved
P00109,75,Female,Low,Diabetes Complications,2.4,MedSurg,U003,F01,2026-08-13 01:00:00,Admitted
P00110,60,Female,Medium,Post-Operative Recovery,5.4,MedSurg,U003,F01,2026-08-20 02:00:00,Admitted
P00111,35,Female,,Tumor Lysis Syndrome,10.5,icu,U015,F03,2026-08-14 23:00:00,Discharged
P00112,6,Female,Low,Severe Abdominal Pain,3.0,EMERGENCY,U002,F01,2026-08-28 13:00:00,Admitted
P00113,6,Female,High,Tumor Lysis Syndrome,6.1,Oncology,U010,F02,2026-08-12 13:00:00,Admitted
P00114,3,Male,Medium,Pneumonia,5.4,MedSurg,U013,F03,2026-08-31 12:00:00,Admitted
P00115,48,Non-Binary,Low,Dehydration,2.1,Pediatrics,U009,F02,2026-08-12 23:00:00,Admitted
P00116,1,Male,High,Febrile Neutropenia,,Oncology,U010,F02,2026-08-19 15:00:00,Admitted
P00117,68,Non-Binary,Low,Palliative Care,3.3,Oncology,U010,F02,2026-08-27 12:00:00,Pending Transfer
P00118,33,Female,Low,Post-Cardiac Arrest,1.7,icu,U006,F02,2026-08-04 06:00:00,Admitted
P00119,85,Non-Binary,High,Dehydration,8.0,Pediatrics,U009,F02,2026-08-10 22:00:00,Admitted
P00120,85,Non-Binary,Low,Post-Cardiac Arrest,2.8,icu,U001,F01,2026-08-05 20:00:00,Transfer Approved
P00121,45,Non-Binary,High,Post-Operative Recovery,6.4,MedSurg,U003,F01,2026-08-29 19:00:00,Admitted
P00122,36,Non-Binary,Medium,Septic Shock,3.9,icu,U011,F03,2026-08-13 20:00:00,Admitted
P00123,28,Non-Binary,High,Diabetes Complications,7.1,MedSurg,U003,F01,2026-08-19 08:00:00,Admitted
P00124,58,Male,Low,Acute Respiratory Distress,3.5,icu,U011,F03,2026-08-19 00:00:00,Admitted
P00125,85,Non-Binary,Medium,Cellulitis,5.2,Oncology,U013,F03,2026-08-18 18:00:00,Admitted
P00126,40,Female,Medium,Stroke,3.8,EMERGENCY,U007,F02,2026-08-09 05:00:00,Pending Transfer
P00127,61,Non-Binary,Low,Palliative Care,2.0,Oncology,U010,F02,2026-08-22 18:00:00,Admitted
P00128,62,Male,High,Septic Shock,8.0,Oncology,U001,F01,2026-08-22 15:00:00,Admitted
P00129,8,Non-Binary,Low,Severe Abdominal Pain,2.4,EMERGENCY,U002,F01,2026-08-13 10:00:00,Transfer Approved
P00130,53,Female,Medium,Tumor Lysis Syndrome,4.8,Oncology,U005,F01,2026-08-28 02:00:00,Admitted
P00131,60,Male,Critical,Post-Operative Recovery,12.2,MedSurg,U013,F03,2026-08-24 03:00:00,Admitted
P00132,34,Non-Binary,Medium,Post-Operative Recovery,5.2,MedSurg,U013,F03,2026-08-12 08:00:00,Admitted
P00133,82,Male,Medium,Stroke,5.2,icu,U002,F01,2026-08-19 00:00:00,Admitted
P00134,19,Male,,Bronchiolitis,7.5,Pediatrics,U014,F03,2026-08-12 05:00:00,Admitted
P00135,69,Male,Critical,Diabetes Complications,10.7,MedSurg,U003,F01,2026-08-01 03:00:00,Admitted
P00136,42,Male,Medium,Severe Abdominal Pain,5.1,EMERGENCY,U007,F02,2026-08-08 03:00:00,Admitted
P00137,6,Male,Medium,Chemotherapy Monitoring,4.6,Oncology,U005,F01,2026-08-27 06:00:00,Admitted
P00138,24,Female,Low,Septic Shock,1.7,icu,U011,F03,2026-08-29 15:00:00,Admitted
P00139,65,Non-Binary,Medium,Septic Shock,3.8,icu,U006,F02,2026-08-16 08:00:00,Admitted
P00140,52,Non-Binary,Low,Chemotherapy Monitoring,3.3,Oncology,U015,F03,2026-08-10 21:00:00,Admitted
P00141,46,Male,Low,Acute Myocardial Infarction,1.8,EMERGENCY,U012,F03,2026-08-15 03:00:00,Admitted
P00142,31,Male,Low,Diabetes Complications,3.2,MedSurg,U003,F01,2026-08-29 10:00:00,Admitted
P00143,90,Male,Low,Severe Abdominal Pain,3.4,EMERGENCY,U012,F03,2026-08-15 07:00:00,Pending Transfer
P00144,65,Female,High,Febrile Neutropenia,5.9,Oncology,U015,F03,2026-08-19 20:00:00,Admitted
P00145,78,Male,Medium,Septic Shock,4.8,icu,U001,F01,2026-08-17 08:00:00,Admitted
P00146,13,Male,Low,Congenital Heart Defect,3.1,Pediatrics,U009,F02,2026-08-26 13:00:00,Admitted
P00147,4,Non-Binary,Low,Cellulitis,1.7,MedSurg,U003,F01,2026-08-14 23:00:00,Admitted
P00148,22,Male,Low,Post-Operative Recovery,3.4,EMERGENCY,U008,F02,2026-08-08 10:00:00,Admitted
P00149,78,Female,Medium,Severe Abdominal Pain,5.3,EMERGENCY,U002,F01,2026-08-03 03:00:00,Admitted
P00150,46,Non-Binary,Low,Post-Operative Recovery,1.5,MedSurg,U013,F03,2026-08-02 02:00:00,Admitted
P00151,23,Female,Critical,Chemotherapy Monitoring,8.7,Oncology,U010,F02,2026-08-23 19:00:00,Discharged
P00152,61,Non-Binary,Critical,Post-Operative Recovery,13.2,MedSurg,U003,F01,2026-08-23 12:00:00,Admitted
P00153,7,Female,Medium,Tumor Lysis Syndrome,3.8,Oncology,U010,F02,2026-08-07 20:00:00,Admitted
P00154,9,Female,High,Tumor Lysis Syndrome,7.1,Oncology,U005,F01,2026-08-05 12:00:00,Discharged
P00155,33,Male,Medium,Febrile Neutropenia,4.5,Oncology,U005,F01,2026-08-03 12:00:00,Discharged
P00156,40,Male,Medium,Tumor Lysis Syndrome,4.9,Oncology,U005,F01,2026-08-17 23:00:00,Admitted
P00157,75,Female,High,Post-Cardiac Arrest,8.4,icu,U011,F03,2026-08-10 22:00:00,Admitted
P00158,19,Male,Low,Chemotherapy Monitoring,2.0,Oncology,U010,F02,2026-08-15 11:00:00,Admitted
P00159,91,Female,Low,Post-Cardiac Arrest,3.0,icu,U006,F02,2026-08-10 12:00:00,Admitted
P00160,69,Female,Medium,Tumor Lysis Syndrome,3.7,Oncology,U010,F02,2026-08-20 23:00:00,Admitted
P00161,41,Male,High,Pediatric Asthma,8.2,Pediatrics,U014,F03,2026-08-14 08:00:00,Admitted
P00162,91,Female,High,Pneumonia,5.8,MedSurg,U008,F02,2026-08-27 18:00:00,Admitted
P00163,92,Non-Binary,Low,Cellulitis,1.8,MedSurg,U008,F02,2026-08-13 22:00:00,Admitted
P00164,64,Male,Low,Cellulitis,2.1,MedSurg,U003,F01,2026-08-19 09:00:00,Admitted
P00165,87,Female,High,Post-Operative Recovery,5.9,MedSurg,U008,F02,2026-08-24 01:00:00,Transfer Approved
P00166,6,Female,High,Cellulitis,7.1,MedSurg,U013,F03,2026-08-13 13:00:00,Pending Transfer
P00167,2,Male,Low,Polytrauma,2.3,EMERGENCY,U002,F01,2026-08-15 03:00:00,Transfer Approved
P00168,32,Male,Critical,Diabetes Complications,12.0,MedSurg,U003,F01,2026-08-19 11:00:00,Admitted
P00169,84,Non-Binary,Low,Pneumonia,2.8,MedSurg,U008,F02,2026-08-21 01:00:00,Pending Transfer
P00170,84,Non-Binary,Medium,Stroke,4.5,EMERGENCY,U012,F03,2026-08-07 12:00:00,Admitted
P00171,92,Non-Binary,Medium,Acute Respiratory Distress,5.3,icu,U001,F01,2026-08-01 02:00:00,Transfer Approved
P00172,32,Female,Medium,Palliative Care,3.6,Oncology,U015,F03,2026-08-01 12:00:00,Transfer Approved
P00173,3,Female,Low,Palliative Care,3.3,Oncology,U010,F02,2026-08-05 21:00:00,Admitted
P00174,52,Male,Medium,Febrile Neutropenia,4.4,Oncology,U010,F02,2026-08-03 02:00:00,Admitted
P00175,15,Male,Low,Chemotherapy Monitoring,2.0,Oncology,U015,F03,2026-08-15 17:00:00,Admitted
P00176,6,Female,Medium,Bronchiolitis,5.4,Pediatrics,U014,F03,2026-08-16 20:00:00,Pending Transfer
P00177,90,Male,High,Palliative Care,6.0,Oncology,U005,F01,2026-08-11 05:00:00,Admitted
P00178,46,Female,Low,Pneumonia,3.3,MedSurg,U013,F03,2026-08-06 14:00:00,Admitted
P00179,11,Female,Low,Bronchiolitis,2.2,EMERGENCY,U014,F03,2026-08-16 17:00:00,Pending Transfer
P00180,39,Non-Binary,High,Congenital Heart Defect,7.1,Pediatrics,U014,F03,2026-08-13 02:00:00,Admitted
P00181,25,Male,High,Pediatric Asthma,8.2,Pediatrics,U004,F01,2026-08-09 10:00:00,Admitted
P00182,83,Male,Critical,Septic Shock,9.4,icu,U011,F03,2026-08-27 18:00:00,Admitted
P00183,68,Male,Critical,Acute Myocardial Infarction,9.6,EMERGENCY,U012,F03,2026-08-11 07:00:00,Admitted
P00184,10,Non-Binary,Medium,Bronchiolitis,4.3,MedSurg,U004,F01,2026-08-30 09:00:00,Admitted
P00185,7,Female,High,Palliative Care,8.5,Oncology,U010,F02,2026-08-18 09:00:00,Admitted
P00186,44,Non-Binary,Medium,Severe Abdominal Pain,4.6,EMERGENCY,U012,F03,2026-08-04 10:00:00,Admitted
P00187,91,Non-Binary,Low,Diabetes Complications,2.9,MedSurg,U003,F01,2026-08-30 15:00:00,Admitted
P00188,29,Non-Binary,Critical,Severe Abdominal Pain,10.2,EMERGENCY,U002,F01,2026-08-30 11:00:00,Admitted
P00189,14,Female,Low,Chemotherapy Monitoring,2.5,Oncology,U010,F02,2026-08-11 21:00:00,Admitted
P00190,20,Male,High,Stroke,5.7,EMERGENCY,U012,F03,2026-08-01 07:00:00,Transfer Approved
P00191,39,Female,Low,Pneumonia,1.9,MedSurg,U003,F01,2026-08-05 04:00:00,Admitted
P00192,41,Non-Binary,Critical,Multi-organ Dysfunction,11.8,icu,U011,F03,2026-08-23 09:00:00,Admitted
P00193,42,Female,Medium,Acute Respiratory Distress,5.1,icu,U006,F02,2026-08-19 03:00:00,Admitted
P00194,33,Non-Binary,Medium,Pediatric Asthma,5.2,Pediatrics,U014,F03,2026-08-16 14:00:00,Admitted
P00195,34,Female,Medium,Stroke,3.9,EMERGENCY,U007,F02,2026-08-24 02:00:00,Admitted
P00196,3,Male,High,Palliative Care,5.8,Oncology,U005,F01,2026-08-05 23:00:00,Admitted
P00197,78,Male,Critical,Post-Cardiac Arrest,9.8,icu,U006,F02,2026-08-14 22:00:00,Admitted
P00198,8,Female,Medium,Febrile Neutropenia,3.5,Oncology,U005,F01,2026-08-18 08:00:00,Admitted
P00199,37,Non-Binary,Low,Stroke,1.8,EMERGENCY,U007,F02,2026-08-01 07:00:00,Admitted
P00200,11,Male,Low,Febrile Neutropenia,3.1,Oncology,U005,F01,2026-08-03 13:00:00,Admitted
P00201,2,Female,Low,Cellulitis,3.4,MedSurg,U008,F02,2026-08-25 15:00:00,Admitted
P00202,31,Male,Low,Dehydration,3.0,Pediatrics,U004,F01,2026-08-17 11:00:00,Admitted
P00203,4,Male,Medium,Septic Shock,4.6,icu,U001,F01,2026-08-19 14:00:00,Admitted
P00204,78,Female,High,Post-Operative Recovery,7.7,MedSurg,U003,F01,2026-08-22 10:00:00,Admitted
P00205,22,Female,Low,Post-Operative Recovery,2.2,Pediatrics,U013,F03,2026-08-18 14:00:00,Admitted
P00206,41,Female,Low,Acute Respiratory Distress,1.6,icu,U001,F01,2026-08-05 16:00:00,Transfer Approved
P00207,13,Female,High,Severe Abdominal Pain,8.0,EMERGENCY,U012,F03,2026-08-03 16:00:00,Admitted
P00208,36,Female,Medium,Pediatric Asthma,4.2,Pediatrics,U009,F02,2026-08-08 20:00:00,Admitted
P00209,44,Male,Medium,Diabetes Complications,4.5,MedSurg,U013,F03,2026-08-03 20:00:00,Pending Transfer
P00210,2,Male,Medium,Palliative Care,4.7,Oncology,U005,F01,2026-08-19 23:00:00,Admitted
P00211,51,Non-Binary,Low,Palliative Care,2.0,Oncology,U010,F02,2026-08-21 18:00:00,Admitted
P00212,7,Non-Binary,High,Post-Cardiac Arrest,7.0,icu,U006,F02,2026-08-08 04:00:00,Pending Transfer
P00213,41,Female,High,Chemotherapy Monitoring,6.1,Oncology,U010,F02,2026-08-17 12:00:00,Admitted
P00214,34,Female,Medium,Multi-organ Dysfunction,4.9,icu,U001,F01,2026-08-20 14:00:00,Pending Transfer
P00215,12,Female,Medium,Stroke,5.2,EMERGENCY,U012,F03,2026-08-04 04:00:00,Admitted
P00216,75,Non-Binary,Medium,Polytrauma,4.2,EMERGENCY,U002,F01,2026-08-29 04:00:00,Admitted
P00217,79,Non-Binary,Medium,Bronchiolitis,4.6,Pediatrics,U004,F01,2026-08-21 15:00:00,Admitted
P00218,39,Male,Low,Dehydration,2.7,Pediatrics,U014,F03,2026-08-28 11:00:00,Admitted
P00219,88,Non-Binary,Low,Bronchiolitis,2.2,Pediatrics,U009,F02,2026-08-10 20:00:00,Admitted
P00220,36,Non-Binary,Medium,Diabetes Complications,4.3,MedSurg,U013,F03,2026-08-29 22:00:00,Admitted
P00221,59,Male,Low,Post-Operative Recovery,3.3,MedSurg,U013,F03,2026-08-15 14:00:00,Pending Transfer
P00222,78,Non-Binary,Low,Post-Cardiac Arrest,2.2,icu,U001,F01,2026-08-12 01:00:00,Pending Transfer
P00223,33,Male,Medium,Post-Operative Recovery,3.6,MedSurg,U013,F03,2026-08-12 14:00:00,Pending Transfer
P00224,68,Female,Critical,Pneumonia,8.5,MedSurg,U013,F03,2026-08-28 06:00:00,Pending Transfer
P00225,40,Non-Binary,High,Severe Abdominal Pain,6.4,EMERGENCY,U012,F03,2026-08-13 07:00:00,Admitted
P00226,78,Female,High,Cellulitis,8.0,MedSurg,U003,F01,2026-08-07 20:00:00,Admitted
P00227,64,Non-Binary,Low,Septic Shock,3.2,icu,U011,F03,2026-08-26 06:00:00,Admitted
P00228,17,Male,High,Pneumonia,7.7,MedSurg,U013,F03,2026-08-22 04:00:00,Admitted
P00229,66,Female,Low,Post-Operative Recovery,2.3,MedSurg,U003,F01,2026-08-15 09:00:00,Admitted
P00230,31,Male,Low,Post-Cardiac Arrest,1.7,icu,U001,F01,2026-08-08 23:00:00,Admitted
P00231,49,Male,Medium,Post-Cardiac Arrest,3.8,icu,U001,F01,2026-08-31 21:00:00,Transfer Approved
P00232,91,Male,Low,Acute Respiratory Distress,2.9,icu,U006,F02,2026-08-30 20:00:00,Admitted
P00233,55,Female,Medium,Chemotherapy Monitoring,4.7,Oncology,U005,F01,2026-08-20 08:00:00,Pending Transfer
P00234,81,Non-Binary,Medium,Tumor Lysis Syndrome,4.1,Oncology,U010,F02,2026-08-04 17:00:00,Admitted
P00235,46,Non-Binary,High,Post-Operative Recovery,6.9,MedSurg,U008,F02,2026-08-13 17:00:00,Admitted
P00236,81,Female,High,Chemotherapy Monitoring,7.9,MedSurg,U015,F03,2026-08-11 20:00:00,Admitted
P00237,41,Female,Low,Acute Myocardial Infarction,2.1,EMERGENCY,U002,F01,2026-08-08 23:00:00,Admitted
P00238,68,Female,,Polytrauma,6.0,EMERGENCY,U012,F03,2026-08-19 07:00:00,Admitted
P00239,48,Non-Binary,Medium,Polytrauma,5.2,EMERGENCY,U007,F02,2026-08-26 06:00:00,Admitted
P00240,39,Non-Binary,Low,Septic Shock,2.6,icu,U006,F02,2026-08-25 16:00:00,Admitted
P00241,72,Non-Binary,Medium,Severe Abdominal Pain,4.6,EMERGENCY,U012,F03,2026-08-20 01:00:00,Discharged
P00242,89,Male,Critical,Post-Cardiac Arrest,13.2,icu,U006,F02,2026-08-12 11:00:00,Admitted
P00243,31,Non-Binary,Low,Post-Cardiac Arrest,1.6,icu,U011,F03,2026-08-14 12:00:00,Transfer Approved
P00244,26,Male,High,Severe Abdominal Pain,6.9,EMERGENCY,U007,F02,2026-08-12 23:00:00,Admitted
P00245,48,Male,,Acute Respiratory Distress,4.2,icu,U001,F01,2026-08-17 23:00:00,Pending Transfer
P00246,60,Male,Critical,Stroke,11.7,EMERGENCY,U007,F02,2026-08-12 13:00:00,Admitted
P00247,56,Non-Binary,High,Cellulitis,8.4,MedSurg,U008,F02,2026-08-09 23:00:00,Admitted
P00248,70,Female,Low,Severe Abdominal Pain,2.9,EMERGENCY,U002,F01,2026-08-01 02:00:00,Admitted
P00249,57,Non-Binary,Low,Chemotherapy Monitoring,1.7,Oncology,U015,F03,2026-08-12 15:00:00,Admitted
P00250,33,Non-Binary,High,Pneumonia,7.9,MedSurg,U013,F03,2026-08-04 15:00:00,Admitted
P00251,75,Female,Low,Tumor Lysis Syndrome,2.9,Oncology,U010,F02,2026-08-28 18:00:00,Admitted
P00252,3,Male,Low,Acute Myocardial Infarction,2.0,EMERGENCY,U002,F01,2026-08-12 20:00:00,Admitted
P00253,83,Female,Medium,Septic Shock,4.1,icu,U011,F03,2026-08-12 06:00:00,Admitted
P00254,22,Female,High,Polytrauma,7.0,EMERGENCY,U007,F02,2026-08-03 02:00:00,Admitted
P00255,78,Male,Medium,Post-Cardiac Arrest,5.0,icu,U006,F02,2026-08-23 12:00:00,Pending Transfer
P00256,5,Male,Medium,Stroke,4.9,EMERGENCY,U012,F03,2026-08-23 22:00:00,Admitted
P00257,79,Male,Low,Dehydration,3.2,Pediatrics,U004,F01,2026-08-04 02:00:00,Transfer Approved
P00258,37,Non-Binary,Low,Multi-organ Dysfunction,1.9,icu,U011,F03,2026-08-29 21:00:00,Admitted
P00259,14,Female,Medium,Stroke,4.5,EMERGENCY,U007,F02,2026-08-02 05:00:00,Admitted
P00260,28,Non-Binary,High,Cellulitis,5.7,MedSurg,U003,F01,2026-08-04 00:00:00,Admitted
P00261,50,Female,Low,Chemotherapy Monitoring,2.0,Oncology,U015,F03,2026-08-21 11:00:00,Admitted
P00262,86,Female,Low,Stroke,2.4,EMERGENCY,U007,F02,2026-08-26 16:00:00,Pending Transfer
P00263,82,Female,Low,Congenital Heart Defect,2.9,Pediatrics,U014,F03,2026-08-19 03:00:00,Admitted
P00264,72,Female,Critical,Bronchiolitis,8.6,Pediatrics,U014,F03,2026-08-07 05:00:00,Transfer Approved
P00265,12,Female,Low,Acute Myocardial Infarction,2.9,EMERGENCY,U007,F02,2026-08-17 18:00:00,Pending Transfer
P00266,81,Non-Binary,Critical,Multi-organ Dysfunction,9.2,icu,U001,F01,2026-08-06 09:00:00,Transfer Approved
P00267,79,Male,Low,Post-Operative Recovery,2.7,MedSurg,U008,F02,2026-08-30 17:00:00,Pending Transfer
P00268,26,Female,High,Pediatric Asthma,6.9,Pediatrics,U004,F01,2026-08-15 02:00:00,Admitted
P00269,58,Female,Medium,Stroke,5.0,EMERGENCY,U002,F01,2026-08-17 06:00:00,Admitted
P00270,48,Male,Low,Diabetes Complications,1.7,icu,U008,F02,2026-08-07 16:00:00,Pending Transfer
P00271,78,Female,Medium,Post-Operative Recovery,3.9,MedSurg,U003,F01,2026-08-20 22:00:00,Admitted
P00272,23,Non-Binary,Medium,Acute Myocardial Infarction,4.1,EMERGENCY,U002,F01,2026-08-10 04:00:00,Admitted
P00273,58,Female,Low,Acute Respiratory Distress,3.5,icu,U001,F01,2026-08-24 19:00:00,Pending Transfer
P00274,46,Non-Binary,Medium,Congenital Heart Defect,4.2,Pediatrics,U004,F01,2026-08-20 09:00:00,Admitted
P00275,49,Non-Binary,Medium,Polytrauma,4.6,EMERGENCY,U012,F03,2026-08-12 21:00:00,Admitted
P00276,1,Female,Critical,Post-Cardiac Arrest,13.0,EMERGENCY,U006,F02,2026-08-21 04:00:00,Admitted
P00277,17,Female,Low,Dehydration,1.7,Pediatrics,U009,F02,2026-08-06 14:00:00,Pending Transfer
P00278,31,Non-Binary,Low,Cellulitis,1.7,MedSurg,U003,F01,2026-08-02 08:00:00,Admitted
P00279,26,Female,Low,Dehydration,2.6,Pediatrics,U004,F01,2026-08-23 07:00:00,Transfer Approved
P00280,35,Non-Binary,Low,Post-Cardiac Arrest,2.4,icu,U001,F01,2026-08-11 17:00:00,Admitted
P00281,23,Non-Binary,High,Septic Shock,7.3,icu,U001,F01,2026-08-22 22:00:00,Admitted
P00282,15,Non-Binary,Low,Cellulitis,2.1,MedSurg,U013,F03,2026-08-25 07:00:00,Discharged
P00283,30,Female,Medium,Diabetes Complications,3.6,MedSurg,U008,F02,2026-08-08 12:00:00,Pending Transfer
P00284,36,Female,Medium,Stroke,4.1,EMERGENCY,U007,F02,2026-08-10 22:00:00,Discharged
P00285,69,Female,Medium,Severe Abdominal Pain,4.3,EMERGENCY,U007,F02,2026-08-24 07:00:00,Admitted
P00286,58,Female,Low,Febrile Neutropenia,2.2,Oncology,U010,F02,2026-08-05 11:00:00,Pending Transfer
P00287,7,Non-Binary,Medium,Pneumonia,3.6,MedSurg,U003,F01,2026-08-29 14:00:00,Transfer Approved
P00288,15,Male,Low,Diabetes Complications,1.8,MedSurg,U008,F02,2026-08-07 06:00:00,Admitted
P00289,4,Non-Binary,High,Tumor Lysis Syndrome,6.4,Oncology,U005,F01,2026-08-07 00:00:00,Admitted
P00290,50,Male,Low,Chemotherapy Monitoring,3.2,Oncology,U010,F02,2026-08-21 09:00:00,Admitted
P00291,43,Female,Low,Acute Myocardial Infarction,3.0,EMERGENCY,U012,F03,2026-08-17 08:00:00,Admitted
P00292,88,Non-Binary,Medium,Acute Myocardial Infarction,4.8,EMERGENCY,U002,F01,2026-08-06 15:00:00,Admitted
P00293,46,Non-Binary,Critical,Pneumonia,13.4,MedSurg,U013,F03,2026-08-15 20:00:00,Admitted
P00294,49,Non-Binary,,Pneumonia,2.2,MedSurg,U013,F03,2026-08-13 15:00:00,Admitted
P00295,92,Female,Low,Congenital Heart Defect,2.6,Oncology,U009,F02,2026-08-30 14:00:00,Admitted
P00296,91,Non-Binary,High,Post-Operative Recovery,8.5,MedSurg,U013,F03,2026-08-08 04:00:00,Admitted
P00297,38,Male,Medium,Dehydration,5.3,Pediatrics,U009,F02,2026-08-31 09:00:00,Transfer Approved
P00298,81,Female,Medium,Dehydration,3.6,Pediatrics,U004,F01,2026-08-27 22:00:00,Admitted
P00299,41,Non-Binary,Critical,Pneumonia,12.9,MedSurg,U003,F01,2026-08-14 17:00:00,Admitted
P00300,76,Female,Low,Pneumonia,3.0,MedSurg,U008,F02,2026-08-06 01:00:00,Admitted
P00301,53,Male,Medium,Congenital Heart Defect,4.8,Pediatrics,U009,F02,2026-08-27 09:00:00,Admitted
P00302,16,Male,Medium,Chemotherapy Monitoring,4.6,Oncology,U010,F02,2026-08-20 10:00:00,Admitted
P00303,11,Non-Binary,Medium,Cellulitis,4.3,MedSurg,U003,F01,2026-08-29 04:00:00,Admitted
P00304,68,Male,High,Chemotherapy Monitoring,8.2,Oncology,U015,F03,2026-08-29 15:00:00,Admitted
P00305,69,Male,High,Cellulitis,7.1,MedSurg,U003,F01,2026-08-28 17:00:00,Admitted
P00306,29,Male,High,Chemotherapy Monitoring,,Oncology,U005,F01,2026-08-02 18:00:00,Admitted
P00307,89,Non-Binary,Low,Dehydration,2.0,Pediatrics,U004,F01,2026-08-22 10:00:00,Discharged
P00308,88,Male,Medium,Febrile Neutropenia,3.8,Oncology,U005,F01,2026-08-14 01:00:00,Transfer Approved
P00309,70,Non-Binary,Low,Diabetes Complications,2.2,MedSurg,U008,F02,2026-08-15 02:00:00,Transfer Approved
P00310,56,Non-Binary,Low,Pediatric Asthma,2.4,Pediatrics,U014,F03,2026-08-08 08:00:00,Pending Transfer
P00311,89,Non-Binary,Low,Febrile Neutropenia,2.6,MedSurg,U005,F01,2026-08-03 00:00:00,Admitted
P00312,41,Female,Low,Chemotherapy Monitoring,1.9,Oncology,U015,F03,2026-08-10 04:00:00,Pending Transfer
P00313,49,Female,Low,Febrile Neutropenia,1.8,Oncology,U015,F03,2026-08-31 22:00:00,Transfer Approved
P00314,8,Male,Medium,Post-Cardiac Arrest,4.8,icu,U011,F03,2026-08-30 02:00:00,Admitted
P00315,64,Male,Low,Febrile Neutropenia,3.1,Oncology,U015,F03,2026-08-04 17:00:00,Admitted
P00316,39,Female,High,Acute Respiratory Distress,5.6,EMERGENCY,U011,F03,2026-08-12 00:00:00,Admitted
P00317,87,Female,High,Polytrauma,7.4,EMERGENCY,U002,F01,2026-08-28 15:00:00,Admitted
P00318,57,Non-Binary,Low,Post-Operative Recovery,3.2,MedSurg,U008,F02,2026-08-22 12:00:00,Discharged
P00319,86,Male,Medium,Bronchiolitis,4.9,Pediatrics,U009,F02,2026-08-03 15:00:00,Pending Transfer
P00320,65,Male,Medium,Acute Myocardial Infarction,5.0,EMERGENCY,U007,F02,2026-08-22 09:00:00,Admitted
P00321,61,Female,Medium,Multi-organ Dysfunction,5.1,icu,U006,F02,2026-08-19 22:00:00,Admitted
P00322,70,Male,Medium,Cellulitis,4.4,MedSurg,U013,F03,2026-08-17 19:00:00,Transfer Approved
P00323,73,Female,High,Multi-organ Dysfunction,5.7,icu,U011,F03,2026-08-20 04:00:00,Admitted
P00324,53,Male,Low,Septic Shock,3.4,icu,U006,F02,2026-08-25 08:00:00,Pending Transfer
P00325,73,Female,Low,Cellulitis,2.5,MedSurg,U003,F01,2026-08-01 00:00:00,Admitted
P00326,9,Male,Low,Tumor Lysis Syndrome,2.6,Oncology,U010,F02,2026-08-05 00:00:00,Transfer Approved
P00327,69,Male,Low,Diabetes Complications,1.9,MedSurg,U013,F03,2026-08-08 09:00:00,Admitted
P00328,76,Male,High,Post-Operative Recovery,8.1,MedSurg,U013,F03,2026-08-29 07:00:00,Transfer Approved
P00329,86,Male,Low,Chemotherapy Monitoring,3.3,Oncology,U010,F02,2026-08-20 07:00:00,Transfer Approved
P00330,21,Male,High,Pneumonia,7.0,MedSurg,U008,F02,2026-08-31 19:00:00,Admitted
P00331,92,Non-Binary,Low,Polytrauma,1.7,EMERGENCY,U002,F01,2026-08-25 16:00:00,Admitted
P00332,91,Female,Medium,Septic Shock,4.0,icu,U011,F03,2026-08-15 22:00:00,Admitted
P00333,42,Female,Low,Severe Abdominal Pain,1.7,EMERGENCY,U012,F03,2026-08-14 00:00:00,Admitted
P00334,23,Male,Medium,Acute Myocardial Infarction,4.5,EMERGENCY,U002,F01,2026-08-17 03:00:00,Admitted
P00335,70,Female,High,Congenital Heart Defect,5.8,Pediatrics,U009,F02,2026-08-02 13:00:00,Admitted
P00336,10,Non-Binary,Low,Acute Myocardial Infarction,,EMERGENCY,U002,F01,2026-08-28 13:00:00,Admitted
P00337,46,Non-Binary,Medium,Febrile Neutropenia,3.7,Oncology,U005,F01,2026-08-03 11:00:00,Transfer Approved
P00338,78,Non-Binary,Medium,Stroke,3.9,EMERGENCY,U002,F01,2026-08-11 15:00:00,Pending Transfer
P00339,47,Female,Low,Polytrauma,2.9,EMERGENCY,U002,F01,2026-08-06 14:00:00,Admitted
P00340,57,Male,High,Post-Cardiac Arrest,5.9,icu,U006,F02,2026-08-18 02:00:00,Admitted
P00341,59,Female,Critical,Congenital Heart Defect,10.1,Pediatrics,U009,F02,2026-08-18 08:00:00,Admitted
P00342,87,Female,High,Tumor Lysis Syndrome,6.8,EMERGENCY,U005,F01,2026-08-15 00:00:00,Transfer Approved
P00343,13,Female,Low,Pneumonia,2.0,MedSurg,U003,F01,2026-08-26 08:00:00,Admitted
P00344,28,Female,Medium,Polytrauma,4.1,EMERGENCY,U012,F03,2026-08-26 03:00:00,Discharged
P00345,82,Non-Binary,Low,Septic Shock,2.0,icu,U011,F03,2026-08-29 00:00:00,Admitted
P00346,67,Male,Low,Multi-organ Dysfunction,2.9,icu,U001,F01,2026-08-10 21:00:00,Discharged
P00347,24,Male,Medium,Febrile Neutropenia,3.6,Oncology,U010,F02,2026-08-23 22:00:00,Admitted
P00348,6,Non-Binary,High,Acute Respiratory Distress,6.5,icu,U011,F03,2026-08-04 01:00:00,Transfer Approved
P00349,5,Female,Medium,Tumor Lysis Syndrome,4.9,Oncology,U005,F01,2026-08-16 14:00:00,Transfer Approved
P00350,12,Male,High,Stroke,6.9,EMERGENCY,U012,F03,2026-08-10 15:00:00,Pending Transfer
P00351,88,Non-Binary,Low,Septic Shock,,icu,U006,F02,2026-08-17 02:00:00,Transfer Approved
P00352,73,Non-Binary,Critical,Tumor Lysis Syndrome,13.0,Oncology,U010,F02,2026-08-15 03:00:00,Admitted
P00353,18,Non-Binary,Medium,Cellulitis,4.4,MedSurg,U003,F01,2026-08-20 11:00:00,Admitted
P00354,47,Female,Medium,Septic Shock,4.2,icu,U011,F03,2026-08-22 15:00:00,Admitted
P00355,1,Non-Binary,High,Stroke,8.4,EMERGENCY,U012,F03,2026-08-06 09:00:00,Discharged
P00356,7,Male,High,Pediatric Asthma,5.5,Pediatrics,U009,F02,2026-08-17 22:00:00,Admitted
P00357,46,Non-Binary,Low,Diabetes Complications,2.1,MedSurg,U003,F01,2026-08-24 04:00:00,Pending Transfer
P00358,22,Non-Binary,Medium,Tumor Lysis Syndrome,5.2,EMERGENCY,U015,F03,2026-08-14 19:00:00,Admitted
P00359,37,Male,Medium,Palliative Care,4.4,Oncology,U005,F01,2026-08-13 18:00:00,Pending Transfer
P00360,56,Non-Binary,Low,Septic Shock,1.6,icu,U006,F02,2026-08-18 15:00:00,Admitted
P00361,44,Non-Binary,Medium,Post-Operative Recovery,3.9,MedSurg,U008,F02,2026-08-04 11:00:00,Discharged
P00362,24,Non-Binary,Low,Palliative Care,3.3,Oncology,U010,F02,2026-08-01 18:00:00,Admitted
P00363,77,Female,Low,Febrile Neutropenia,2.6,Oncology,U010,F02,2026-08-12 03:00:00,Discharged
P00364,1,Male,Critical,Chemotherapy Monitoring,12.5,Oncology,U015,F03,2026-08-27 07:00:00,Admitted
P00365,21,Non-Binary,Low,Pediatric Asthma,2.5,Pediatrics,U004,F01,2026-08-31 23:00:00,Admitted
P00366,21,Female,Critical,Bronchiolitis,10.9,Pediatrics,U009,F02,2026-08-11 02:00:00,Admitted
P00367,1,Male,High,Diabetes Complications,8.3,MedSurg,U008,F02,2026-08-03 18:00:00,Admitted
P00368,65,Male,Low,Acute Respiratory Distress,2.4,icu,U001,F01,2026-08-08 11:00:00,Admitted
P00369,54,Male,Critical,Post-Operative Recovery,13.3,MedSurg,U013,F03,2026-08-02 02:00:00,Admitted
P00370,64,Non-Binary,Low,Febrile Neutropenia,3.1,Oncology,U010,F02,2026-08-14 15:00:00,Admitted
P00371,4,Female,Low,Polytrauma,2.6,Oncology,U012,F03,2026-08-19 03:00:00,Discharged
P00372,41,Non-Binary,High,Pediatric Asthma,6.5,Pediatrics,U004,F01,2026-08-21 03:00:00,Admitted
P00373,89,Female,Medium,Diabetes Complications,3.9,MedSurg,U013,F03,2026-08-10 06:00:00,Pending Transfer
P00374,89,Female,Low,Tumor Lysis Syndrome,3.1,Oncology,U005,F01,2026-08-16 19:00:00,Admitted
P00375,89,Male,High,Chemotherapy Monitoring,6.0,Oncology,U015,F03,2026-08-03 21:00:00,Admitted
P00376,28,Female,Low,Chemotherapy Monitoring,2.9,Oncology,U015,F03,2026-08-02 07:00:00,Admitted
P00377,91,Female,Low,Pediatric Asthma,2.7,Pediatrics,U009,F02,2026-08-12 13:00:00,Admitted
P00378,86,Male,Medium,Cellulitis,4.4,MedSurg,U008,F02,2026-08-21 23:00:00,Discharged
P00379,38,Male,Critical,Severe Abdominal Pain,9.9,EMERGENCY,U012,F03,2026-08-12 00:00:00,Pending Transfer
P00380,20,Female,Low,Polytrauma,3.4,EMERGENCY,U007,F02,2026-08-04 21:00:00,Transfer Approved
P00381,87,Male,High,Stroke,6.7,EMERGENCY,U007,F02,2026-08-16 20:00:00,Admitted
P00382,28,Non-Binary,Low,Pediatric Asthma,1.6,icu,U009,F02,2026-08-19 21:00:00,Admitted
P00383,38,Male,Medium,Chemotherapy Monitoring,4.4,MedSurg,U010,F02,2026-08-17 22:00:00,Pending Transfer
P00384,53,Non-Binary,Low,Severe Abdominal Pain,2.5,EMERGENCY,U007,F02,2026-08-02 14:00:00,Pending Transfer
P00385,76,Female,Medium,Septic Shock,3.5,MedSurg,U006,F02,2026-08-28 13:00:00,Pending Transfer
P00386,23,Male,Medium,Pneumonia,5.2,MedSurg,U003,F01,2026-08-10 05:00:00,Admitted
P00387,43,Non-Binary,Medium,Post-Cardiac Arrest,4.2,icu,U011,F03,2026-08-16 20:00:00,Admitted
P00388,19,Female,Low,Polytrauma,2.2,EMERGENCY,U002,F01,2026-08-07 21:00:00,Admitted
P00389,38,Female,Low,Febrile Neutropenia,2.4,Oncology,U015,F03,2026-08-28 09:00:00,Admitted
P00390,65,Female,Low,Bronchiolitis,2.9,Pediatrics,U009,F02,2026-08-04 12:00:00,Transfer Approved
P00391,7,Male,,Congenital Heart Defect,9.2,Pediatrics,U014,F03,2026-08-01 02:00:00,Admitted
P00392,42,Male,Medium,Chemotherapy Monitoring,5.2,Oncology,U005,F01,2026-08-14 13:00:00,Pending Transfer
P00393,70,Male,Low,Pediatric Asthma,1.6,Pediatrics,U009,F02,2026-08-13 23:00:00,Admitted
P00394,83,Female,Low,Diabetes Complications,2.8,MedSurg,U013,F03,2026-08-05 02:00:00,Admitted
P00395,32,Female,High,Febrile Neutropenia,5.7,Oncology,U010,F02,2026-08-01 05:00:00,Discharged
P00396,33,Non-Binary,Medium,Congenital Heart Defect,4.0,Pediatrics,U014,F03,2026-08-11 18:00:00,Admitted
P00397,16,Female,High,Tumor Lysis Syndrome,6.0,Oncology,U010,F02,2026-08-25 22:00:00,Admitted
P00398,49,Non-Binary,Medium,Severe Abdominal Pain,4.5,EMERGENCY,U007,F02,2026-08-13 10:00:00,Transfer Approved
P00399,71,Male,Medium,Bronchiolitis,4.4,Pediatrics,U004,F01,2026-08-25 01:00:00,Admitted
P00400,38,Male,Medium,Palliative Care,5.3,Oncology,U010,F02,2026-08-18 11:00:00,Pending Transfer
P00401,36,Non-Binary,Critical,Post-Cardiac Arrest,8.9,icu,U001,F01,2026-08-09 07:00:00,Admitted
P00402,1,Female,Low,Stroke,2.9,EMERGENCY,U007,F02,2026-08-05 09:00:00,Admitted
P00403,26,Male,Low,Cellulitis,3.1,MedSurg,U008,F02,2026-08-02 08:00:00,Admitted
P00404,2,Non-Binary,Medium,Post-Cardiac Arrest,5.0,icu,U011,F03,2026-08-23 11:00:00,Admitted
P00405,52,Female,Low,Post-Cardiac Arrest,2.4,icu,U006,F02,2026-08-04 21:00:00,Transfer Approved
P00406,50,Male,Medium,Severe Abdominal Pain,4.8,EMERGENCY,U012,F03,2026-08-05 17:00:00,Admitted
P00407,28,Male,Low,Post-Cardiac Arrest,,Pediatrics,U011,F03,2026-08-19 00:00:00,Admitted
P00408,65,Female,Low,Febrile Neutropenia,2.4,Oncology,U005,F01,2026-08-28 22:00:00,Pending Transfer
P00409,55,Female,Low,Multi-organ Dysfunction,1.8,icu,U011,F03,2026-08-25 19:00:00,Admitted
P00410,36,Female,Medium,Post-Operative Recovery,5.2,MedSurg,U013,F03,2026-08-10 11:00:00,Admitted
P00411,61,Male,Critical,Pediatric Asthma,9.5,Pediatrics,U009,F02,2026-08-04 04:00:00,Pending Transfer
P00412,75,Non-Binary,Medium,Post-Cardiac Arrest,4.5,Pediatrics,U001,F01,2026-08-13 15:00:00,Admitted
P00413,83,Non-Binary,Low,Diabetes Complications,1.8,MedSurg,U008,F02,2026-08-18 11:00:00,Transfer Approved
P00414,29,Female,High,Stroke,8.1,EMERGENCY,U002,F01,2026-08-10 19:00:00,Admitted
P00415,36,Male,Medium,Febrile Neutropenia,5.3,MedSurg,U015,F03,2026-08-28 10:00:00,Admitted
P00416,44,Male,Critical,Diabetes Complications,13.7,MedSurg,U008,F02,2026-08-28 20:00:00,Pending Transfer
P00417,41,Female,Critical,Cellulitis,10.8,MedSurg,U003,F01,2026-08-05 03:00:00,Pending Transfer
P00418,47,Male,Medium,Post-Operative Recovery,4.1,MedSurg,U008,F02,2026-08-01 14:00:00,Admitted
P00419,51,Female,High,Stroke,7.3,EMERGENCY,U007,F02,2026-08-21 23:00:00,Discharged
P00420,53,Non-Binary,Medium,Acute Myocardial Infarction,4.7,EMERGENCY,U012,F03,2026-08-17 20:00:00,Admitted
P00421,29,Non-Binary,Low,Multi-organ Dysfunction,2.9,icu,U011,F03,2026-08-10 12:00:00,Pending Transfer
P00422,11,Male,Medium,Tumor Lysis Syndrome,3.5,Oncology,U015,F03,2026-08-20 17:00:00,Admitted
P00423,45,Male,Medium,Bronchiolitis,4.7,Pediatrics,U009,F02,2026-08-12 02:00:00,Admitted
P00424,61,Female,Low,Febrile Neutropenia,3.4,Oncology,U015,F03,2026-08-08 18:00:00,Admitted
P00425,59,Male,High,Stroke,5.7,EMERGENCY,U002,F01,2026-08-15 22:00:00,Admitted
P00426,59,Non-Binary,Low,Acute Myocardial Infarction,2.6,Oncology,U002,F01,2026-08-06 18:00:00,Transfer Approved
P00427,65,Male,Low,Febrile Neutropenia,2.2,Oncology,U015,F03,2026-08-18 00:00:00,Admitted
P00428,49,Male,Medium,Acute Respiratory Distress,5.1,icu,U006,F02,2026-08-09 06:00:00,Pending Transfer
P00429,11,Non-Binary,Low,Congenital Heart Defect,3.2,EMERGENCY,U014,F03,2026-08-19 08:00:00,Admitted
P00430,40,Male,High,Post-Cardiac Arrest,7.8,Oncology,U006,F02,2026-08-24 09:00:00,Transfer Approved
P00431,27,Male,Medium,Diabetes Complications,4.4,MedSurg,U008,F02,2026-08-14 23:00:00,Admitted
P00432,52,Male,Medium,Chemotherapy Monitoring,3.8,Oncology,U005,F01,2026-08-15 00:00:00,Admitted
P00433,51,Male,Low,Post-Cardiac Arrest,2.2,Oncology,U011,F03,2026-08-14 03:00:00,Pending Transfer
P00434,25,Female,Low,Post-Operative Recovery,2.9,MedSurg,U003,F01,2026-08-23 21:00:00,Admitted
P00435,21,Male,Low,Chemotherapy Monitoring,3.0,Oncology,U010,F02,2026-08-19 15:00:00,Admitted
P00436,42,Female,Medium,Cellulitis,5.2,MedSurg,U003,F01,2026-08-16 09:00:00,Admitted
P00437,46,Male,Low,Bronchiolitis,3.3,Pediatrics,U009,F02,2026-08-14 18:00:00,Pending Transfer
P00438,18,Non-Binary,High,Cellulitis,6.9,MedSurg,U003,F01,2026-08-14 23:00:00,Admitted
P00439,11,Female,Low,Pneumonia,1.7,MedSurg,U008,F02,2026-08-06 15:00:00,Admitted
P00440,44,Female,Low,Chemotherapy Monitoring,2.6,Oncology,U015,F03,2026-08-05 02:00:00,Admitted
P00441,50,Male,Medium,Febrile Neutropenia,3.6,Oncology,U010,F02,2026-08-22 07:00:00,Admitted
P00442,79,Non-Binary,Medium,Acute Respiratory Distress,5.4,icu,U006,F02,2026-08-25 17:00:00,Admitted
P00443,89,Male,Medium,Diabetes Complications,5.1,Oncology,U013,F03,2026-08-29 19:00:00,Admitted
P00444,84,Female,Medium,Acute Myocardial Infarction,4.3,EMERGENCY,U012,F03,2026-08-13 02:00:00,Admitted
P00445,40,Female,Medium,Bronchiolitis,5.3,Pediatrics,U014,F03,2026-08-11 19:00:00,Admitted
P00446,44,Male,Low,Bronchiolitis,2.6,icu,U004,F01,2026-08-15 14:00:00,Admitted
P00447,91,Non-Binary,High,Acute Myocardial Infarction,8.1,EMERGENCY,U012,F03,2026-08-10 17:00:00,Pending Transfer
P00448,18,Male,Low,Acute Myocardial Infarction,3.2,EMERGENCY,U007,F02,2026-08-11 05:00:00,Admitted
P00449,41,Female,Low,Post-Cardiac Arrest,3.2,icu,U001,F01,2026-08-02 10:00:00,Admitted
P00450,61,Non-Binary,Medium,Febrile Neutropenia,5.2,Pediatrics,U015,F03,2026-08-05 00:00:00,Admitted
P00451,75,Female,Low,Multi-organ Dysfunction,2.3,icu,U006,F02,2026-08-31 17:00:00,Admitted
P00452,84,Non-Binary,High,Diabetes Complications,7.7,MedSurg,U008,F02,2026-08-08 02:00:00,Discharged
P00453,84,Male,Medium,Chemotherapy Monitoring,5.1,Oncology,U015,F03,2026-08-10 07:00:00,Discharged
P00454,36,Non-Binary,Low,Pneumonia,3.3,MedSurg,U008,F02,2026-08-19 13:00:00,Admitted
P00455,23,Non-Binary,Critical,Dehydration,12.4,Pediatrics,U004,F01,2026-08-31 20:00:00,Admitted
P00456,86,Non-Binary,High,Acute Myocardial Infarction,7.7,EMERGENCY,U007,F02,2026-08-03 00:00:00,Admitted
P00457,88,Male,High,Dehydration,8.4,Pediatrics,U014,F03,2026-08-08 11:00:00,Admitted
P00458,12,Female,Low,Chemotherapy Monitoring,1.6,Oncology,U005,F01,2026-08-24 10:00:00,Admitted
P00459,20,Male,High,Pneumonia,5.9,MedSurg,U013,F03,2026-08-25 18:00:00,Admitted
P00460,36,Female,Medium,Pneumonia,5.0,MedSurg,U013,F03,2026-08-07 08:00:00,Admitted
P00461,24,Female,Medium,Tumor Lysis Syndrome,3.5,Oncology,U010,F02,2026-08-26 03:00:00,Admitted
P00462,17,Female,High,Cellulitis,6.8,MedSurg,U008,F02,2026-08-14 06:00:00,Admitted
P00463,46,Male,Medium,Acute Myocardial Infarction,5.3,EMERGENCY,U012,F03,2026-08-10 09:00:00,Discharged
P00464,66,Female,Low,Multi-organ Dysfunction,2.5,icu,U011,F03,2026-08-16 22:00:00,Admitted
P00465,39,Male,Low,Pediatric Asthma,1.8,Pediatrics,U004,F01,2026-08-11 20:00:00,Admitted
P00466,28,Female,Low,Pediatric Asthma,2.3,Pediatrics,U009,F02,2026-08-04 09:00:00,Admitted
P00467,30,Non-Binary,,Pneumonia,6.4,MedSurg,U003,F01,2026-08-27 06:00:00,Admitted
P00468,73,Non-Binary,Medium,Post-Operative Recovery,4.6,Oncology,U003,F01,2026-08-25 11:00:00,Admitted
P00469,69,Non-Binary,Low,Cellulitis,3.1,MedSurg,U008,F02,2026-08-27 06:00:00,Admitted
P00470,13,Non-Binary,High,Acute Respiratory Distress,7.0,icu,U001,F01,2026-08-17 05:00:00,Pending Transfer
P00471,56,Male,High,Severe Abdominal Pain,8.0,EMERGENCY,U007,F02,2026-08-26 10:00:00,Admitted
P00472,80,Non-Binary,High,Chemotherapy Monitoring,5.9,Oncology,U005,F01,2026-08-13 21:00:00,Discharged
P00473,80,Male,Medium,Cellulitis,3.9,MedSurg,U003,F01,2026-08-05 15:00:00,Discharged
P00474,81,Female,Medium,Acute Respiratory Distress,4.5,icu,U011,F03,2026-08-31 12:00:00,Pending Transfer
P00475,20,Non-Binary,Medium,Congenital Heart Defect,5.4,Pediatrics,U009,F02,2026-08-28 08:00:00,Discharged
P00476,45,Male,Medium,Palliative Care,3.6,EMERGENCY,U005,F01,2026-08-28 14:00:00,Admitted
P00477,49,Non-Binary,Low,Palliative Care,2.1,Oncology,U005,F01,2026-08-26 20:00:00,Admitted
P00478,12,Male,Medium,Post-Cardiac Arrest,4.4,icu,U001,F01,2026-08-25 17:00:00,Admitted
P00479,48,Female,High,Acute Myocardial Infarction,7.9,EMERGENCY,U012,F03,2026-08-13 12:00:00,Admitted
P00480,27,Male,Medium,Palliative Care,3.6,Oncology,U005,F01,2026-08-04 14:00:00,Admitted
P00481,85,Female,Low,Tumor Lysis Syndrome,1.9,Pediatrics,U015,F03,2026-08-20 02:00:00,Admitted
P00482,52,Female,High,Pneumonia,8.0,MedSurg,U013,F03,2026-08-22 07:00:00,Pending Transfer
P00483,68,Female,Critical,Acute Myocardial Infarction,10.1,EMERGENCY,U007,F02,2026-08-06 20:00:00,Admitted
P00484,64,Female,Critical,Acute Myocardial Infarction,10.1,EMERGENCY,U002,F01,2026-08-13 12:00:00,Transfer Approved
P00485,91,Non-Binary,Medium,Acute Respiratory Distress,4.1,icu,U006,F02,2026-08-23 12:00:00,Discharged
P00486,21,Male,Low,Palliative Care,2.4,EMERGENCY,U005,F01,2026-08-17 13:00:00,Admitted
P00487,13,Non-Binary,Medium,Chemotherapy Monitoring,4.6,Oncology,U010,F02,2026-08-31 10:00:00,Admitted
P00488,34,Non-Binary,High,Chemotherapy Monitoring,6.7,Oncology,U015,F03,2026-08-08 04:00:00,Admitted
P00489,41,Non-Binary,Low,Polytrauma,2.2,EMERGENCY,U002,F01,2026-08-04 10:00:00,Pending Transfer
P00490,32,Male,Low,Palliative Care,2.9,Oncology,U005,F01,2026-08-07 08:00:00,Pending Transfer
P00491,78,Male,Medium,Chemotherapy Monitoring,4.9,Oncology,U005,F01,2026-08-27 04:00:00,Admitted
P00492,68,Female,Medium,Febrile Neutropenia,3.7,Oncology,U010,F02,2026-08-12 09:00:00,Admitted
P00493,91,Non-Binary,Low,Dehydration,2.6,Pediatrics,U004,F01,2026-08-12 01:00:00,Admitted
P00494,49,Female,Critical,Tumor Lysis Syndrome,8.6,EMERGENCY,U010,F02,2026-08-13 14:00:00,Transfer Approved
P00495,27,Non-Binary,High,Dehydration,7.8,Pediatrics,U009,F02,2026-08-03 16:00:00,Admitted
P00496,81,Male,High,Polytrauma,7.1,EMERGENCY,U007,F02,2026-08-18 15:00:00,Admitted
P00497,52,Female,Medium,Bronchiolitis,4.9,Pediatrics,U014,F03,2026-08-18 09:00:00,Pending Transfer
P00498,72,Non-Binary,Medium,Multi-organ Dysfunction,4.5,EMERGENCY,U011,F03,2026-08-22 14:00:00,Admitted
P00499,83,Male,Low,Septic Shock,3.0,icu,U006,F02,2026-08-02 06:00:00,Admitted
P00500,3,Male,High,Palliative Care,7.5,Oncology,U010,F02,2026-08-31 20:00:00,Discharged
P00501,13,Non-Binary,Low,Cellulitis,3.4,MedSurg,U008,F02,2026-08-12 13:00:00,Admitted
P00502,39,Male,Medium,Dehydration,4.4,Pediatrics,U009,F02,2026-08-29 06:00:00,Admitted
P00503,69,Non-Binary,Medium,Pneumonia,5.2,MedSurg,U003,F01,2026-08-10 20:00:00,Admitted
P00504,11,Female,Low,Polytrauma,3.2,EMERGENCY,U007,F02,2026-08-27 07:00:00,Admitted
P00505,21,Non-Binary,High,Congenital Heart Defect,7.1,Pediatrics,U009,F02,2026-08-16 07:00:00,Admitted
P00506,86,Female,High,Diabetes Complications,6.4,MedSurg,U003,F01,2026-08-07 10:00:00,Admitted
P00507,16,Female,Medium,Chemotherapy Monitoring,4.7,Oncology,U010,F02,2026-08-06 22:00:00,Admitted
P00508,52,Female,Low,Acute Myocardial Infarction,1.8,EMERGENCY,U012,F03,2026-08-17 07:00:00,Transfer Approved
P00509,7,Male,Low,Acute Myocardial Infarction,2.0,EMERGENCY,U002,F01,2026-08-09 10:00:00,Pending Transfer
P00510,69,Non-Binary,Low,Tumor Lysis Syndrome,2.2,Oncology,U010,F02,2026-08-01 06:00:00,Admitted
P00511,60,Non-Binary,Critical,Multi-organ Dysfunction,12.0,icu,U011,F03,2026-08-05 00:00:00,Admitted
P00512,13,Male,Critical,Cellulitis,12.5,MedSurg,U003,F01,2026-08-16 13:00:00,Admitted
P00513,15,Female,Medium,Post-Operative Recovery,5.0,MedSurg,U003,F01,2026-08-11 00:00:00,Admitted
P00514,34,Female,Medium,Dehydration,4.1,Pediatrics,U009,F02,2026-08-17 18:00:00,Admitted
P00515,61,Female,,Stroke,2.5,EMERGENCY,U002,F01,2026-08-31 17:00:00,Transfer Approved
P00516,44,Non-Binary,,Bronchiolitis,8.3,Pediatrics,U004,F01,2026-08-10 09:00:00,Admitted
P00517,76,Male,Low,Febrile Neutropenia,1.8,Oncology,U005,F01,2026-08-28 06:00:00,Admitted
P00518,49,Male,Medium,Post-Cardiac Arrest,5.2,icu,U001,F01,2026-08-21 23:00:00,Discharged
P00519,30,Non-Binary,Medium,Stroke,4.6,EMERGENCY,U007,F02,2026-08-17 14:00:00,Pending Transfer
P00520,77,Non-Binary,Medium,Stroke,4.9,EMERGENCY,U012,F03,2026-08-25 02:00:00,Pending Transfer
P00521,38,Male,High,Acute Myocardial Infarction,6.2,icu,U012,F03,2026-08-03 17:00:00,Admitted
P00522,89,Male,Low,Palliative Care,2.0,Oncology,U015,F03,2026-08-31 08:00:00,Admitted
P00523,77,Male,High,Acute Myocardial Infarction,8.0,EMERGENCY,U012,F03,2026-08-30 12:00:00,Admitted
P00524,76,Non-Binary,High,Multi-organ Dysfunction,7.5,icu,U001,F01,2026-08-27 11:00:00,Admitted
P00525,41,Male,High,Diabetes Complications,5.8,MedSurg,U003,F01,2026-08-03 15:00:00,Admitted
P00526,47,Male,High,Multi-organ Dysfunction,5.6,icu,U006,F02,2026-08-06 08:00:00,Transfer Approved
P00527,74,Non-Binary,High,Dehydration,5.6,Pediatrics,U004,F01,2026-08-27 22:00:00,Pending Transfer
P00528,27,Female,Low,Acute Respiratory Distress,2.2,icu,U011,F03,2026-08-29 20:00:00,Transfer Approved
P00529,46,Male,Medium,Acute Respiratory Distress,4.5,icu,U006,F02,2026-08-02 16:00:00,Transfer Approved
P00530,70,Non-Binary,Medium,Post-Operative Recovery,3.8,MedSurg,U003,F01,2026-08-08 16:00:00,Admitted
P00531,54,Male,Low,Acute Respiratory Distress,,icu,U006,F02,2026-08-15 10:00:00,Admitted
P00532,29,Male,Low,Post-Cardiac Arrest,2.0,icu,U011,F03,2026-08-04 21:00:00,Admitted
P00533,40,Male,High,Post-Operative Recovery,8.3,MedSurg,U003,F01,2026-08-16 17:00:00,Admitted
P00534,62,Female,Medium,Pediatric Asthma,5.3,Pediatrics,U009,F02,2026-08-03 08:00:00,Transfer Approved
P00535,15,Male,Medium,Pneumonia,4.8,MedSurg,U013,F03,2026-08-25 01:00:00,Admitted
P00536,20,Female,Low,Acute Respiratory Distress,2.3,icu,U006,F02,2026-08-16 11:00:00,Pending Transfer
P00537,90,Female,Low,Febrile Neutropenia,2.1,Oncology,U015,F03,2026-08-30 15:00:00,Admitted
P00538,43,Female,High,Congenital Heart Defect,6.0,Pediatrics,U009,F02,2026-08-07 03:00:00,Pending Transfer
P00539,55,Male,,Febrile Neutropenia,5.4,Oncology,U015,F03,2026-08-22 17:00:00,Admitted
P00540,85,Male,,Congenital Heart Defect,1.8,Pediatrics,U014,F03,2026-08-04 14:00:00,Admitted
P00541,1,Female,Low,Acute Myocardial Infarction,3.2,EMERGENCY,U002,F01,2026-08-28 11:00:00,Admitted
P00542,81,Non-Binary,Medium,Chemotherapy Monitoring,5.4,Oncology,U015,F03,2026-08-27 04:00:00,Admitted
P00543,24,Female,Medium,Post-Cardiac Arrest,3.8,icu,U006,F02,2026-08-12 15:00:00,Admitted
P00544,78,Male,High,Post-Operative Recovery,7.7,MedSurg,U013,F03,2026-08-31 23:00:00,Admitted
P00545,17,Female,Medium,Diabetes Complications,5.0,MedSurg,U008,F02,2026-08-05 13:00:00,Admitted
P00546,41,Female,Low,Diabetes Complications,2.3,MedSurg,U003,F01,2026-08-11 18:00:00,Transfer Approved
P00547,78,Non-Binary,Medium,Bronchiolitis,3.8,Pediatrics,U009,F02,2026-08-23 10:00:00,Transfer Approved
P00548,53,Male,High,Febrile Neutropenia,5.9,Oncology,U015,F03,2026-08-01 08:00:00,Admitted
P00549,37,Non-Binary,Low,Stroke,2.0,EMERGENCY,U002,F01,2026-08-01 06:00:00,Admitted
P00550,30,Male,High,Palliative Care,7.7,Oncology,U010,F02,2026-08-25 16:00:00,Admitted
P00551,36,Non-Binary,Low,Chemotherapy Monitoring,1.7,Oncology,U015,F03,2026-08-02 03:00:00,Pending Transfer
P00552,91,Female,Critical,Post-Cardiac Arrest,12.1,icu,U011,F03,2026-08-04 19:00:00,Admitted
P00553,57,Female,,Polytrauma,3.2,EMERGENCY,U007,F02,2026-08-07 06:00:00,Admitted
P00554,59,Male,Critical,Stroke,13.9,EMERGENCY,U012,F03,2026-08-16 11:00:00,Pending Transfer
P00555,21,Female,Medium,Febrile Neutropenia,3.7,icu,U010,F02,2026-08-28 11:00:00,Admitted
P00556,70,Female,Critical,Pediatric Asthma,14.0,Pediatrics,U014,F03,2026-08-05 21:00:00,Admitted
P00557,91,Female,Low,Severe Abdominal Pain,3.3,EMERGENCY,U002,F01,2026-08-11 07:00:00,Pending Transfer
P00558,37,Female,High,Dehydration,8.1,Pediatrics,U004,F01,2026-08-19 02:00:00,Transfer Approved
P00559,26,Non-Binary,High,Pneumonia,5.9,MedSurg,U013,F03,2026-08-23 09:00:00,Admitted
P00560,26,Non-Binary,Low,Severe Abdominal Pain,1.7,MedSurg,U002,F01,2026-08-09 02:00:00,Admitted
P00561,57,Male,Low,Palliative Care,3.4,Oncology,U005,F01,2026-08-16 22:00:00,Admitted
P00562,89,Female,Low,Palliative Care,2.1,Oncology,U005,F01,2026-08-27 12:00:00,Admitted
P00563,47,Non-Binary,High,Diabetes Complications,6.8,MedSurg,U013,F03,2026-08-31 07:00:00,Discharged
P00564,82,Male,Critical,Febrile Neutropenia,10.7,Oncology,U010,F02,2026-08-22 20:00:00,Admitted
P00565,41,Female,Low,Stroke,1.7,EMERGENCY,U012,F03,2026-08-06 03:00:00,Discharged
P00566,16,Non-Binary,Medium,Cellulitis,4.5,MedSurg,U008,F02,2026-08-10 13:00:00,Transfer Approved
P00567,67,Male,Low,Pediatric Asthma,2.1,Pediatrics,U004,F01,2026-08-12 19:00:00,Admitted
P00568,51,Female,Low,Polytrauma,3.0,EMERGENCY,U007,F02,2026-08-08 13:00:00,Admitted
P00569,43,Female,Medium,Pneumonia,4.1,MedSurg,U008,F02,2026-08-30 17:00:00,Admitted
P00570,38,Non-Binary,Medium,Severe Abdominal Pain,5.0,EMERGENCY,U002,F01,2026-08-22 10:00:00,Admitted
P00571,17,Non-Binary,High,Diabetes Complications,7.9,MedSurg,U013,F03,2026-08-12 20:00:00,Admitted
P00572,36,Male,Low,Diabetes Complications,3.4,MedSurg,U008,F02,2026-08-21 05:00:00,Pending Transfer
P00573,26,Male,Medium,Tumor Lysis Syndrome,3.6,Oncology,U010,F02,2026-08-19 02:00:00,Admitted
P00574,2,Male,Medium,Post-Cardiac Arrest,3.9,icu,U006,F02,2026-08-16 00:00:00,Admitted
P00575,66,Male,Medium,Post-Operative Recovery,4.4,MedSurg,U003,F01,2026-08-12 20:00:00,Transfer Approved
P00576,49,Female,Critical,Bronchiolitis,9.7,Pediatrics,U004,F01,2026-08-29 17:00:00,Admitted
P00577,2,Male,Medium,Bronchiolitis,5.3,Pediatrics,U014,F03,2026-08-06 22:00:00,Admitted
P00578,13,Female,High,Chemotherapy Monitoring,7.8,Oncology,U010,F02,2026-08-17 21:00:00,Admitted
P00579,71,Male,Medium,Stroke,3.6,EMERGENCY,U007,F02,2026-08-07 08:00:00,Admitted
P00580,6,Female,High,Multi-organ Dysfunction,6.1,icu,U006,F02,2026-08-12 08:00:00,Admitted
P00581,58,Female,Critical,Multi-organ Dysfunction,9.0,icu,U006,F02,2026-08-28 21:00:00,Admitted
P00582,75,Female,Low,Diabetes Complications,2.4,MedSurg,U003,F01,2026-08-02 21:00:00,Admitted
P00583,23,Female,Critical,Post-Cardiac Arrest,9.1,icu,U006,F02,2026-08-05 02:00:00,Admitted
P00584,6,Female,Medium,Febrile Neutropenia,5.3,Oncology,U005,F01,2026-08-02 05:00:00,Admitted
P00585,29,Non-Binary,Critical,Pneumonia,12.8,MedSurg,U008,F02,2026-08-24 04:00:00,Transfer Approved
P00586,60,Non-Binary,Medium,Tumor Lysis Syndrome,5.0,Oncology,U010,F02,2026-08-27 22:00:00,Admitted
P00587,92,Non-Binary,Medium,Cellulitis,4.1,MedSurg,U013,F03,2026-08-25 22:00:00,Pending Transfer
P00588,90,Non-Binary,Medium,Post-Cardiac Arrest,5.3,icu,U001,F01,2026-08-26 20:00:00,Admitted
P00589,37,Female,Low,Acute Respiratory Distress,2.9,icu,U006,F02,2026-08-14 07:00:00,Admitted
P00590,92,Male,Medium,Stroke,5.1,EMERGENCY,U012,F03,2026-08-13 04:00:00,Pending Transfer
P00591,10,Non-Binary,Medium,Pediatric Asthma,,Pediatrics,U014,F03,2026-08-18 17:00:00,Admitted
P00592,73,Male,Medium,Post-Operative Recovery,4.0,MedSurg,U008,F02,2026-08-26 21:00:00,Admitted
P00593,71,Non-Binary,Critical,Septic Shock,8.8,icu,U006,F02,2026-08-15 21:00:00,Admitted
P00594,21,Female,Low,Tumor Lysis Syndrome,2.2,Oncology,U005,F01,2026-08-07 18:00:00,Admitted
P00595,69,Female,Medium,Polytrauma,4.5,EMERGENCY,U007,F02,2026-08-02 18:00:00,Admitted
P00596,51,Non-Binary,High,Cellulitis,7.3,MedSurg,U013,F03,2026-08-23 12:00:00,Admitted
P00597,36,Non-Binary,High,Febrile Neutropenia,8.1,Oncology,U005,F01,2026-08-11 22:00:00,Discharged
P00598,37,Female,Medium,Severe Abdominal Pain,3.6,EMERGENCY,U012,F03,2026-08-27 06:00:00,Admitted
P00599,38,Male,Medium,Cellulitis,,MedSurg,U013,F03,2026-08-02 17:00:00,Admitted
P00600,8,Female,Low,Congenital Heart Defect,,Pediatrics,U009,F02,2026-08-05 02:00:00,Admitted
P00601,35,Non-Binary,Low,Multi-organ Dysfunction,1.8,icu,U001,F01,2026-08-16 23:00:00,Admitted
P00602,89,Male,Low,Multi-organ Dysfunction,2.6,icu,U001,F01,2026-08-26 16:00:00,Admitted
P00603,12,Male,Low,Palliative Care,2.7,Oncology,U005,F01,2026-08-15 17:00:00,Admitted
P00604,23,Female,Low,Febrile Neutropenia,2.7,icu,U005,F01,2026-08-20 15:00:00,Admitted
P00605,35,Female,Medium,Pediatric Asthma,5.4,Pediatrics,U014,F03,2026-08-29 12:00:00,Admitted
P00606,74,Female,Low,Pneumonia,3.4,MedSurg,U013,F03,2026-08-04 20:00:00,Admitted
P00607,32,Male,Medium,Bronchiolitis,4.1,Pediatrics,U009,F02,2026-08-04 21:00:00,Admitted
P00608,3,Female,Low,Diabetes Complications,2.6,MedSurg,U013,F03,2026-08-13 07:00:00,Admitted
P00609,24,Male,High,Post-Operative Recovery,7.5,MedSurg,U013,F03,2026-08-27 04:00:00,Pending Transfer
P00610,21,Male,Low,Pediatric Asthma,2.9,Pediatrics,U004,F01,2026-08-20 05:00:00,Discharged
P00611,2,Male,Medium,Pediatric Asthma,5.0,Pediatrics,U004,F01,2026-08-31 13:00:00,Pending Transfer
P00612,33,Female,Medium,Dehydration,5.2,Pediatrics,U009,F02,2026-08-08 17:00:00,Admitted
P00613,32,Female,Low,Acute Respiratory Distress,2.1,icu,U001,F01,2026-08-10 22:00:00,Admitted
P00614,21,Non-Binary,Medium,Congenital Heart Defect,5.2,Pediatrics,U009,F02,2026-08-19 20:00:00,Admitted
P00615,88,Female,High,Bronchiolitis,6.7,Pediatrics,U009,F02,2026-08-09 14:00:00,Admitted
P00616,73,Male,Low,Congenital Heart Defect,2.6,Pediatrics,U014,F03,2026-08-13 06:00:00,Admitted
P00617,44,Female,Medium,Dehydration,4.3,Pediatrics,U004,F01,2026-08-29 04:00:00,Admitted
P00618,42,Male,Low,Acute Respiratory Distress,3.1,icu,U006,F02,2026-08-11 19:00:00,Pending Transfer
P00619,53,Female,High,Tumor Lysis Syndrome,8.2,Oncology,U010,F02,2026-08-25 08:00:00,Admitted
P00620,81,Male,Medium,Chemotherapy Monitoring,3.7,Oncology,U010,F02,2026-08-25 12:00:00,Admitted
P00621,59,Male,Medium,Acute Myocardial Infarction,5.4,MedSurg,U002,F01,2026-08-05 13:00:00,Admitted
P00622,89,Non-Binary,Low,Pneumonia,3.3,MedSurg,U008,F02,2026-08-26 23:00:00,Admitted
P00623,15,Non-Binary,Low,Acute Myocardial Infarction,1.9,EMERGENCY,U007,F02,2026-08-25 11:00:00,Admitted
P00624,47,Male,Medium,Multi-organ Dysfunction,5.5,Oncology,U001,F01,2026-08-28 22:00:00,Admitted
P00625,65,Non-Binary,High,Septic Shock,8.0,icu,U006,F02,2026-08-10 17:00:00,Admitted
P00626,54,Female,Medium,Stroke,4.8,EMERGENCY,U007,F02,2026-08-27 12:00:00,Admitted
P00627,43,Female,Low,Diabetes Complications,2.1,MedSurg,U008,F02,2026-08-02 23:00:00,Admitted
P00628,70,Male,High,Acute Myocardial Infarction,8.1,EMERGENCY,U012,F03,2026-08-09 21:00:00,Pending Transfer
P00629,52,Female,Medium,Diabetes Complications,3.6,MedSurg,U013,F03,2026-08-13 08:00:00,Pending Transfer
P00630,35,Male,Low,Chemotherapy Monitoring,1.9,Oncology,U015,F03,2026-08-07 05:00:00,Pending Transfer
P00631,79,Male,High,Bronchiolitis,7.1,Pediatrics,U004,F01,2026-08-19 20:00:00,Admitted
P00632,7,Non-Binary,Medium,Pediatric Asthma,4.4,Pediatrics,U009,F02,2026-08-26 04:00:00,Admitted
P00633,2,Non-Binary,Medium,Severe Abdominal Pain,5.3,EMERGENCY,U007,F02,2026-08-31 09:00:00,Admitted
P00634,62,Male,High,Febrile Neutropenia,8.5,Oncology,U015,F03,2026-08-21 16:00:00,Admitted
P00635,48,Male,Low,Pneumonia,2.7,MedSurg,U013,F03,2026-08-01 17:00:00,Pending Transfer
P00636,57,Male,Medium,Pneumonia,3.7,MedSurg,U003,F01,2026-08-31 18:00:00,Admitted
P00637,77,Female,Critical,Multi-organ Dysfunction,10.0,icu,U006,F02,2026-08-12 08:00:00,Admitted
P00638,22,Non-Binary,Low,Septic Shock,2.8,icu,U011,F03,2026-08-28 07:00:00,Pending Transfer
P00639,15,Male,Low,Chemotherapy Monitoring,1.5,EMERGENCY,U010,F02,2026-08-29 11:00:00,Transfer Approved
P00640,25,Non-Binary,Medium,Post-Operative Recovery,4.9,icu,U003,F01,2026-08-27 04:00:00,Admitted
P00641,18,Female,Medium,Cellulitis,4.3,MedSurg,U013,F03,2026-08-22 05:00:00,Admitted
P00642,51,Male,Low,Palliative Care,1.6,Oncology,U010,F02,2026-08-30 00:00:00,Admitted
P00643,26,Non-Binary,Low,Dehydration,2.8,Pediatrics,U009,F02,2026-08-28 23:00:00,Admitted
P00644,12,Male,Medium,Multi-organ Dysfunction,4.6,icu,U006,F02,2026-08-29 09:00:00,Admitted
P00645,58,Female,Medium,Acute Respiratory Distress,4.3,icu,U001,F01,2026-08-04 00:00:00,Admitted
P00646,86,Female,Critical,Severe Abdominal Pain,10.9,EMERGENCY,U002,F01,2026-08-31 09:00:00,Admitted
P00647,91,Female,Critical,Pediatric Asthma,13.3,MedSurg,U004,F01,2026-08-06 18:00:00,Admitted
P00648,52,Female,Low,Stroke,2.9,EMERGENCY,U002,F01,2026-08-16 04:00:00,Pending Transfer
P00649,46,Male,Medium,Post-Operative Recovery,4.9,MedSurg,U003,F01,2026-08-03 16:00:00,Admitted
P00650,8,Male,Low,Palliative Care,2.5,MedSurg,U010,F02,2026-08-04 18:00:00,Pending Transfer
P00651,23,Male,Medium,Acute Myocardial Infarction,4.4,EMERGENCY,U007,F02,2026-08-10 15:00:00,Admitted
P00652,57,Male,Medium,Palliative Care,4.2,Oncology,U015,F03,2026-08-18 16:00:00,Pending Transfer
P00653,86,Non-Binary,High,Tumor Lysis Syndrome,8.1,Oncology,U005,F01,2026-08-11 10:00:00,Admitted
P00654,78,Male,Critical,Palliative Care,8.7,Oncology,U015,F03,2026-08-08 18:00:00,Admitted
P00655,54,Non-Binary,Low,Tumor Lysis Syndrome,2.8,Oncology,U010,F02,2026-08-01 15:00:00,Pending Transfer
P00656,20,Non-Binary,Medium,Dehydration,4.3,Pediatrics,U009,F02,2026-08-12 00:00:00,Admitted
P00657,43,Male,Low,Febrile Neutropenia,3.3,Oncology,U015,F03,2026-08-25 14:00:00,Pending Transfer
P00658,8,Female,,Polytrauma,2.5,EMERGENCY,U002,F01,2026-08-28 20:00:00,Admitted
P00659,55,Non-Binary,Low,Congenital Heart Defect,1.9,Pediatrics,U004,F01,2026-08-07 17:00:00,Admitted
P00660,70,Male,Medium,Febrile Neutropenia,5.1,Oncology,U010,F02,2026-08-21 09:00:00,Admitted
P00661,20,Non-Binary,Medium,Febrile Neutropenia,4.3,Oncology,U010,F02,2026-08-03 17:00:00,Admitted
P00662,72,Female,Medium,Stroke,4.0,EMERGENCY,U007,F02,2026-08-23 15:00:00,Transfer Approved
P00663,36,Male,Medium,Post-Cardiac Arrest,5.3,icu,U001,F01,2026-08-22 00:00:00,Admitted
P00664,89,Male,Medium,Diabetes Complications,4.4,MedSurg,U003,F01,2026-08-19 05:00:00,Pending Transfer
P00665,2,Non-Binary,Low,Pneumonia,2.9,MedSurg,U003,F01,2026-08-19 21:00:00,Admitted
P00666,65,Female,Critical,Post-Cardiac Arrest,11.1,icu,U001,F01,2026-08-07 22:00:00,Admitted
P00667,28,Male,High,Severe Abdominal Pain,7.8,EMERGENCY,U012,F03,2026-08-12 13:00:00,Admitted
P00668,55,Non-Binary,High,Palliative Care,7.7,Oncology,U010,F02,2026-08-14 14:00:00,Admitted
P00669,7,Non-Binary,Low,Severe Abdominal Pain,1.5,Pediatrics,U012,F03,2026-08-28 05:00:00,Pending Transfer
P00670,19,Male,Low,Acute Myocardial Infarction,2.3,EMERGENCY,U007,F02,2026-08-04 16:00:00,Admitted
P00671,62,Female,Critical,Tumor Lysis Syndrome,11.1,Oncology,U010,F02,2026-08-02 17:00:00,Admitted
P00672,83,Non-Binary,Medium,Polytrauma,4.8,EMERGENCY,U012,F03,2026-08-16 03:00:00,Admitted
P00673,29,Male,High,Tumor Lysis Syndrome,5.9,Oncology,U010,F02,2026-08-05 04:00:00,Admitted
P00674,19,Non-Binary,High,Post-Cardiac Arrest,8.2,icu,U001,F01,2026-08-02 02:00:00,Admitted
P00675,2,Female,Low,Stroke,2.1,EMERGENCY,U002,F01,2026-08-21 06:00:00,Admitted
P00676,1,Female,Medium,Dehydration,5.5,MedSurg,U004,F01,2026-08-13 21:00:00,Admitted
P00677,65,Non-Binary,Low,Post-Cardiac Arrest,2.9,icu,U011,F03,2026-08-27 18:00:00,Pending Transfer
P00678,3,Male,Critical,Diabetes Complications,9.5,MedSurg,U008,F02,2026-08-05 17:00:00,Admitted
P00679,21,Non-Binary,High,Polytrauma,7.4,EMERGENCY,U002,F01,2026-08-27 17:00:00,Transfer Approved
P00680,55,Male,Medium,Cellulitis,5.3,MedSurg,U008,F02,2026-08-31 09:00:00,Admitted
P00681,86,Female,Low,Polytrauma,1.6,EMERGENCY,U007,F02,2026-08-18 11:00:00,Transfer Approved
P00682,30,Male,Low,Septic Shock,1.8,icu,U001,F01,2026-08-31 13:00:00,Admitted
P00683,79,Non-Binary,Medium,Chemotherapy Monitoring,5.5,Oncology,U010,F02,2026-08-21 07:00:00,Admitted
P00684,25,Non-Binary,Critical,Pediatric Asthma,12.8,Pediatrics,U014,F03,2026-08-18 22:00:00,Transfer Approved
P00685,72,Male,Medium,Bronchiolitis,4.9,Pediatrics,U004,F01,2026-08-02 22:00:00,Admitted
P00686,92,Female,Low,Acute Myocardial Infarction,3.4,EMERGENCY,U007,F02,2026-08-22 07:00:00,Admitted
P00687,60,Female,Low,Post-Cardiac Arrest,2.0,icu,U001,F01,2026-08-07 20:00:00,Pending Transfer
P00688,71,Non-Binary,Medium,Febrile Neutropenia,3.6,Oncology,U015,F03,2026-08-11 03:00:00,Admitted
P00689,5,Non-Binary,Low,Chemotherapy Monitoring,3.2,Oncology,U015,F03,2026-08-30 08:00:00,Transfer Approved
P00690,37,Non-Binary,High,Pediatric Asthma,5.5,Pediatrics,U014,F03,2026-08-12 04:00:00,Admitted
P00691,58,Female,High,Multi-organ Dysfunction,8.5,icu,U006,F02,2026-08-16 22:00:00,Admitted
P00692,13,Female,Critical,Pneumonia,13.1,MedSurg,U013,F03,2026-08-04 23:00:00,Transfer Approved
P00693,18,Non-Binary,High,Cellulitis,6.0,MedSurg,U003,F01,2026-08-26 18:00:00,Discharged
P00694,65,Non-Binary,Low,Diabetes Complications,3.1,MedSurg,U013,F03,2026-08-09 00:00:00,Admitted
P00695,41,Female,Critical,Congenital Heart Defect,10.7,Pediatrics,U004,F01,2026-08-08 14:00:00,Admitted
P00696,7,Female,Low,Multi-organ Dysfunction,2.0,icu,U001,F01,2026-08-11 11:00:00,Pending Transfer
P00697,44,Female,High,Chemotherapy Monitoring,5.6,Oncology,U015,F03,2026-08-11 01:00:00,Admitted
P00698,71,Female,Medium,Bronchiolitis,3.7,Pediatrics,U009,F02,2026-08-17 01:00:00,Discharged
P00699,72,Male,Low,Bronchiolitis,2.9,Pediatrics,U009,F02,2026-08-05 03:00:00,Admitted
P00700,7,Female,Medium,Pediatric Asthma,3.5,Pediatrics,U014,F03,2026-08-05 20:00:00,Pending Transfer
P00701,3,Female,Low,Polytrauma,2.2,EMERGENCY,U007,F02,2026-08-16 05:00:00,Discharged
P00702,25,Male,Medium,Chemotherapy Monitoring,4.0,Oncology,U005,F01,2026-08-16 03:00:00,Pending Transfer
P00703,53,Non-Binary,High,Diabetes Complications,7.2,MedSurg,U003,F01,2026-08-15 08:00:00,Discharged
P00704,33,Female,Low,Severe Abdominal Pain,1.6,EMERGENCY,U007,F02,2026-08-24 14:00:00,Admitted
P00705,54,Male,Low,Polytrauma,2.9,Oncology,U002,F01,2026-08-28 09:00:00,Admitted
P00706,74,Male,Medium,Dehydration,5.0,Pediatrics,U004,F01,2026-08-22 23:00:00,Admitted
P00707,39,Male,Medium,Diabetes Complications,3.9,MedSurg,U008,F02,2026-08-07 00:00:00,Admitted
P00708,43,Male,Critical,Chemotherapy Monitoring,9.2,Oncology,U010,F02,2026-08-28 12:00:00,Admitted
P00709,63,Male,High,Pediatric Asthma,7.0,Pediatrics,U004,F01,2026-08-12 02:00:00,Pending Transfer
P00710,45,Female,Medium,Palliative Care,5.1,Oncology,U005,F01,2026-08-06 18:00:00,Transfer Approved
P00711,65,Male,Medium,Post-Cardiac Arrest,4.0,icu,U006,F02,2026-08-13 09:00:00,Transfer Approved
P00712,20,Non-Binary,Medium,Acute Respiratory Distress,5.0,icu,U006,F02,2026-08-15 16:00:00,Admitted
P00713,55,Non-Binary,Medium,Stroke,3.6,EMERGENCY,U012,F03,2026-08-27 14:00:00,Admitted
P00714,21,Female,Low,Multi-organ Dysfunction,2.9,icu,U001,F01,2026-08-11 23:00:00,Transfer Approved
P00715,78,Male,Medium,Tumor Lysis Syndrome,4.7,Oncology,U015,F03,2026-08-08 10:00:00,Admitted
P00716,83,Non-Binary,Low,Pediatric Asthma,1.9,Pediatrics,U004,F01,2026-08-06 07:00:00,Admitted
P00717,3,Female,Medium,Congenital Heart Defect,4.3,Pediatrics,U014,F03,2026-08-22 13:00:00,Discharged
P00718,5,Non-Binary,Low,Polytrauma,3.2,EMERGENCY,U007,F02,2026-08-31 21:00:00,Admitted
P00719,35,Non-Binary,High,Congenital Heart Defect,7.8,Pediatrics,U009,F02,2026-08-15 07:00:00,Admitted
P00720,75,Non-Binary,Medium,Congenital Heart Defect,5.0,Pediatrics,U014,F03,2026-08-12 12:00:00,Admitted
P00721,6,Male,High,Chemotherapy Monitoring,7.2,Oncology,U010,F02,2026-08-11 05:00:00,Admitted
P00722,85,Female,Critical,Chemotherapy Monitoring,10.1,Oncology,U005,F01,2026-08-12 15:00:00,Transfer Approved
P00723,29,Female,Medium,Chemotherapy Monitoring,4.3,Oncology,U005,F01,2026-08-27 22:00:00,Admitted
P00724,21,Female,Low,Dehydration,3.3,Pediatrics,U014,F03,2026-08-27 16:00:00,Admitted
P00725,17,Female,Critical,Cellulitis,12.8,MedSurg,U003,F01,2026-08-24 11:00:00,Pending Transfer
P00726,7,Female,High,Tumor Lysis Syndrome,8.5,Oncology,U010,F02,2026-08-17 06:00:00,Admitted
P00727,73,Female,Low,Severe Abdominal Pain,1.7,EMERGENCY,U012,F03,2026-08-28 02:00:00,Admitted
P00728,23,Female,High,Pediatric Asthma,8.1,Pediatrics,U009,F02,2026-08-30 14:00:00,Admitted
P00729,43,Male,Medium,Multi-organ Dysfunction,4.6,icu,U001,F01,2026-08-02 11:00:00,Admitted
P00730,66,Male,Medium,Febrile Neutropenia,5.3,MedSurg,U010,F02,2026-08-07 06:00:00,Admitted
P00731,33,Female,Low,Chemotherapy Monitoring,2.3,Oncology,U005,F01,2026-08-14 19:00:00,Pending Transfer
P00732,26,Female,,Polytrauma,,EMERGENCY,U012,F03,2026-08-09 22:00:00,Admitted
P00733,9,Male,Critical,Diabetes Complications,12.0,MedSurg,U013,F03,2026-08-29 06:00:00,Admitted
P00734,47,Non-Binary,Critical,Febrile Neutropenia,8.7,Oncology,U005,F01,2026-08-23 20:00:00,Admitted
P00735,3,Non-Binary,Medium,Polytrauma,3.6,EMERGENCY,U007,F02,2026-08-16 11:00:00,Pending Transfer
P00736,3,Non-Binary,Low,Cellulitis,2.4,MedSurg,U013,F03,2026-08-11 17:00:00,Pending Transfer
P00737,81,Female,High,Diabetes Complications,6.7,MedSurg,U008,F02,2026-08-14 07:00:00,Transfer Approved
P00738,91,Male,High,Multi-organ Dysfunction,7.2,icu,U006,F02,2026-08-10 17:00:00,Admitted
P00739,6,Female,Low,Acute Myocardial Infarction,2.7,EMERGENCY,U007,F02,2026-08-08 04:00:00,Admitted
P00740,65,Male,Critical,Cellulitis,12.8,MedSurg,U013,F03,2026-08-12 05:00:00,Admitted
P00741,90,Non-Binary,Medium,Pneumonia,4.4,MedSurg,U003,F01,2026-08-23 07:00:00,Discharged
P00742,10,Non-Binary,Medium,Chemotherapy Monitoring,5.4,Oncology,U010,F02,2026-08-26 17:00:00,Discharged
P00743,38,Male,Medium,Acute Respiratory Distress,4.3,MedSurg,U001,F01,2026-08-23 00:00:00,Pending Transfer
P00744,81,Male,Low,Stroke,2.2,EMERGENCY,U002,F01,2026-08-12 04:00:00,Admitted
P00745,48,Male,Low,Palliative Care,2.0,Oncology,U010,F02,2026-08-11 13:00:00,Discharged
P00746,51,Non-Binary,Medium,Febrile Neutropenia,4.3,Oncology,U010,F02,2026-08-13 15:00:00,Discharged
P00747,71,Female,Low,Dehydration,3.2,Pediatrics,U009,F02,2026-08-12 11:00:00,Admitted
P00748,92,Female,Low,Acute Myocardial Infarction,2.9,EMERGENCY,U012,F03,2026-08-04 13:00:00,Admitted
P00749,74,Non-Binary,Critical,Diabetes Complications,13.9,MedSurg,U013,F03,2026-08-22 00:00:00,Admitted
P00750,38,Non-Binary,Critical,Multi-organ Dysfunction,11.0,icu,U011,F03,2026-08-10 16:00:00,Admitted
P00751,46,Male,High,Palliative Care,6.5,Oncology,U015,F03,2026-08-02 14:00:00,Admitted
P00752,57,Non-Binary,Critical,Pediatric Asthma,11.6,Pediatrics,U014,F03,2026-08-29 05:00:00,Pending Transfer
P00753,14,Male,Low,Septic Shock,2.6,icu,U011,F03,2026-08-28 03:00:00,Admitted
P00754,7,Female,Medium,Dehydration,5.4,Pediatrics,U014,F03,2026-08-23 02:00:00,Admitted
P00755,69,Female,Critical,Severe Abdominal Pain,13.5,EMERGENCY,U012,F03,2026-08-25 15:00:00,Admitted
P00756,36,Non-Binary,Medium,Diabetes Complications,3.8,MedSurg,U013,F03,2026-08-11 18:00:00,Admitted
P00757,3,Non-Binary,High,Post-Cardiac Arrest,8.2,icu,U001,F01,2026-08-29 08:00:00,Admitted
P00758,48,Non-Binary,Medium,Severe Abdominal Pain,5.5,EMERGENCY,U002,F01,2026-08-12 15:00:00,Admitted
P00759,38,Male,High,Congenital Heart Defect,7.3,Pediatrics,U014,F03,2026-08-18 09:00:00,Admitted
P00760,89,Male,High,Pneumonia,6.6,MedSurg,U013,F03,2026-08-21 11:00:00,Admitted
P00761,78,Male,Medium,Post-Operative Recovery,3.6,MedSurg,U013,F03,2026-08-15 10:00:00,Admitted
P00762,88,Female,Critical,Pneumonia,12.2,MedSurg,U008,F02,2026-08-10 08:00:00,Transfer Approved
P00763,25,Female,High,Palliative Care,5.9,Oncology,U015,F03,2026-08-22 15:00:00,Admitted
P00764,34,Male,High,Post-Cardiac Arrest,7.4,icu,U006,F02,2026-08-30 00:00:00,Admitted
P00765,61,Non-Binary,Low,Palliative Care,2.0,Oncology,U015,F03,2026-08-13 02:00:00,Admitted
P00766,80,Male,Low,Septic Shock,2.7,icu,U011,F03,2026-08-26 04:00:00,Admitted
P00767,40,Male,Medium,Post-Cardiac Arrest,4.3,icu,U011,F03,2026-08-23 17:00:00,Admitted
P00768,89,Non-Binary,Low,Chemotherapy Monitoring,2.3,Oncology,U015,F03,2026-08-13 20:00:00,Admitted
P00769,13,Non-Binary,Medium,Stroke,4.0,EMERGENCY,U002,F01,2026-08-28 01:00:00,Pending Transfer
P00770,39,Non-Binary,Medium,Septic Shock,4.5,icu,U001,F01,2026-08-09 11:00:00,Admitted
P00771,45,Male,High,Multi-organ Dysfunction,7.4,icu,U011,F03,2026-08-13 22:00:00,Admitted
P00772,54,Non-Binary,Low,Acute Myocardial Infarction,1.6,icu,U007,F02,2026-08-22 02:00:00,Admitted
P00773,3,Female,Medium,Pneumonia,4.5,MedSurg,U013,F03,2026-08-25 19:00:00,Transfer Approved
P00774,6,Female,Medium,Polytrauma,5.3,EMERGENCY,U002,F01,2026-08-23 04:00:00,Admitted
P00775,3,Non-Binary,High,Stroke,7.9,EMERGENCY,U002,F01,2026-08-26 09:00:00,Transfer Approved
P00776,60,Male,Low,Septic Shock,3.0,icu,U001,F01,2026-08-08 04:00:00,Admitted
P00777,22,Non-Binary,Medium,Palliative Care,3.5,Oncology,U015,F03,2026-08-02 00:00:00,Admitted
P00778,65,Non-Binary,Medium,Dehydration,4.3,Pediatrics,U004,F01,2026-08-01 18:00:00,Pending Transfer
P00779,85,Female,Medium,Congenital Heart Defect,4.4,Pediatrics,U014,F03,2026-08-06 03:00:00,Admitted
P00780,42,Male,Medium,Palliative Care,3.9,Oncology,U005,F01,2026-08-10 16:00:00,Admitted
P00781,2,Male,Low,Chemotherapy Monitoring,2.8,Oncology,U010,F02,2026-08-12 07:00:00,Admitted
P00782,44,Female,High,Chemotherapy Monitoring,8.1,Oncology,U010,F02,2026-08-31 12:00:00,Admitted
P00783,5,Male,Low,Diabetes Complications,2.7,MedSurg,U003,F01,2026-08-26 09:00:00,Transfer Approved
P00784,38,Female,Low,Tumor Lysis Syndrome,2.3,Oncology,U010,F02,2026-08-13 15:00:00,Admitted
P00785,76,Male,High,Post-Operative Recovery,6.9,MedSurg,U013,F03,2026-08-15 04:00:00,Admitted
P00786,27,Female,High,Congenital Heart Defect,7.9,Pediatrics,U009,F02,2026-08-18 18:00:00,Pending Transfer
P00787,35,Male,High,Cellulitis,6.5,MedSurg,U003,F01,2026-08-18 11:00:00,Admitted
P00788,71,Female,High,Post-Operative Recovery,6.0,MedSurg,U013,F03,2026-08-07 08:00:00,Admitted
P00789,52,Female,Low,Palliative Care,3.4,Oncology,U005,F01,2026-08-02 07:00:00,Admitted
P00790,55,Female,Medium,Tumor Lysis Syndrome,5.5,Oncology,U015,F03,2026-08-26 21:00:00,Admitted
P00791,1,Female,Critical,Febrile Neutropenia,8.8,Oncology,U005,F01,2026-08-30 21:00:00,Admitted
P00792,88,Non-Binary,Low,Stroke,2.1,EMERGENCY,U012,F03,2026-08-16 20:00:00,Admitted
P00793,67,Male,Medium,Palliative Care,5.1,Oncology,U010,F02,2026-08-21 00:00:00,Admitted
P00794,62,Female,Critical,Pediatric Asthma,12.6,EMERGENCY,U004,F01,2026-08-16 08:00:00,Admitted
P00795,50,Female,Low,Congenital Heart Defect,1.7,Pediatrics,U004,F01,2026-08-07 23:00:00,Admitted
P00796,55,Male,Medium,Multi-organ Dysfunction,5.4,Pediatrics,U011,F03,2026-08-08 09:00:00,Admitted
P00797,50,Male,Medium,Multi-organ Dysfunction,,icu,U006,F02,2026-08-05 10:00:00,Admitted
P00798,2,Male,Low,Pneumonia,1.7,MedSurg,U003,F01,2026-08-07 20:00:00,Pending Transfer
P00799,50,Male,Medium,Chemotherapy Monitoring,3.6,Oncology,U010,F02,2026-08-09 19:00:00,Admitted
P00800,47,Non-Binary,Low,Febrile Neutropenia,1.7,Oncology,U010,F02,2026-08-01 09:00:00,Pending Transfer
P00801,75,Male,Medium,Acute Respiratory Distress,5.0,icu,U011,F03,2026-08-29 13:00:00,Admitted
P00802,13,Non-Binary,Low,Bronchiolitis,1.5,Pediatrics,U014,F03,2026-08-03 14:00:00,Pending Transfer
P00803,47,Male,Medium,Dehydration,3.6,MedSurg,U004,F01,2026-08-18 15:00:00,Admitted
P00804,19,Non-Binary,High,Cellulitis,6.5,MedSurg,U013,F03,2026-08-16 22:00:00,Admitted
P00805,3,Non-Binary,Medium,Cellulitis,4.8,MedSurg,U003,F01,2026-08-10 15:00:00,Admitted
P00806,33,Male,Medium,Diabetes Complications,4.8,MedSurg,U013,F03,2026-08-13 20:00:00,Admitted
P00807,60,Non-Binary,Low,Post-Operative Recovery,2.3,MedSurg,U003,F01,2026-08-27 15:00:00,Admitted
P00808,35,Non-Binary,Medium,Polytrauma,4.3,EMERGENCY,U012,F03,2026-08-02 09:00:00,Discharged
P00809,2,Non-Binary,Low,Stroke,2.0,EMERGENCY,U012,F03,2026-08-28 13:00:00,Admitted
P00810,36,Male,Critical,Diabetes Complications,13.4,MedSurg,U003,F01,2026-08-11 13:00:00,Admitted
P00811,58,Male,Low,Bronchiolitis,3.4,Pediatrics,U004,F01,2026-08-30 23:00:00,Transfer Approved
P00812,18,Non-Binary,High,Acute Respiratory Distress,6.1,icu,U006,F02,2026-08-24 05:00:00,Admitted
P00813,72,Female,Medium,Septic Shock,3.6,icu,U011,F03,2026-08-04 13:00:00,Admitted
P00814,49,Male,Medium,Post-Operative Recovery,5.4,MedSurg,U003,F01,2026-08-18 17:00:00,Admitted
P00815,82,Male,Critical,Acute Myocardial Infarction,10.1,EMERGENCY,U002,F01,2026-08-01 04:00:00,Admitted
P00816,83,Non-Binary,High,Post-Operative Recovery,8.1,MedSurg,U013,F03,2026-08-31 13:00:00,Transfer Approved
P00817,88,Male,Medium,Severe Abdominal Pain,4.2,EMERGENCY,U002,F01,2026-08-06 23:00:00,Admitted
P00818,59,Male,Low,Cellulitis,2.6,MedSurg,U013,F03,2026-08-03 14:00:00,Admitted
P00819,80,Male,High,Acute Myocardial Infarction,5.7,EMERGENCY,U002,F01,2026-08-14 14:00:00,Admitted
P00820,67,Male,Low,Dehydration,2.0,Pediatrics,U004,F01,2026-08-01 10:00:00,Admitted
P00821,79,Male,Low,Polytrauma,3.3,EMERGENCY,U002,F01,2026-08-21 07:00:00,Pending Transfer
P00822,6,Non-Binary,Low,Tumor Lysis Syndrome,2.4,EMERGENCY,U010,F02,2026-08-30 12:00:00,Admitted
P00823,64,Male,Medium,Bronchiolitis,5.1,Pediatrics,U014,F03,2026-08-17 15:00:00,Admitted
P00824,58,Female,High,Stroke,6.2,EMERGENCY,U007,F02,2026-08-06 10:00:00,Pending Transfer
P00825,82,Male,Low,Septic Shock,2.2,icu,U006,F02,2026-08-21 01:00:00,Pending Transfer
P00826,71,Non-Binary,High,Severe Abdominal Pain,7.4,EMERGENCY,U007,F02,2026-08-14 20:00:00,Admitted
P00827,14,Female,Medium,Multi-organ Dysfunction,4.8,icu,U011,F03,2026-08-11 10:00:00,Transfer Approved
P00828,70,Female,Low,Acute Myocardial Infarction,2.5,EMERGENCY,U002,F01,2026-08-03 00:00:00,Admitted
P00829,29,Male,Low,Dehydration,3.3,Pediatrics,U014,F03,2026-08-17 04:00:00,Admitted
P00830,42,Female,Low,Post-Operative Recovery,2.3,MedSurg,U013,F03,2026-08-05 11:00:00,Admitted
P00831,43,Female,Medium,Febrile Neutropenia,4.7,Oncology,U010,F02,2026-08-29 09:00:00,Admitted
P00832,83,Non-Binary,Medium,Pneumonia,4.4,MedSurg,U008,F02,2026-08-03 20:00:00,Admitted
P00833,77,Non-Binary,High,Polytrauma,6.6,EMERGENCY,U002,F01,2026-08-24 21:00:00,Admitted
P00834,31,Male,Medium,Acute Respiratory Distress,4.6,icu,U011,F03,2026-08-27 08:00:00,Admitted
P00835,85,Female,High,Congenital Heart Defect,5.9,Pediatrics,U014,F03,2026-08-30 07:00:00,Admitted
P00836,79,Non-Binary,Medium,Acute Respiratory Distress,5.0,icu,U011,F03,2026-08-05 08:00:00,Admitted
P00837,55,Male,High,Post-Cardiac Arrest,7.2,icu,U006,F02,2026-08-08 11:00:00,Admitted
P00838,64,Non-Binary,Low,Severe Abdominal Pain,3.0,EMERGENCY,U007,F02,2026-08-11 03:00:00,Admitted
P00839,71,Female,Medium,Post-Cardiac Arrest,4.8,Pediatrics,U006,F02,2026-08-20 15:00:00,Admitted
P00840,19,Non-Binary,Low,Bronchiolitis,2.3,Pediatrics,U014,F03,2026-08-18 09:00:00,Admitted
P00841,14,Female,Low,Diabetes Complications,2.5,MedSurg,U013,F03,2026-08-28 15:00:00,Transfer Approved
P00842,35,Female,Medium,Septic Shock,4.9,icu,U011,F03,2026-08-13 18:00:00,Admitted
P00843,9,Non-Binary,Medium,Palliative Care,5.2,Oncology,U005,F01,2026-08-06 10:00:00,Admitted
P00844,40,Male,Medium,Palliative Care,4.1,Oncology,U010,F02,2026-08-27 15:00:00,Discharged
P00845,91,Female,Medium,Acute Myocardial Infarction,3.7,EMERGENCY,U012,F03,2026-08-09 06:00:00,Admitted
P00846,6,Male,Low,Stroke,1.8,EMERGENCY,U012,F03,2026-08-08 18:00:00,Admitted
P00847,80,Female,Low,Tumor Lysis Syndrome,1.8,Oncology,U015,F03,2026-08-30 08:00:00,Admitted
P00848,51,Non-Binary,Critical,Pneumonia,10.1,MedSurg,U013,F03,2026-08-26 06:00:00,Admitted
P00849,60,Male,Low,Pneumonia,1.7,MedSurg,U008,F02,2026-08-19 18:00:00,Admitted
P00850,67,Non-Binary,Medium,Cellulitis,4.8,MedSurg,U003,F01,2026-08-10 02:00:00,Admitted
P00851,78,Male,High,Post-Cardiac Arrest,,icu,U011,F03,2026-08-16 04:00:00,Admitted
P00852,47,Female,Medium,Stroke,4.3,EMERGENCY,U012,F03,2026-08-17 01:00:00,Admitted
P00853,57,Male,Critical,Tumor Lysis Syndrome,10.1,Oncology,U015,F03,2026-08-19 19:00:00,Admitted
P00854,84,Non-Binary,High,Acute Respiratory Distress,5.8,icu,U011,F03,2026-08-02 01:00:00,Admitted
P00855,43,Female,High,Febrile Neutropenia,5.7,Oncology,U015,F03,2026-08-13 15:00:00,Admitted
P00856,71,Female,High,Post-Operative Recovery,7.5,MedSurg,U003,F01,2026-08-18 07:00:00,Admitted
P00857,50,Male,Low,Chemotherapy Monitoring,2.0,Oncology,U005,F01,2026-08-04 20:00:00,Transfer Approved
P00858,34,Female,Medium,Palliative Care,4.4,Oncology,U015,F03,2026-08-17 15:00:00,Pending Transfer
P00859,32,Female,Low,Multi-organ Dysfunction,2.6,icu,U011,F03,2026-08-02 13:00:00,Pending Transfer
P00860,23,Male,Low,Pneumonia,2.3,Oncology,U013,F03,2026-08-04 18:00:00,Pending Transfer
P00861,33,Non-Binary,Critical,Pneumonia,12.2,MedSurg,U013,F03,2026-08-24 23:00:00,Transfer Approved
P00862,10,Male,Low,Tumor Lysis Syndrome,2.4,Oncology,U015,F03,2026-08-26 07:00:00,Admitted
P00863,54,Non-Binary,Low,Acute Myocardial Infarction,1.5,EMERGENCY,U007,F02,2026-08-23 18:00:00,Pending Transfer
P00864,50,Non-Binary,Low,Post-Cardiac Arrest,2.3,icu,U011,F03,2026-08-22 21:00:00,Admitted
P00865,40,Male,Medium,Acute Myocardial Infarction,5.4,Oncology,U002,F01,2026-08-28 06:00:00,Admitted
P00866,39,Female,Low,Palliative Care,2.1,Oncology,U015,F03,2026-08-18 16:00:00,Pending Transfer
P00867,65,Non-Binary,Medium,Chemotherapy Monitoring,4.3,Oncology,U005,F01,2026-08-27 02:00:00,Admitted
P00868,54,Female,Medium,Post-Cardiac Arrest,3.5,icu,U001,F01,2026-08-14 08:00:00,Admitted
P00869,68,Male,Medium,Post-Operative Recovery,4.8,MedSurg,U003,F01,2026-08-21 22:00:00,Transfer Approved
P00870,37,Male,Low,Acute Myocardial Infarction,1.7,Oncology,U007,F02,2026-08-26 14:00:00,Transfer Approved
P00871,59,Female,Medium,Polytrauma,4.8,EMERGENCY,U002,F01,2026-08-23 05:00:00,Admitted
P00872,38,Male,Medium,Tumor Lysis Syndrome,4.4,Oncology,U015,F03,2026-08-25 11:00:00,Admitted
P00873,16,Male,Low,Congenital Heart Defect,,Pediatrics,U004,F01,2026-08-24 16:00:00,Admitted
P00874,16,Male,Medium,Chemotherapy Monitoring,5.1,Oncology,U010,F02,2026-08-20 13:00:00,Pending Transfer
P00875,39,Male,Critical,Multi-organ Dysfunction,9.7,icu,U001,F01,2026-08-06 22:00:00,Pending Transfer
P00876,61,Male,Medium,Febrile Neutropenia,5.4,Oncology,U015,F03,2026-08-03 02:00:00,Admitted
P00877,23,Female,Low,Febrile Neutropenia,2.0,Oncology,U015,F03,2026-08-04 16:00:00,Discharged
P00878,49,Non-Binary,Low,Pneumonia,2.1,MedSurg,U013,F03,2026-08-10 21:00:00,Admitted
P00879,64,Male,Low,Acute Myocardial Infarction,2.8,EMERGENCY,U002,F01,2026-08-02 02:00:00,Admitted
P00880,66,Male,Critical,Febrile Neutropenia,9.1,Oncology,U015,F03,2026-08-18 02:00:00,Admitted
P00881,9,Female,Medium,Acute Myocardial Infarction,4.6,EMERGENCY,U007,F02,2026-08-07 17:00:00,Admitted
P00882,28,Male,Low,Tumor Lysis Syndrome,1.7,Oncology,U010,F02,2026-08-25 07:00:00,Admitted
P00883,78,Female,Medium,Stroke,4.8,EMERGENCY,U012,F03,2026-08-12 17:00:00,Admitted
P00884,71,Male,Low,Diabetes Complications,2.1,MedSurg,U003,F01,2026-08-18 18:00:00,Admitted
P00885,9,Non-Binary,Low,Septic Shock,2.2,icu,U001,F01,2026-08-25 14:00:00,Discharged
P00886,59,Female,Medium,Polytrauma,,EMERGENCY,U002,F01,2026-08-11 16:00:00,Transfer Approved
P00887,38,Female,Low,Stroke,2.8,EMERGENCY,U002,F01,2026-08-04 05:00:00,Admitted
P00888,76,Female,Medium,Diabetes Complications,4.3,MedSurg,U008,F02,2026-08-06 13:00:00,Admitted
P00889,14,Male,High,Cellulitis,7.8,MedSurg,U008,F02,2026-08-16 23:00:00,Admitted
P00890,16,Female,Low,Congenital Heart Defect,1.6,Pediatrics,U014,F03,2026-08-15 05:00:00,Transfer Approved
P00891,24,Non-Binary,Medium,Diabetes Complications,5.3,MedSurg,U013,F03,2026-08-22 16:00:00,Transfer Approved
P00892,18,Male,High,Chemotherapy Monitoring,6.1,Oncology,U015,F03,2026-08-03 06:00:00,Discharged
P00893,54,Non-Binary,Medium,Stroke,4.4,EMERGENCY,U002,F01,2026-08-10 14:00:00,Admitted
P00894,6,Male,Medium,Post-Cardiac Arrest,4.5,icu,U001,F01,2026-08-11 16:00:00,Transfer Approved
P00895,59,Male,Critical,Multi-organ Dysfunction,9.7,icu,U011,F03,2026-08-17 04:00:00,Admitted
P00896,31,Female,Low,Palliative Care,1.9,Oncology,U015,F03,2026-08-20 06:00:00,Pending Transfer
P00897,33,Non-Binary,Low,Acute Myocardial Infarction,2.8,EMERGENCY,U007,F02,2026-08-20 12:00:00,Admitted
P00898,73,Male,Medium,Bronchiolitis,4.1,EMERGENCY,U014,F03,2026-08-24 03:00:00,Pending Transfer
P00899,90,Male,Critical,Diabetes Complications,11.1,MedSurg,U003,F01,2026-08-03 03:00:00,Admitted
P00900,35,Female,Medium,Acute Respiratory Distress,3.5,icu,U011,F03,2026-08-15 14:00:00,Transfer Approved
P00901,68,Female,Medium,Chemotherapy Monitoring,4.6,Oncology,U015,F03,2026-08-24 20:00:00,Discharged
P00902,68,Female,Low,Pneumonia,2.5,MedSurg,U008,F02,2026-08-08 18:00:00,Pending Transfer
P00903,38,Male,Medium,Diabetes Complications,5.0,MedSurg,U013,F03,2026-08-22 17:00:00,Admitted
P00904,41,Male,Low,Post-Operative Recovery,2.6,MedSurg,U013,F03,2026-08-20 23:00:00,Transfer Approved
P00905,6,Non-Binary,Low,Chemotherapy Monitoring,2.9,Oncology,U005,F01,2026-08-30 16:00:00,Transfer Approved
P00906,74,Non-Binary,High,Cellulitis,6.6,MedSurg,U008,F02,2026-08-04 09:00:00,Admitted
P00907,77,Male,High,Bronchiolitis,8.4,Pediatrics,U014,F03,2026-08-17 07:00:00,Admitted
P00908,29,Male,Medium,Post-Operative Recovery,3.6,MedSurg,U013,F03,2026-08-27 08:00:00,Admitted
P00909,83,Female,Medium,Febrile Neutropenia,4.1,Pediatrics,U010,F02,2026-08-02 20:00:00,Transfer Approved
P00910,37,Non-Binary,Medium,Chemotherapy Monitoring,4.2,Oncology,U010,F02,2026-08-14 17:00:00,Transfer Approved
P00911,76,Male,High,Cellulitis,6.8,MedSurg,U013,F03,2026-08-31 19:00:00,Transfer Approved
P00912,4,Non-Binary,Low,Acute Myocardial Infarction,1.6,EMERGENCY,U002,F01,2026-08-29 03:00:00,Admitted
P00913,30,Non-Binary,Medium,Diabetes Complications,5.0,MedSurg,U013,F03,2026-08-19 12:00:00,Admitted
P00914,23,Female,Medium,Pneumonia,4.0,MedSurg,U013,F03,2026-08-07 13:00:00,Pending Transfer
P00915,84,Non-Binary,Medium,Dehydration,3.9,Pediatrics,U004,F01,2026-08-17 06:00:00,Admitted
P00916,90,Male,Medium,Acute Respiratory Distress,5.5,icu,U001,F01,2026-08-21 17:00:00,Admitted
P00917,81,Female,Medium,Multi-organ Dysfunction,5.3,icu,U001,F01,2026-08-20 08:00:00,Admitted
P00918,43,Male,Low,Stroke,2.8,EMERGENCY,U002,F01,2026-08-19 15:00:00,Transfer Approved
P00919,27,Non-Binary,Low,Tumor Lysis Syndrome,1.6,Oncology,U015,F03,2026-08-25 01:00:00,Admitted
P00920,56,Non-Binary,Medium,Congenital Heart Defect,5.3,Pediatrics,U004,F01,2026-08-27 21:00:00,Admitted
P00921,64,Male,Medium,Febrile Neutropenia,5.5,Oncology,U010,F02,2026-08-12 15:00:00,Transfer Approved
P00922,36,Non-Binary,Medium,Palliative Care,4.8,Oncology,U015,F03,2026-08-25 14:00:00,Admitted
P00923,41,Non-Binary,High,Congenital Heart Defect,6.5,Pediatrics,U004,F01,2026-08-17 13:00:00,Pending Transfer
P00924,67,Non-Binary,Critical,Febrile Neutropenia,13.5,Oncology,U010,F02,2026-08-14 08:00:00,Admitted
P00925,56,Female,High,Pediatric Asthma,5.8,Pediatrics,U009,F02,2026-08-24 04:00:00,Admitted
P00926,15,Male,High,Diabetes Complications,7.0,MedSurg,U008,F02,2026-08-25 02:00:00,Admitted
P00927,79,Male,Low,Post-Operative Recovery,2.0,MedSurg,U003,F01,2026-08-17 23:00:00,Admitted
P00928,30,Male,Medium,Chemotherapy Monitoring,4.6,Oncology,U005,F01,2026-08-09 14:00:00,Admitted
P00929,24,Non-Binary,Critical,Acute Respiratory Distress,8.6,icu,U001,F01,2026-08-08 04:00:00,Admitted
P00930,45,Female,Low,Acute Respiratory Distress,2.5,icu,U001,F01,2026-08-09 14:00:00,Admitted
P00931,59,Non-Binary,Medium,Congenital Heart Defect,4.2,Pediatrics,U004,F01,2026-08-07 01:00:00,Pending Transfer
P00932,74,Male,Critical,Multi-organ Dysfunction,12.4,icu,U011,F03,2026-08-02 04:00:00,Admitted
P00933,5,Non-Binary,Medium,Palliative Care,4.2,Oncology,U005,F01,2026-08-08 22:00:00,Admitted
P00934,28,Non-Binary,Medium,Septic Shock,4.6,icu,U006,F02,2026-08-09 04:00:00,Admitted
P00935,21,Non-Binary,Low,Acute Myocardial Infarction,2.4,EMERGENCY,U012,F03,2026-08-11 10:00:00,Admitted
P00936,74,Non-Binary,Medium,Acute Respiratory Distress,5.3,icu,U011,F03,2026-08-27 20:00:00,Admitted
P00937,87,Male,High,Diabetes Complications,8.1,MedSurg,U003,F01,2026-08-27 22:00:00,Admitted
P00938,55,Male,Low,Pediatric Asthma,3.1,Pediatrics,U009,F02,2026-08-02 19:00:00,Admitted
P00939,51,Female,Low,Diabetes Complications,3.1,MedSurg,U013,F03,2026-08-20 00:00:00,Transfer Approved
P00940,56,Female,Critical,Multi-organ Dysfunction,9.8,icu,U006,F02,2026-08-03 03:00:00,Pending Transfer
P00941,92,Non-Binary,Low,Post-Operative Recovery,1.6,MedSurg,U008,F02,2026-08-10 02:00:00,Discharged
P00942,23,Female,Low,Severe Abdominal Pain,1.5,EMERGENCY,U012,F03,2026-08-19 18:00:00,Pending Transfer
P00943,16,Female,Medium,Acute Myocardial Infarction,4.1,EMERGENCY,U012,F03,2026-08-10 07:00:00,Admitted
P00944,64,Male,,Congenital Heart Defect,7.2,Pediatrics,U009,F02,2026-08-03 19:00:00,Admitted
P00945,29,Female,Medium,Pneumonia,4.2,MedSurg,U013,F03,2026-08-08 01:00:00,Admitted
P00946,21,Non-Binary,Low,Febrile Neutropenia,2.9,Oncology,U010,F02,2026-08-22 20:00:00,Transfer Approved
P00947,55,Non-Binary,Low,Pneumonia,2.9,MedSurg,U008,F02,2026-08-18 09:00:00,Admitted
P00948,46,Female,Critical,Polytrauma,11.9,EMERGENCY,U002,F01,2026-08-01 17:00:00,Admitted
P00949,26,Non-Binary,Low,Palliative Care,2.5,Oncology,U010,F02,2026-08-26 00:00:00,Admitted
P00950,21,Male,Critical,Diabetes Complications,12.5,MedSurg,U013,F03,2026-08-17 00:00:00,Discharged
P00951,7,Male,Low,Acute Myocardial Infarction,2.2,EMERGENCY,U012,F03,2026-08-05 23:00:00,Transfer Approved
P00952,33,Female,Low,Multi-organ Dysfunction,3.4,icu,U006,F02,2026-08-26 12:00:00,Admitted
P00953,31,Non-Binary,High,Palliative Care,,Oncology,U005,F01,2026-08-17 12:00:00,Pending Transfer
P00954,20,Female,Medium,Severe Abdominal Pain,3.6,EMERGENCY,U002,F01,2026-08-08 04:00:00,Discharged
P00955,3,Female,Low,Stroke,2.5,EMERGENCY,U007,F02,2026-08-12 00:00:00,Transfer Approved
P00956,44,Non-Binary,Low,Severe Abdominal Pain,3.2,EMERGENCY,U012,F03,2026-08-09 15:00:00,Admitted
P00957,11,Male,Medium,Acute Respiratory Distress,5.0,icu,U001,F01,2026-08-06 16:00:00,Admitted
P00958,15,Male,Medium,Post-Cardiac Arrest,4.5,icu,U011,F03,2026-08-28 01:00:00,Admitted
P00959,6,Female,Low,Polytrauma,2.5,Pediatrics,U012,F03,2026-08-15 18:00:00,Admitted
P00960,20,Female,Medium,Congenital Heart Defect,5.0,Pediatrics,U004,F01,2026-08-09 02:00:00,Admitted
P00961,66,Non-Binary,Medium,Bronchiolitis,4.3,Pediatrics,U004,F01,2026-08-20 03:00:00,Transfer Approved
P00962,75,Non-Binary,Low,Stroke,1.8,EMERGENCY,U012,F03,2026-08-16 00:00:00,Pending Transfer
P00963,72,Female,Critical,Congenital Heart Defect,13.4,Pediatrics,U009,F02,2026-08-16 13:00:00,Admitted
P00964,22,Male,,Febrile Neutropenia,5.2,Oncology,U005,F01,2026-08-16 00:00:00,Admitted
P00965,38,Male,Low,Post-Cardiac Arrest,2.1,icu,U011,F03,2026-08-10 07:00:00,Admitted
P00966,38,Male,Medium,Palliative Care,4.1,Oncology,U015,F03,2026-08-10 05:00:00,Admitted
P00967,78,Male,Critical,Pediatric Asthma,12.0,Pediatrics,U004,F01,2026-08-14 01:00:00,Admitted
P00968,30,Non-Binary,High,Febrile Neutropenia,5.8,Oncology,U010,F02,2026-08-14 06:00:00,Admitted
P00969,44,Non-Binary,Medium,Post-Operative Recovery,3.9,MedSurg,U003,F01,2026-08-20 22:00:00,Admitted
P00970,21,Non-Binary,,Acute Myocardial Infarction,5.4,EMERGENCY,U012,F03,2026-08-11 17:00:00,Transfer Approved
P00971,8,Male,Low,Febrile Neutropenia,2.9,Oncology,U015,F03,2026-08-24 21:00:00,Pending Transfer
P00972,14,Female,Medium,Pediatric Asthma,3.8,Pediatrics,U014,F03,2026-08-13 05:00:00,Admitted
P00973,4,Female,High,Pneumonia,7.7,MedSurg,U008,F02,2026-08-22 01:00:00,Admitted
P00974,26,Male,High,Pediatric Asthma,8.3,Pediatrics,U014,F03,2026-08-01 12:00:00,Transfer Approved
P00975,80,Male,Low,Acute Myocardial Infarction,2.6,EMERGENCY,U007,F02,2026-08-10 17:00:00,Pending Transfer
P00976,27,Male,Low,Tumor Lysis Syndrome,2.1,Oncology,U015,F03,2026-08-02 23:00:00,Discharged
P00977,25,Non-Binary,High,Pneumonia,5.8,MedSurg,U003,F01,2026-08-11 07:00:00,Admitted
P00978,84,Non-Binary,Medium,Cellulitis,4.9,MedSurg,U003,F01,2026-08-06 09:00:00,Admitted
P00979,8,Non-Binary,Low,Stroke,2.2,EMERGENCY,U007,F02,2026-08-03 07:00:00,Pending Transfer
P00980,28,Female,Low,Polytrauma,2.5,EMERGENCY,U002,F01,2026-08-24 16:00:00,Admitted
P00981,68,Male,Low,Tumor Lysis Syndrome,1.5,Oncology,U010,F02,2026-08-01 11:00:00,Admitted
P00982,47,Female,Critical,Septic Shock,11.1,icu,U006,F02,2026-08-17 10:00:00,Transfer Approved
P00983,87,Male,High,Pneumonia,7.3,MedSurg,U013,F03,2026-08-01 22:00:00,Pending Transfer
P00984,26,Male,Medium,Tumor Lysis Syndrome,4.7,Oncology,U005,F01,2026-08-17 14:00:00,Admitted
P00985,13,Non-Binary,Low,Diabetes Complications,3.4,MedSurg,U008,F02,2026-08-18 23:00:00,Admitted
P00986,90,Female,Critical,Congenital Heart Defect,13.2,Pediatrics,U014,F03,2026-08-22 14:00:00,Transfer Approved
P00987,10,Non-Binary,Medium,Stroke,4.6,EMERGENCY,U007,F02,2026-08-31 03:00:00,Admitted
P00988,9,Female,Medium,Post-Cardiac Arrest,4.9,icu,U006,F02,2026-08-03 23:00:00,Admitted
P00989,72,Female,High,Diabetes Complications,8.3,MedSurg,U003,F01,2026-08-05 06:00:00,Pending Transfer
P00990,30,Male,,Acute Respiratory Distress,5.9,icu,U001,F01,2026-08-26 11:00:00,Admitted
P00991,18,Non-Binary,Low,Chemotherapy Monitoring,3.0,Oncology,U015,F03,2026-08-12 09:00:00,Pending Transfer
P00992,30,Female,Low,Palliative Care,2.6,icu,U015,F03,2026-08-25 00:00:00,Admitted
P00993,24,Non-Binary,Low,Post-Cardiac Arrest,2.7,icu,U001,F01,2026-08-19 02:00:00,Pending Transfer
P00994,42,Male,Medium,Palliative Care,4.8,Oncology,U015,F03,2026-08-09 06:00:00,Transfer Approved
P00995,65,Female,Medium,Cellulitis,3.9,MedSurg,U003,F01,2026-08-08 23:00:00,Admitted
P00996,11,Male,Medium,Acute Respiratory Distress,3.9,icu,U001,F01,2026-08-09 00:00:00,Admitted
P00997,37,Male,,Acute Respiratory Distress,4.9,icu,U006,F02,2026-08-27 20:00:00,Admitted
P00998,33,Non-Binary,Low,Post-Cardiac Arrest,2.0,icu,U011,F03,2026-08-23 23:00:00,Admitted
P00999,2,Non-Binary,Medium,Pediatric Asthma,5.3,Pediatrics,U014,F03,2026-08-10 02:00:00,Admitted
P01000,17,Male,Critical,Acute Myocardial Infarction,9.1,EMERGENCY,U007,F02,2026-08-05 19:00:00,Admitted
P01001,19,Non-Binary,High,Febrile Neutropenia,6.4,Oncology,U015,F03,2026-08-07 13:00:00,Pending Transfer
P01002,92,Non-Binary,Critical,Post-Cardiac Arrest,13.7,icu,U011,F03,2026-08-01 02:00:00,Admitted
P01003,70,Non-Binary,Low,Septic Shock,2.6,icu,U006,F02,2026-08-08 22:00:00,Transfer Approved
P01004,84,Male,Medium,Bronchiolitis,4.3,Pediatrics,U004,F01,2026-08-19 01:00:00,Admitted
P01005,57,Non-Binary,Medium,Stroke,3.9,EMERGENCY,U012,F03,2026-08-11 10:00:00,Admitted
P01006,82,Male,Medium,Palliative Care,4.8,Oncology,U010,F02,2026-08-06 04:00:00,Admitted
P01007,92,Female,Low,Acute Respiratory Distress,3.1,EMERGENCY,U006,F02,2026-08-19 13:00:00,Admitted
P01008,40,Non-Binary,High,Septic Shock,8.5,icu,U006,F02,2026-08-06 12:00:00,Admitted
P01009,62,Female,High,Tumor Lysis Syndrome,7.8,Oncology,U010,F02,2026-08-29 14:00:00,Admitted
P01010,82,Female,High,Chemotherapy Monitoring,7.9,Oncology,U015,F03,2026-08-01 14:00:00,Admitted
P01011,7,Non-Binary,Low,Cellulitis,2.2,MedSurg,U008,F02,2026-08-12 09:00:00,Admitted
P01012,40,Female,Critical,Congenital Heart Defect,11.7,Pediatrics,U014,F03,2026-08-21 04:00:00,Transfer Approved
P01013,35,Non-Binary,Medium,Severe Abdominal Pain,3.5,EMERGENCY,U002,F01,2026-08-31 21:00:00,Admitted
P01014,55,Female,High,Pediatric Asthma,5.6,Pediatrics,U009,F02,2026-08-23 00:00:00,Pending Transfer
P01015,3,Female,Low,Post-Operative Recovery,3.1,MedSurg,U003,F01,2026-08-07 18:00:00,Pending Transfer
P01016,13,Female,Medium,Diabetes Complications,5.3,MedSurg,U013,F03,2026-08-07 12:00:00,Admitted
P01017,71,Female,Low,Acute Respiratory Distress,3.3,icu,U006,F02,2026-08-08 16:00:00,Admitted
P01018,74,Male,Low,Dehydration,2.2,Pediatrics,U004,F01,2026-08-06 09:00:00,Admitted
P01019,44,Female,Medium,Severe Abdominal Pain,4.9,EMERGENCY,U007,F02,2026-08-03 15:00:00,Pending Transfer
P01020,79,Female,Low,Febrile Neutropenia,3.0,Oncology,U005,F01,2026-08-05 23:00:00,Admitted
P01021,10,Female,Medium,Palliative Care,5.1,Oncology,U005,F01,2026-08-22 10:00:00,Admitted
P01022,4,Male,High,Stroke,6.1,EMERGENCY,U007,F02,2026-08-04 01:00:00,Admitted
P01023,50,Male,Medium,Pneumonia,3.9,MedSurg,U003,F01,2026-08-19 16:00:00,Admitted
P01024,59,Male,High,Post-Cardiac Arrest,,icu,U006,F02,2026-08-22 07:00:00,Admitted
P01025,66,Male,Medium,Cellulitis,3.5,MedSurg,U013,F03,2026-08-26 10:00:00,Admitted
P01026,60,Female,Low,Congenital Heart Defect,3.3,Pediatrics,U014,F03,2026-08-01 08:00:00,Pending Transfer
P01027,52,Female,Critical,Congenital Heart Defect,12.0,Pediatrics,U009,F02,2026-08-22 23:00:00,Admitted
P01028,7,Male,Low,Cellulitis,3.2,MedSurg,U008,F02,2026-08-15 12:00:00,Pending Transfer
P01029,31,Male,High,Septic Shock,7.6,icu,U001,F01,2026-08-07 12:00:00,Admitted
P01030,42,Female,Medium,Post-Cardiac Arrest,4.7,icu,U001,F01,2026-08-20 08:00:00,Admitted
P01031,1,Female,Low,Pneumonia,2.2,MedSurg,U013,F03,2026-08-15 14:00:00,Admitted
P01032,46,Non-Binary,High,Severe Abdominal Pain,6.6,EMERGENCY,U012,F03,2026-08-25 11:00:00,Admitted
P01033,42,Female,Medium,Chemotherapy Monitoring,4.3,EMERGENCY,U010,F02,2026-08-13 22:00:00,Transfer Approved
P01034,64,Female,High,Diabetes Complications,6.3,MedSurg,U013,F03,2026-08-24 17:00:00,Transfer Approved
P01035,72,Female,Critical,Post-Operative Recovery,13.4,MedSurg,U003,F01,2026-08-02 06:00:00,Transfer Approved
P01036,70,Female,Low,Pneumonia,2.3,MedSurg,U008,F02,2026-08-19 11:00:00,Transfer Approved
P01037,87,Female,Critical,Diabetes Complications,11.8,MedSurg,U008,F02,2026-08-03 16:00:00,Pending Transfer
P01038,54,Female,Medium,Chemotherapy Monitoring,5.4,Oncology,U010,F02,2026-08-10 10:00:00,Admitted
P01039,44,Non-Binary,Low,Dehydration,3.0,Pediatrics,U004,F01,2026-08-04 02:00:00,Admitted
P01040,59,Non-Binary,Medium,Tumor Lysis Syndrome,4.7,Oncology,U005,F01,2026-08-09 03:00:00,Admitted
P01041,6,Non-Binary,High,Palliative Care,5.7,Oncology,U015,F03,2026-08-24 01:00:00,Admitted
P01042,22,Female,Low,Diabetes Complications,3.0,MedSurg,U003,F01,2026-08-04 16:00:00,Admitted
P01043,91,Non-Binary,Low,Diabetes Complications,3.4,icu,U013,F03,2026-08-31 14:00:00,Pending Transfer
P01044,13,Male,Medium,Post-Cardiac Arrest,4.8,icu,U001,F01,2026-08-27 14:00:00,Pending Transfer
P01045,37,Female,Medium,Pediatric Asthma,4.5,MedSurg,U004,F01,2026-08-02 09:00:00,Pending Transfer
P01046,24,Non-Binary,Medium,Acute Myocardial Infarction,5.1,EMERGENCY,U007,F02,2026-08-18 08:00:00,Admitted
P01047,87,Female,Medium,Cellulitis,3.6,MedSurg,U008,F02,2026-08-08 06:00:00,Admitted
P01048,91,Non-Binary,Medium,Chemotherapy Monitoring,4.0,Oncology,U015,F03,2026-08-19 11:00:00,Admitted
P01049,46,Non-Binary,Medium,Cellulitis,4.6,MedSurg,U008,F02,2026-08-21 18:00:00,Admitted
P01050,28,Male,Low,Acute Respiratory Distress,2.8,icu,U011,F03,2026-08-24 19:00:00,Admitted
P01051,17,Male,Critical,Stroke,12.2,EMERGENCY,U012,F03,2026-08-10 17:00:00,Admitted
P01052,2,Female,High,Bronchiolitis,6.6,Pediatrics,U004,F01,2026-08-26 19:00:00,Admitted
P01053,9,Female,Low,Palliative Care,1.6,Oncology,U010,F02,2026-08-06 15:00:00,Admitted
P01054,80,Non-Binary,Low,Bronchiolitis,3.1,Pediatrics,U009,F02,2026-08-11 17:00:00,Admitted
P01055,76,Female,Low,Pneumonia,2.3,MedSurg,U013,F03,2026-08-28 04:00:00,Discharged
P01056,21,Non-Binary,Low,Chemotherapy Monitoring,1.7,Oncology,U005,F01,2026-08-17 15:00:00,Pending Transfer
P01057,57,Male,Medium,Congenital Heart Defect,5.0,Pediatrics,U004,F01,2026-08-26 06:00:00,Admitted
P01058,60,Female,Medium,Bronchiolitis,5.1,Pediatrics,U009,F02,2026-08-13 04:00:00,Admitted
P01059,59,Female,Low,Septic Shock,2.3,icu,U011,F03,2026-08-25 23:00:00,Discharged
P01060,29,Female,Low,Severe Abdominal Pain,1.6,EMERGENCY,U002,F01,2026-08-19 09:00:00,Admitted
P01061,73,Male,Medium,Febrile Neutropenia,4.4,Oncology,U015,F03,2026-08-27 23:00:00,Admitted
P01062,25,Non-Binary,Low,Post-Operative Recovery,2.0,MedSurg,U013,F03,2026-08-08 23:00:00,Admitted
P01063,73,Male,High,Acute Respiratory Distress,6.6,icu,U001,F01,2026-08-31 20:00:00,Admitted
P01064,19,Male,Critical,Post-Operative Recovery,9.9,MedSurg,U003,F01,2026-08-06 12:00:00,Admitted
P01065,28,Female,Medium,Tumor Lysis Syndrome,4.0,Oncology,U005,F01,2026-08-11 07:00:00,Pending Transfer
P01066,86,Non-Binary,High,Acute Respiratory Distress,7.7,icu,U011,F03,2026-08-01 06:00:00,Transfer Approved
P01067,29,Female,Low,Diabetes Complications,2.9,MedSurg,U008,F02,2026-08-08 00:00:00,Admitted
P01068,68,Non-Binary,Critical,Severe Abdominal Pain,12.9,EMERGENCY,U002,F01,2026-08-14 09:00:00,Pending Transfer
P01069,42,Non-Binary,Low,Post-Cardiac Arrest,2.7,icu,U011,F03,2026-08-20 06:00:00,Admitted
P01070,72,Male,High,Pneumonia,6.5,MedSurg,U003,F01,2026-08-27 11:00:00,Admitted
P01071,2,Non-Binary,Critical,Palliative Care,8.9,Oncology,U015,F03,2026-08-25 19:00:00,Admitted
P01072,19,Female,,Pneumonia,5.8,MedSurg,U013,F03,2026-08-22 02:00:00,Admitted
P01073,1,Non-Binary,Low,Acute Myocardial Infarction,3.4,EMERGENCY,U002,F01,2026-08-06 23:00:00,Admitted
P01074,81,Male,Low,Septic Shock,3.3,Oncology,U011,F03,2026-08-22 05:00:00,Discharged
P01075,53,Non-Binary,Medium,Tumor Lysis Syndrome,5.3,Oncology,U010,F02,2026-08-07 08:00:00,Admitted
P01076,78,Female,Low,Post-Operative Recovery,3.3,MedSurg,U013,F03,2026-08-18 11:00:00,Admitted
P01077,69,Male,High,Diabetes Complications,5.6,MedSurg,U003,F01,2026-08-08 15:00:00,Admitted
P01078,62,Female,High,Pneumonia,5.7,MedSurg,U008,F02,2026-08-27 19:00:00,Admitted
P01079,90,Female,Low,Pneumonia,2.1,MedSurg,U003,F01,2026-08-14 12:00:00,Admitted
P01080,87,Female,Critical,Acute Respiratory Distress,12.1,EMERGENCY,U001,F01,2026-08-01 19:00:00,Admitted
P01081,72,Female,Low,Cellulitis,2.0,MedSurg,U013,F03,2026-08-12 01:00:00,Admitted
P01082,38,Male,Medium,Palliative Care,5.1,Oncology,U015,F03,2026-08-18 02:00:00,Admitted
P01083,34,Male,Low,Acute Myocardial Infarction,2.0,EMERGENCY,U007,F02,2026-08-16 11:00:00,Admitted
P01084,54,Non-Binary,High,Severe Abdominal Pain,8.2,EMERGENCY,U002,F01,2026-08-05 20:00:00,Admitted
P01085,5,Male,High,Palliative Care,6.9,Oncology,U005,F01,2026-08-05 04:00:00,Admitted
P01086,74,Non-Binary,Critical,Pediatric Asthma,11.1,Pediatrics,U009,F02,2026-08-05 09:00:00,Pending Transfer
P01087,51,Non-Binary,High,Stroke,7.2,EMERGENCY,U007,F02,2026-08-07 19:00:00,Admitted
P01088,2,Female,Low,Post-Operative Recovery,2.6,MedSurg,U013,F03,2026-08-15 09:00:00,Admitted
P01089,85,Non-Binary,Low,Pneumonia,2.9,MedSurg,U008,F02,2026-08-05 19:00:00,Admitted
P01090,61,Non-Binary,Medium,Septic Shock,4.6,icu,U011,F03,2026-08-06 01:00:00,Transfer Approved
P01091,50,Male,Critical,Septic Shock,13.5,icu,U001,F01,2026-08-30 03:00:00,Admitted
P01092,23,Non-Binary,Medium,Tumor Lysis Syndrome,5.1,Oncology,U005,F01,2026-08-08 12:00:00,Admitted
P01093,48,Male,Medium,Multi-organ Dysfunction,4.2,icu,U001,F01,2026-08-30 01:00:00,Pending Transfer
P01094,78,Non-Binary,Low,Chemotherapy Monitoring,2.4,Oncology,U010,F02,2026-08-01 13:00:00,Transfer Approved
P01095,48,Female,High,Severe Abdominal Pain,7.0,EMERGENCY,U007,F02,2026-08-25 06:00:00,Admitted
P01096,74,Male,Critical,Febrile Neutropenia,12.8,Oncology,U015,F03,2026-08-06 11:00:00,Admitted
P01097,33,Male,High,Febrile Neutropenia,7.0,Oncology,U005,F01,2026-08-11 08:00:00,Admitted
P01098,25,Male,Low,Dehydration,2.4,Pediatrics,U009,F02,2026-08-18 00:00:00,Admitted
P01099,25,Male,Low,Acute Respiratory Distress,2.5,icu,U006,F02,2026-08-21 05:00:00,Transfer Approved
P01100,76,Non-Binary,Medium,Severe Abdominal Pain,3.9,MedSurg,U012,F03,2026-08-29 22:00:00,Admitted
P01101,59,Female,Low,Dehydration,1.7,Pediatrics,U009,F02,2026-08-05 07:00:00,Admitted
P01102,8,Non-Binary,Low,Tumor Lysis Syndrome,1.8,Oncology,U010,F02,2026-08-29 07:00:00,Transfer Approved
P01103,80,Female,Medium,Tumor Lysis Syndrome,3.8,Oncology,U005,F01,2026-08-14 03:00:00,Admitted
P01104,9,Non-Binary,High,Severe Abdominal Pain,5.6,EMERGENCY,U012,F03,2026-08-17 09:00:00,Admitted
P01105,81,Non-Binary,Critical,Acute Myocardial Infarction,9.4,EMERGENCY,U002,F01,2026-08-02 11:00:00,Admitted
P01106,88,Non-Binary,Medium,Stroke,4.1,EMERGENCY,U007,F02,2026-08-14 00:00:00,Transfer Approved
P01107,12,Non-Binary,High,Palliative Care,8.2,Oncology,U010,F02,2026-08-13 15:00:00,Admitted
P01108,70,Female,Low,Acute Respiratory Distress,2.8,icu,U006,F02,2026-08-25 15:00:00,Admitted
P01109,3,Non-Binary,Low,Tumor Lysis Syndrome,1.9,Oncology,U005,F01,2026-08-23 13:00:00,Admitted
P01110,37,Female,Medium,Post-Cardiac Arrest,5.4,icu,U006,F02,2026-08-12 05:00:00,Admitted
P01111,53,Female,Low,Polytrauma,3.2,EMERGENCY,U012,F03,2026-08-28 20:00:00,Admitted
P01112,88,Female,Medium,Stroke,5.4,EMERGENCY,U012,F03,2026-08-01 15:00:00,Transfer Approved
P01113,45,Non-Binary,Medium,Post-Operative Recovery,4.1,MedSurg,U013,F03,2026-08-15 09:00:00,Admitted
P01114,46,Female,Medium,Tumor Lysis Syndrome,4.3,Oncology,U015,F03,2026-08-27 00:00:00,Discharged
P01115,19,Female,High,Febrile Neutropenia,6.3,Oncology,U015,F03,2026-08-13 03:00:00,Admitted
P01116,91,Male,Medium,Post-Operative Recovery,3.7,MedSurg,U013,F03,2026-08-12 03:00:00,Admitted
P01117,33,Male,Critical,Multi-organ Dysfunction,8.6,icu,U011,F03,2026-08-16 07:00:00,Transfer Approved
P01118,33,Female,Medium,Cellulitis,5.0,MedSurg,U003,F01,2026-08-03 19:00:00,Admitted
P01119,57,Non-Binary,Medium,Bronchiolitis,4.8,Pediatrics,U009,F02,2026-08-27 18:00:00,Admitted
P01120,3,Female,Low,Febrile Neutropenia,3.3,Oncology,U015,F03,2026-08-30 05:00:00,Admitted
P01121,88,Non-Binary,Low,Post-Cardiac Arrest,3.0,icu,U011,F03,2026-08-23 10:00:00,Admitted
P01122,76,Male,Critical,Bronchiolitis,11.9,Pediatrics,U009,F02,2026-08-26 14:00:00,Admitted
P01123,48,Male,Low,Multi-organ Dysfunction,1.9,icu,U001,F01,2026-08-01 17:00:00,Admitted
P01124,75,Male,Medium,Cellulitis,3.8,MedSurg,U008,F02,2026-08-01 11:00:00,Admitted
P01125,34,Male,Medium,Congenital Heart Defect,3.8,Pediatrics,U004,F01,2026-08-10 03:00:00,Admitted
P01126,51,Male,Low,Acute Respiratory Distress,1.8,icu,U011,F03,2026-08-16 07:00:00,Admitted
P01127,83,Male,Medium,Tumor Lysis Syndrome,3.8,Oncology,U010,F02,2026-08-30 15:00:00,Pending Transfer
P01128,55,Male,Medium,Pneumonia,5.1,MedSurg,U013,F03,2026-08-23 12:00:00,Admitted
P01129,8,Female,Critical,Cellulitis,11.3,MedSurg,U013,F03,2026-08-14 03:00:00,Transfer Approved
P01130,69,Female,Low,Septic Shock,1.5,icu,U001,F01,2026-08-31 15:00:00,Admitted
P01131,15,Male,Low,Tumor Lysis Syndrome,1.5,Oncology,U005,F01,2026-08-10 16:00:00,Admitted
P01132,34,Female,Low,Post-Operative Recovery,2.1,MedSurg,U003,F01,2026-08-01 18:00:00,Admitted
P01133,7,Female,High,Dehydration,7.5,Pediatrics,U004,F01,2026-08-09 21:00:00,Admitted
P01134,84,Non-Binary,Critical,Congenital Heart Defect,12.2,Pediatrics,U004,F01,2026-08-20 10:00:00,Transfer Approved
P01135,85,Non-Binary,Critical,Acute Myocardial Infarction,11.4,EMERGENCY,U007,F02,2026-08-23 23:00:00,Pending Transfer
P01136,82,Female,Low,Dehydration,2.0,Pediatrics,U009,F02,2026-08-18 15:00:00,Pending Transfer
P01137,88,Male,Medium,Palliative Care,4.6,Oncology,U015,F03,2026-08-07 11:00:00,Pending Transfer
P01138,43,Male,Low,Severe Abdominal Pain,3.1,EMERGENCY,U012,F03,2026-08-31 18:00:00,Transfer Approved
P01139,12,Male,Low,Pneumonia,3.3,MedSurg,U008,F02,2026-08-29 19:00:00,Discharged
P01140,71,Female,Low,Tumor Lysis Syndrome,3.5,Oncology,U005,F01,2026-08-25 07:00:00,Admitted
P01141,48,Non-Binary,Low,Chemotherapy Monitoring,2.1,Oncology,U010,F02,2026-08-12 00:00:00,Admitted
P01142,76,Non-Binary,Low,Pneumonia,2.2,MedSurg,U013,F03,2026-08-31 21:00:00,Pending Transfer
P01143,91,Non-Binary,Low,Cellulitis,3.2,MedSurg,U008,F02,2026-08-10 18:00:00,Admitted
P01144,12,Male,High,Chemotherapy Monitoring,8.1,Oncology,U005,F01,2026-08-04 23:00:00,Admitted
P01145,42,Female,Low,Pneumonia,1.7,MedSurg,U013,F03,2026-08-13 01:00:00,Pending Transfer
P01146,20,Female,High,Congenital Heart Defect,5.7,Pediatrics,U014,F03,2026-08-02 10:00:00,Admitted
P01147,54,Female,Low,Polytrauma,2.5,EMERGENCY,U002,F01,2026-08-12 07:00:00,Pending Transfer
P01148,89,Male,Medium,Severe Abdominal Pain,4.4,EMERGENCY,U002,F01,2026-08-16 07:00:00,Admitted
P01149,71,Male,Low,Post-Cardiac Arrest,3.1,icu,U011,F03,2026-08-10 23:00:00,Pending Transfer
P01150,33,Female,Critical,Severe Abdominal Pain,11.5,EMERGENCY,U012,F03,2026-08-08 01:00:00,Admitted
P01151,90,Non-Binary,Low,Chemotherapy Monitoring,,Oncology,U010,F02,2026-08-24 10:00:00,Transfer Approved
P01152,60,Non-Binary,High,Cellulitis,5.9,MedSurg,U003,F01,2026-08-09 07:00:00,Admitted
P01153,23,Non-Binary,Medium,Stroke,3.6,EMERGENCY,U007,F02,2026-08-03 09:00:00,Transfer Approved
P01154,53,Non-Binary,High,Bronchiolitis,6.4,Pediatrics,U009,F02,2026-08-22 11:00:00,Pending Transfer
P01155,69,Male,Low,Bronchiolitis,1.8,Pediatrics,U014,F03,2026-08-11 14:00:00,Admitted
P01156,85,Male,Low,Severe Abdominal Pain,2.7,EMERGENCY,U012,F03,2026-08-23 07:00:00,Admitted
P01157,77,Male,Low,Acute Myocardial Infarction,1.6,EMERGENCY,U012,F03,2026-08-11 10:00:00,Admitted
P01158,51,Non-Binary,Critical,Severe Abdominal Pain,8.8,EMERGENCY,U002,F01,2026-08-19 01:00:00,Transfer Approved
P01159,74,Female,Low,Acute Myocardial Infarction,3.1,EMERGENCY,U007,F02,2026-08-11 19:00:00,Admitted
P01160,87,Non-Binary,Low,Severe Abdominal Pain,2.0,EMERGENCY,U007,F02,2026-08-17 11:00:00,Pending Transfer
P01161,57,Female,High,Multi-organ Dysfunction,,icu,U011,F03,2026-08-26 22:00:00,Admitted
P01162,17,Female,Low,Febrile Neutropenia,2.2,Oncology,U005,F01,2026-08-10 17:00:00,Pending Transfer
P01163,57,Female,Low,Pediatric Asthma,3.3,Pediatrics,U004,F01,2026-08-14 13:00:00,Admitted
P01164,14,Female,Medium,Pneumonia,5.3,MedSurg,U013,F03,2026-08-31 08:00:00,Discharged
P01165,74,Female,,Diabetes Complications,3.7,MedSurg,U003,F01,2026-08-20 09:00:00,Admitted
P01166,42,Male,High,Tumor Lysis Syndrome,7.7,Oncology,U010,F02,2026-08-13 12:00:00,Admitted
P01167,67,Non-Binary,Critical,Bronchiolitis,11.5,Pediatrics,U009,F02,2026-08-31 09:00:00,Admitted
P01168,23,Non-Binary,Low,Acute Respiratory Distress,,icu,U011,F03,2026-08-27 06:00:00,Admitted
P01169,7,Non-Binary,Medium,Septic Shock,5.5,icu,U011,F03,2026-08-02 22:00:00,Admitted
P01170,67,Female,Critical,Pediatric Asthma,10.4,Pediatrics,U014,F03,2026-08-21 20:00:00,Admitted
P01171,24,Male,Low,Dehydration,3.2,Pediatrics,U004,F01,2026-08-13 19:00:00,Admitted
P01172,39,Male,Medium,Stroke,5.1,EMERGENCY,U012,F03,2026-08-25 04:00:00,Admitted
P01173,74,Male,High,Stroke,6.3,EMERGENCY,U007,F02,2026-08-21 19:00:00,Admitted
P01174,44,Non-Binary,High,Post-Cardiac Arrest,8.5,icu,U006,F02,2026-08-01 02:00:00,Admitted
P01175,70,Non-Binary,Medium,Congenital Heart Defect,4.2,Pediatrics,U004,F01,2026-08-17 01:00:00,Admitted
P01176,46,Male,Low,Congenital Heart Defect,3.5,Pediatrics,U004,F01,2026-08-13 21:00:00,Admitted
P01177,12,Female,High,Diabetes Complications,5.6,MedSurg,U003,F01,2026-08-26 05:00:00,Admitted
P01178,25,Male,Medium,Stroke,5.0,EMERGENCY,U002,F01,2026-08-12 16:00:00,Transfer Approved
P01179,90,Male,Low,Febrile Neutropenia,3.4,Oncology,U005,F01,2026-08-13 05:00:00,Admitted
P01180,35,Female,High,Cellulitis,6.8,MedSurg,U008,F02,2026-08-20 03:00:00,Pending Transfer
P01181,70,Male,Low,Acute Respiratory Distress,2.5,icu,U011,F03,2026-08-08 11:00:00,Pending Transfer
P01182,65,Male,Medium,Acute Respiratory Distress,4.6,icu,U001,F01,2026-08-15 17:00:00,Admitted
P01183,58,Male,Low,Cellulitis,1.7,MedSurg,U008,F02,2026-08-02 09:00:00,Admitted
P01184,4,Male,Medium,Post-Cardiac Arrest,,icu,U001,F01,2026-08-22 04:00:00,Discharged
P01185,89,Male,Low,Post-Cardiac Arrest,3.4,icu,U011,F03,2026-08-09 03:00:00,Admitted
P01186,31,Non-Binary,Medium,Stroke,4.7,EMERGENCY,U012,F03,2026-08-02 12:00:00,Pending Transfer
P01187,53,Male,Critical,Septic Shock,10.3,icu,U006,F02,2026-08-12 00:00:00,Pending Transfer
P01188,17,Non-Binary,High,Pneumonia,7.5,MedSurg,U003,F01,2026-08-13 04:00:00,Admitted
P01189,80,Male,Medium,Cellulitis,3.9,MedSurg,U003,F01,2026-08-23 15:00:00,Admitted
P01190,69,Male,Low,Post-Cardiac Arrest,2.8,icu,U006,F02,2026-08-17 04:00:00,Admitted
P01191,19,Non-Binary,Low,Stroke,1.6,EMERGENCY,U002,F01,2026-08-29 15:00:00,Admitted
P01192,86,Male,Low,Cellulitis,2.2,MedSurg,U003,F01,2026-08-01 22:00:00,Admitted
P01193,69,Male,Low,Diabetes Complications,3.2,MedSurg,U003,F01,2026-08-02 20:00:00,Admitted
P01194,24,Female,Low,Acute Respiratory Distress,2.9,icu,U011,F03,2026-08-04 23:00:00,Admitted
P01195,6,Female,Low,Dehydration,3.3,Pediatrics,U014,F03,2026-08-27 10:00:00,Admitted
P01196,43,Male,Critical,Post-Operative Recovery,12.9,MedSurg,U003,F01,2026-08-13 18:00:00,Admitted
P01197,67,Male,High,Acute Myocardial Infarction,8.4,EMERGENCY,U007,F02,2026-08-05 22:00:00,Admitted
P01198,60,Female,Low,Severe Abdominal Pain,1.9,EMERGENCY,U012,F03,2026-08-30 09:00:00,Admitted
P01199,65,Non-Binary,Medium,Acute Respiratory Distress,3.7,icu,U001,F01,2026-08-18 13:00:00,Admitted
P01200,74,Female,Medium,Pediatric Asthma,3.7,Oncology,U004,F01,2026-08-13 11:00:00,Pending Transfer
P01201,41,Non-Binary,Medium,Post-Cardiac Arrest,3.9,icu,U006,F02,2026-08-24 13:00:00,Admitted
P01202,78,Male,Medium,Pneumonia,4.5,MedSurg,U013,F03,2026-08-31 07:00:00,Admitted
P01203,25,Non-Binary,High,Post-Operative Recovery,7.7,MedSurg,U008,F02,2026-08-25 08:00:00,Admitted
P01204,60,Female,Critical,Bronchiolitis,11.8,Pediatrics,U004,F01,2026-08-12 09:00:00,Transfer Approved
P01205,13,Non-Binary,Critical,Multi-organ Dysfunction,10.6,icu,U006,F02,2026-08-19 19:00:00,Admitted
P01206,71,Non-Binary,Low,Pneumonia,2.7,EMERGENCY,U003,F01,2026-08-13 22:00:00,Transfer Approved
P01207,67,Non-Binary,High,Bronchiolitis,8.0,Pediatrics,U009,F02,2026-08-21 01:00:00,Admitted
P01208,58,Female,Medium,Diabetes Complications,3.5,MedSurg,U013,F03,2026-08-14 00:00:00,Admitted
P01209,29,Female,Critical,Tumor Lysis Syndrome,9.0,MedSurg,U010,F02,2026-08-15 16:00:00,Admitted
P01210,8,Male,Medium,Cellulitis,5.1,MedSurg,U008,F02,2026-08-22 06:00:00,Admitted
P01211,72,Male,Medium,Post-Cardiac Arrest,4.3,icu,U001,F01,2026-08-04 00:00:00,Admitted
P01212,13,Female,Medium,Multi-organ Dysfunction,4.7,icu,U001,F01,2026-08-06 06:00:00,Admitted
P01213,28,Non-Binary,High,Chemotherapy Monitoring,6.1,icu,U005,F01,2026-08-09 14:00:00,Admitted
P01214,44,Male,High,Post-Cardiac Arrest,7.3,icu,U001,F01,2026-08-17 14:00:00,Admitted
P01215,46,Female,Medium,Stroke,4.2,EMERGENCY,U012,F03,2026-08-06 22:00:00,Admitted
P01216,31,Male,Low,Palliative Care,2.7,Oncology,U005,F01,2026-08-28 00:00:00,Admitted
P01217,92,Male,Low,Polytrauma,1.8,EMERGENCY,U012,F03,2026-08-06 03:00:00,Admitted
P01218,18,Female,High,Multi-organ Dysfunction,6.5,icu,U011,F03,2026-08-22 19:00:00,Discharged
P01219,26,Non-Binary,Low,Acute Respiratory Distress,1.6,icu,U001,F01,2026-08-26 18:00:00,Admitted
P01220,86,Female,Low,Severe Abdominal Pain,2.7,EMERGENCY,U012,F03,2026-08-24 22:00:00,Admitted
P01221,60,Female,Low,Multi-organ Dysfunction,2.1,icu,U006,F02,2026-08-25 21:00:00,Transfer Approved
P01222,4,Male,Medium,Pneumonia,5.5,MedSurg,U008,F02,2026-08-21 06:00:00,Admitted
P01223,51,Non-Binary,Medium,Post-Operative Recovery,3.5,MedSurg,U008,F02,2026-08-21 17:00:00,Admitted
P01224,33,Male,Medium,Acute Myocardial Infarction,3.9,EMERGENCY,U007,F02,2026-08-24 09:00:00,Admitted
P01225,72,Male,Critical,Pediatric Asthma,12.5,Pediatrics,U014,F03,2026-08-19 11:00:00,Pending Transfer
P01226,34,Male,Low,Pneumonia,2.9,MedSurg,U008,F02,2026-08-29 14:00:00,Admitted
P01227,87,Female,Low,Dehydration,2.7,Pediatrics,U009,F02,2026-08-16 11:00:00,Admitted
P01228,90,Non-Binary,Low,Bronchiolitis,3.4,Pediatrics,U009,F02,2026-08-22 19:00:00,Admitted
P01229,40,Male,High,Multi-organ Dysfunction,6.3,icu,U006,F02,2026-08-30 17:00:00,Pending Transfer
P01230,24,Non-Binary,Medium,Post-Operative Recovery,4.0,MedSurg,U008,F02,2026-08-03 03:00:00,Admitted
P01231,65,Male,Medium,Post-Operative Recovery,3.6,MedSurg,U003,F01,2026-08-19 07:00:00,Admitted
P01232,47,Male,Low,Severe Abdominal Pain,1.6,EMERGENCY,U007,F02,2026-08-14 03:00:00,Discharged
P01233,65,Male,Medium,Tumor Lysis Syndrome,4.3,Oncology,U005,F01,2026-08-17 03:00:00,Pending Transfer
P01234,64,Non-Binary,High,Stroke,5.9,Pediatrics,U002,F01,2026-08-15 11:00:00,Admitted
P01235,89,Female,Critical,Acute Respiratory Distress,13.0,icu,U001,F01,2026-08-10 11:00:00,Admitted
P01236,7,Male,Low,Severe Abdominal Pain,3.3,EMERGENCY,U007,F02,2026-08-31 11:00:00,Admitted
P01237,38,Female,Medium,Dehydration,3.8,Pediatrics,U014,F03,2026-08-04 11:00:00,Admitted
P01238,18,Male,Medium,Dehydration,3.7,Pediatrics,U014,F03,2026-08-20 23:00:00,Admitted
P01239,24,Female,Critical,Post-Operative Recovery,10.6,MedSurg,U013,F03,2026-08-05 16:00:00,Admitted
P01240,54,Non-Binary,Low,Tumor Lysis Syndrome,3.0,EMERGENCY,U010,F02,2026-08-22 10:00:00,Admitted
P01241,18,Male,Critical,Bronchiolitis,13.3,Pediatrics,U009,F02,2026-08-08 03:00:00,Admitted
P01242,26,Male,High,Severe Abdominal Pain,6.1,EMERGENCY,U012,F03,2026-08-28 08:00:00,Admitted
P01243,40,Female,Medium,Septic Shock,5.5,icu,U001,F01,2026-08-09 17:00:00,Admitted
P01244,60,Female,Medium,Post-Cardiac Arrest,3.9,icu,U006,F02,2026-08-19 04:00:00,Admitted
P01245,45,Non-Binary,Low,Acute Respiratory Distress,2.1,icu,U001,F01,2026-08-30 17:00:00,Discharged
P01246,32,Male,High,Polytrauma,8.5,EMERGENCY,U007,F02,2026-08-11 01:00:00,Admitted
P01247,23,Male,High,Stroke,7.6,Oncology,U002,F01,2026-08-07 18:00:00,Admitted
P01248,-5,Female,Medium,Diabetes Complications,5.2,MedSurg,U003,F01,2026-08-16 07:00:00,Admitted
P01249,75,Female,Low,Palliative Care,3.1,Oncology,U015,F03,2026-08-14 07:00:00,Pending Transfer
P01250,26,Male,Low,Febrile Neutropenia,2.4,Oncology,U005,F01,2026-08-25 22:00:00,Admitted
P01251,75,Male,Low,Chemotherapy Monitoring,1.8,Oncology,U015,F03,2026-08-04 18:00:00,Admitted
P01252,84,Non-Binary,Critical,Palliative Care,9.9,Oncology,U015,F03,2026-08-21 15:00:00,Admitted
P01253,14,Non-Binary,High,Multi-organ Dysfunction,6.0,icu,U011,F03,2026-08-28 10:00:00,Pending Transfer
P01254,20,Female,Low,Post-Cardiac Arrest,3.4,icu,U001,F01,2026-08-11 08:00:00,Transfer Approved
P01255,16,Non-Binary,High,Diabetes Complications,5.6,MedSurg,U013,F03,2026-08-31 14:00:00,Admitted
P01256,32,Non-Binary,Low,Multi-organ Dysfunction,2.1,icu,U011,F03,2026-08-04 06:00:00,Admitted
P01257,48,Non-Binary,Low,Cellulitis,1.7,EMERGENCY,U013,F03,2026-08-23 23:00:00,Admitted
P01258,28,Non-Binary,High,Post-Cardiac Arrest,7.2,icu,U001,F01,2026-08-29 13:00:00,Admitted
P01259,50,Non-Binary,Medium,Multi-organ Dysfunction,4.9,icu,U006,F02,2026-08-05 01:00:00,Admitted
P01260,67,Male,Low,Febrile Neutropenia,3.1,Oncology,U010,F02,2026-08-18 20:00:00,Transfer Approved
P01261,5,Female,High,Bronchiolitis,8.4,Pediatrics,U009,F02,2026-08-16 12:00:00,Admitted
P01262,65,Male,Medium,Dehydration,5.0,EMERGENCY,U004,F01,2026-08-20 13:00:00,Admitted
P01263,50,Female,Low,Chemotherapy Monitoring,2.2,Oncology,U015,F03,2026-08-13 11:00:00,Admitted
P01264,75,Non-Binary,Medium,Cellulitis,4.1,MedSurg,U003,F01,2026-08-05 14:00:00,Pending Transfer
P01265,66,Male,Low,Febrile Neutropenia,2.9,Oncology,U015,F03,2026-08-19 01:00:00,Admitted
P01266,83,Non-Binary,Medium,Congenital Heart Defect,3.7,Pediatrics,U004,F01,2026-08-29 20:00:00,Pending Transfer
P01267,43,Non-Binary,Medium,Pediatric Asthma,5.3,Pediatrics,U009,F02,2026-08-09 12:00:00,Admitted
P01268,86,Male,Low,Acute Myocardial Infarction,3.2,EMERGENCY,U002,F01,2026-08-16 09:00:00,Pending Transfer
P01269,84,Non-Binary,Medium,Post-Operative Recovery,4.5,MedSurg,U003,F01,2026-08-12 06:00:00,Pending Transfer
P01270,85,Female,Medium,Acute Myocardial Infarction,4.8,EMERGENCY,U002,F01,2026-08-20 10:00:00,Admitted
P01271,13,Non-Binary,Medium,Pediatric Asthma,4.4,Pediatrics,U009,F02,2026-08-15 22:00:00,Admitted
P01272,47,Female,Low,Post-Cardiac Arrest,2.3,icu,U011,F03,2026-08-10 01:00:00,Admitted
P01273,23,Female,Low,Post-Operative Recovery,2.3,MedSurg,U008,F02,2026-08-30 04:00:00,Admitted
P01274,83,Non-Binary,Low,Chemotherapy Monitoring,3.1,Oncology,U015,F03,2026-08-31 14:00:00,Admitted
P01275,18,Non-Binary,Low,Post-Operative Recovery,2.0,MedSurg,U003,F01,2026-08-09 18:00:00,Admitted
P01276,90,Male,Low,Post-Cardiac Arrest,2.6,icu,U011,F03,2026-08-18 07:00:00,Admitted
P01277,92,Non-Binary,Medium,Acute Respiratory Distress,5.2,icu,U011,F03,2026-08-26 09:00:00,Admitted
P01278,14,Male,High,Dehydration,5.6,Pediatrics,U009,F02,2026-08-11 06:00:00,Admitted
P01279,25,Non-Binary,High,Septic Shock,7.7,icu,U006,F02,2026-08-12 06:00:00,Admitted
P01280,84,Female,Low,Tumor Lysis Syndrome,1.8,Oncology,U015,F03,2026-08-18 03:00:00,Discharged
P01281,81,Male,High,Acute Respiratory Distress,6.7,icu,U001,F01,2026-08-14 11:00:00,Admitted
P01282,79,Female,Medium,Post-Cardiac Arrest,5.3,icu,U006,F02,2026-08-12 08:00:00,Transfer Approved
P01283,37,Non-Binary,High,Diabetes Complications,6.1,MedSurg,U013,F03,2026-08-23 23:00:00,Admitted
P01284,65,Female,Medium,Congenital Heart Defect,3.6,Pediatrics,U014,F03,2026-08-26 08:00:00,Transfer Approved
P01285,51,Female,Low,Acute Respiratory Distress,2.5,icu,U011,F03,2026-08-02 22:00:00,Admitted
P01286,29,Male,Low,Pneumonia,1.7,MedSurg,U013,F03,2026-08-19 16:00:00,Admitted
P01287,65,Non-Binary,Medium,Acute Myocardial Infarction,4.3,EMERGENCY,U007,F02,2026-08-14 16:00:00,Transfer Approved
P01288,88,Male,Low,Febrile Neutropenia,2.6,Oncology,U005,F01,2026-08-16 02:00:00,Pending Transfer
P01289,45,Non-Binary,Medium,Severe Abdominal Pain,5.2,EMERGENCY,U007,F02,2026-08-29 00:00:00,Admitted
P01290,52,Non-Binary,Medium,Cellulitis,4.4,MedSurg,U003,F01,2026-08-14 13:00:00,Transfer Approved
P01291,78,Non-Binary,Medium,Multi-organ Dysfunction,3.7,icu,U011,F03,2026-08-14 13:00:00,Discharged
P01292,6,Non-Binary,Low,Tumor Lysis Syndrome,2.0,Oncology,U010,F02,2026-08-14 02:00:00,Pending Transfer
P01293,38,Female,Medium,Stroke,4.0,EMERGENCY,U012,F03,2026-08-31 14:00:00,Admitted
P01294,81,Female,Low,Palliative Care,2.0,Oncology,U005,F01,2026-08-01 20:00:00,Admitted
P01295,5,Male,Medium,Post-Operative Recovery,4.8,MedSurg,U003,F01,2026-08-16 17:00:00,Admitted
P01296,40,Male,High,Cellulitis,8.4,MedSurg,U013,F03,2026-08-16 01:00:00,Admitted
P01297,83,Female,Medium,Pediatric Asthma,5.3,Pediatrics,U004,F01,2026-08-12 07:00:00,Pending Transfer
P01298,64,Non-Binary,Critical,Cellulitis,9.7,MedSurg,U008,F02,2026-08-17 15:00:00,Pending Transfer
P01299,2,Male,High,Post-Cardiac Arrest,7.6,icu,U001,F01,2026-08-10 12:00:00,Pending Transfer
P01300,32,Male,High,Tumor Lysis Syndrome,6.8,Oncology,U005,F01,2026-08-02 07:00:00,Transfer Approved
P01301,43,Male,Medium,Pediatric Asthma,4.0,Pediatrics,U014,F03,2026-08-13 02:00:00,Admitted
P01302,24,Male,Low,Polytrauma,3.5,EMERGENCY,U002,F01,2026-08-31 18:00:00,Admitted
P01303,26,Non-Binary,Low,Palliative Care,2.4,Oncology,U005,F01,2026-08-26 01:00:00,Admitted
P01304,71,Male,Medium,Chemotherapy Monitoring,4.4,Oncology,U015,F03,2026-08-23 17:00:00,Transfer Approved
P01305,8,Male,Low,Diabetes Complications,2.0,MedSurg,U013,F03,2026-08-15 05:00:00,Transfer Approved
P01306,69,Non-Binary,Medium,Bronchiolitis,3.7,Pediatrics,U014,F03,2026-08-22 14:00:00,Discharged
P01307,21,Male,Low,Severe Abdominal Pain,2.3,MedSurg,U007,F02,2026-08-14 01:00:00,Admitted
P01308,69,Non-Binary,Medium,Palliative Care,4.0,Oncology,U010,F02,2026-08-24 21:00:00,Admitted
P01309,79,Female,Low,Polytrauma,2.3,EMERGENCY,U002,F01,2026-08-16 08:00:00,Admitted
P01310,45,Male,Low,Cellulitis,1.6,MedSurg,U013,F03,2026-08-19 11:00:00,Pending Transfer
P01311,49,Male,Low,Pediatric Asthma,2.6,Pediatrics,U009,F02,2026-08-28 14:00:00,Admitted
P01312,13,Female,Low,Pneumonia,3.3,MedSurg,U003,F01,2026-08-22 08:00:00,Admitted
P01313,24,Female,Low,Acute Myocardial Infarction,1.6,EMERGENCY,U012,F03,2026-08-25 05:00:00,Admitted
P01314,59,Non-Binary,Low,Septic Shock,3.3,icu,U001,F01,2026-08-25 02:00:00,Admitted
P01315,11,Non-Binary,Low,Multi-organ Dysfunction,1.5,MedSurg,U011,F03,2026-08-01 14:00:00,Admitted
P01316,80,Female,Medium,Stroke,4.7,EMERGENCY,U012,F03,2026-08-14 17:00:00,Admitted
P01317,9,Non-Binary,Low,Dehydration,1.6,Pediatrics,U004,F01,2026-08-18 07:00:00,Admitted
P01318,7,Male,Low,Multi-organ Dysfunction,3.1,icu,U001,F01,2026-08-10 01:00:00,Pending Transfer
P01319,81,Non-Binary,Low,Dehydration,1.5,Pediatrics,U004,F01,2026-08-08 23:00:00,Pending Transfer
P01320,24,Non-Binary,High,Pneumonia,7.1,MedSurg,U013,F03,2026-08-25 13:00:00,Admitted
P01321,6,Female,High,Severe Abdominal Pain,8.3,EMERGENCY,U007,F02,2026-08-31 07:00:00,Admitted
P01322,33,Male,Medium,Acute Myocardial Infarction,5.5,EMERGENCY,U012,F03,2026-08-04 15:00:00,Admitted
P01323,83,Male,Medium,Dehydration,5.0,Pediatrics,U004,F01,2026-08-08 02:00:00,Transfer Approved
P01324,29,Male,Low,Multi-organ Dysfunction,,icu,U006,F02,2026-08-23 13:00:00,Discharged
P01325,33,Non-Binary,Medium,Dehydration,4.7,EMERGENCY,U004,F01,2026-08-16 16:00:00,Admitted
P01326,13,Female,Critical,Multi-organ Dysfunction,12.6,icu,U006,F02,2026-08-19 03:00:00,Admitted
P01327,16,Female,Low,Congenital Heart Defect,3.5,EMERGENCY,U009,F02,2026-08-20 14:00:00,Admitted
P01328,13,Non-Binary,Medium,Pneumonia,3.8,MedSurg,U003,F01,2026-08-27 09:00:00,Discharged
P01329,43,Female,,Congenital Heart Defect,5.5,Pediatrics,U014,F03,2026-08-11 13:00:00,Admitted
P01330,29,Non-Binary,Medium,Cellulitis,4.2,MedSurg,U003,F01,2026-08-22 12:00:00,Admitted
P01331,88,Male,Medium,Septic Shock,5.0,icu,U006,F02,2026-08-08 07:00:00,Admitted
P01332,75,Male,Low,Post-Operative Recovery,3.2,MedSurg,U003,F01,2026-08-22 23:00:00,Pending Transfer
P01333,14,Non-Binary,High,Pediatric Asthma,6.6,Pediatrics,U009,F02,2026-08-06 02:00:00,Admitted
P01334,91,Female,High,Dehydration,7.4,Pediatrics,U009,F02,2026-08-03 06:00:00,Pending Transfer
P01335,18,Non-Binary,Medium,Acute Myocardial Infarction,5.1,EMERGENCY,U007,F02,2026-08-08 20:00:00,Admitted
P01336,27,Non-Binary,Low,Cellulitis,1.7,MedSurg,U013,F03,2026-08-17 06:00:00,Pending Transfer
P01337,51,Male,Medium,Bronchiolitis,3.7,Pediatrics,U004,F01,2026-08-18 17:00:00,Transfer Approved
P01338,35,Non-Binary,High,Cellulitis,5.9,MedSurg,U008,F02,2026-08-05 22:00:00,Admitted
P01339,18,Non-Binary,Low,Diabetes Complications,,MedSurg,U013,F03,2026-08-01 16:00:00,Admitted
P01340,75,Female,High,Multi-organ Dysfunction,6.6,icu,U011,F03,2026-08-06 20:00:00,Pending Transfer
P01341,69,Male,Low,Palliative Care,3.2,Oncology,U015,F03,2026-08-09 04:00:00,Admitted
P01342,44,Non-Binary,High,Chemotherapy Monitoring,8.2,Oncology,U010,F02,2026-08-12 15:00:00,Admitted
P01343,71,Female,High,Congenital Heart Defect,7.3,Pediatrics,U009,F02,2026-08-12 07:00:00,Admitted
P01344,72,Male,Low,Febrile Neutropenia,1.8,Oncology,U005,F01,2026-08-24 17:00:00,Admitted
P01345,45,Non-Binary,Low,Acute Myocardial Infarction,2.9,EMERGENCY,U002,F01,2026-08-08 16:00:00,Pending Transfer
P01346,88,Male,High,Post-Operative Recovery,7.6,MedSurg,U013,F03,2026-08-01 03:00:00,Admitted
P01347,55,Non-Binary,High,Chemotherapy Monitoring,6.0,Oncology,U005,F01,2026-08-12 07:00:00,Transfer Approved
P01348,37,Female,Medium,Palliative Care,4.3,Oncology,U015,F03,2026-08-05 18:00:00,Pending Transfer
P01349,58,Female,Low,Pneumonia,1.8,EMERGENCY,U003,F01,2026-08-15 12:00:00,Admitted
P01350,26,Non-Binary,Low,Stroke,2.7,EMERGENCY,U007,F02,2026-08-24 04:00:00,Admitted
P01351,39,Male,High,Post-Cardiac Arrest,8.2,icu,U006,F02,2026-08-03 08:00:00,Admitted
P01352,28,Male,Medium,Congenital Heart Defect,3.9,Pediatrics,U004,F01,2026-08-18 07:00:00,Admitted
P01353,29,Male,High,Diabetes Complications,6.9,MedSurg,U013,F03,2026-08-11 23:00:00,Admitted
P01354,90,Female,Medium,Post-Operative Recovery,4.3,MedSurg,U013,F03,2026-08-22 05:00:00,Admitted
P01355,85,Male,Low,Palliative Care,2.2,Oncology,U005,F01,2026-08-13 04:00:00,Admitted
P01356,23,Female,Low,Pneumonia,2.9,MedSurg,U008,F02,2026-08-31 07:00:00,Admitted
P01357,59,Male,Medium,Stroke,4.8,EMERGENCY,U002,F01,2026-08-25 22:00:00,Admitted
P01358,74,Female,Medium,Congenital Heart Defect,5.0,icu,U009,F02,2026-08-05 08:00:00,Admitted
P01359,29,Female,Low,Bronchiolitis,3.1,Pediatrics,U014,F03,2026-08-25 18:00:00,Admitted
P01360,7,Male,Low,Pediatric Asthma,3.4,Pediatrics,U014,F03,2026-08-15 06:00:00,Admitted
P01361,36,Female,High,Febrile Neutropenia,,Oncology,U010,F02,2026-08-09 02:00:00,Admitted
P01362,80,Male,Medium,Bronchiolitis,4.2,Pediatrics,U009,F02,2026-08-25 11:00:00,Admitted
P01363,71,Non-Binary,Low,Severe Abdominal Pain,3.3,EMERGENCY,U002,F01,2026-08-12 17:00:00,Transfer Approved
P01364,25,Non-Binary,Medium,Acute Respiratory Distress,4.0,icu,U001,F01,2026-08-09 10:00:00,Admitted
P01365,62,Non-Binary,Medium,Post-Cardiac Arrest,4.5,icu,U011,F03,2026-08-20 02:00:00,Admitted
P01366,71,Non-Binary,High,Polytrauma,7.6,EMERGENCY,U007,F02,2026-08-31 02:00:00,Admitted
P01367,24,Male,High,Post-Cardiac Arrest,7.8,Pediatrics,U001,F01,2026-08-15 01:00:00,Admitted
P01368,82,Male,Low,Post-Operative Recovery,2.6,icu,U013,F03,2026-08-06 04:00:00,Admitted
P01369,29,Non-Binary,High,Congenital Heart Defect,8.1,Pediatrics,U004,F01,2026-08-18 04:00:00,Admitted
P01370,3,Non-Binary,Medium,Septic Shock,3.6,icu,U001,F01,2026-08-30 16:00:00,Admitted
P01371,39,Non-Binary,Low,Post-Operative Recovery,2.9,MedSurg,U013,F03,2026-08-24 22:00:00,Admitted
P01372,76,Non-Binary,Medium,Polytrauma,4.4,EMERGENCY,U012,F03,2026-08-27 06:00:00,Admitted
P01373,49,Male,Low,Bronchiolitis,3.3,Pediatrics,U004,F01,2026-08-12 14:00:00,Admitted
P01374,16,Male,High,Pediatric Asthma,6.3,Pediatrics,U014,F03,2026-08-04 08:00:00,Admitted
P01375,24,Male,Low,Acute Myocardial Infarction,2.4,MedSurg,U007,F02,2026-08-19 17:00:00,Admitted
P01376,10,Male,Medium,Febrile Neutropenia,4.7,Oncology,U010,F02,2026-08-22 01:00:00,Admitted
P01377,52,Female,High,Dehydration,7.4,Pediatrics,U004,F01,2026-08-27 01:00:00,Admitted
P01378,16,Non-Binary,Low,Tumor Lysis Syndrome,3.2,Oncology,U005,F01,2026-08-13 23:00:00,Admitted
P01379,41,Male,Medium,Acute Respiratory Distress,5.2,icu,U011,F03,2026-08-12 06:00:00,Admitted
P01380,73,Female,Medium,Pneumonia,,EMERGENCY,U008,F02,2026-08-06 01:00:00,Admitted
P01381,23,Male,Low,Febrile Neutropenia,2.8,Oncology,U005,F01,2026-08-20 15:00:00,Admitted
P01382,24,Female,High,Tumor Lysis Syndrome,7.8,Oncology,U015,F03,2026-08-03 11:00:00,Transfer Approved
P01383,54,Female,Low,Bronchiolitis,1.9,Pediatrics,U004,F01,2026-08-20 00:00:00,Admitted
P01384,45,Male,Medium,Polytrauma,4.4,EMERGENCY,U007,F02,2026-08-10 04:00:00,Pending Transfer
P01385,83,Non-Binary,Low,Septic Shock,2.4,icu,U011,F03,2026-08-25 18:00:00,Admitted
P01386,69,Non-Binary,Low,Bronchiolitis,2.0,Pediatrics,U014,F03,2026-08-10 10:00:00,Transfer Approved
P01387,2,Non-Binary,Low,Polytrauma,3.0,EMERGENCY,U002,F01,2026-08-06 15:00:00,Admitted
P01388,68,Male,,Post-Cardiac Arrest,3.7,icu,U011,F03,2026-08-29 21:00:00,Pending Transfer
P01389,13,Male,Low,Multi-organ Dysfunction,2.9,icu,U011,F03,2026-08-01 21:00:00,Transfer Approved
P01390,36,Non-Binary,Low,Tumor Lysis Syndrome,1.5,Pediatrics,U015,F03,2026-08-13 14:00:00,Pending Transfer
P01391,88,Non-Binary,High,Bronchiolitis,6.0,Pediatrics,U004,F01,2026-08-17 23:00:00,Admitted
P01392,31,Non-Binary,Medium,Dehydration,3.5,Pediatrics,U009,F02,2026-08-26 11:00:00,Admitted
P01393,31,Female,Low,Dehydration,3.3,Pediatrics,U009,F02,2026-08-19 03:00:00,Transfer Approved
P01394,29,Male,Medium,Severe Abdominal Pain,4.3,EMERGENCY,U012,F03,2026-08-25 19:00:00,Admitted
P01395,70,Non-Binary,Medium,Post-Cardiac Arrest,3.5,Oncology,U006,F02,2026-08-01 20:00:00,Pending Transfer
P01396,55,Female,Medium,Acute Respiratory Distress,5.0,icu,U006,F02,2026-08-02 06:00:00,Admitted
P01397,58,Non-Binary,Medium,Tumor Lysis Syndrome,5.5,Oncology,U010,F02,2026-08-31 16:00:00,Pending Transfer
P01398,9,Male,Low,Post-Cardiac Arrest,2.6,icu,U006,F02,2026-08-28 12:00:00,Pending Transfer
P01399,64,Male,Low,Diabetes Complications,2.3,EMERGENCY,U008,F02,2026-08-21 15:00:00,Admitted
P01400,33,Female,Medium,Post-Cardiac Arrest,5.3,icu,U001,F01,2026-08-24 11:00:00,Admitted
P01401,18,Male,Medium,Palliative Care,5.3,Oncology,U005,F01,2026-08-30 02:00:00,Admitted
P01402,69,Non-Binary,High,Pneumonia,5.6,MedSurg,U013,F03,2026-08-17 03:00:00,Admitted
P01403,85,Female,Low,Dehydration,3.1,Pediatrics,U014,F03,2026-08-07 11:00:00,Transfer Approved
P01404,51,Female,Critical,Dehydration,10.3,Pediatrics,U009,F02,2026-08-08 19:00:00,Admitted
P01405,69,Non-Binary,Medium,Polytrauma,5.1,icu,U007,F02,2026-08-24 23:00:00,Admitted
P01406,4,Non-Binary,High,Palliative Care,6.8,Oncology,U015,F03,2026-08-06 04:00:00,Admitted
P01407,65,Non-Binary,High,Chemotherapy Monitoring,5.5,EMERGENCY,U010,F02,2026-08-15 23:00:00,Admitted
P01408,32,Male,High,Congenital Heart Defect,6.9,Pediatrics,U014,F03,2026-08-30 04:00:00,Admitted
P01409,63,Female,Low,Acute Respiratory Distress,1.6,icu,U006,F02,2026-08-25 03:00:00,Admitted
P01410,52,Female,Low,Severe Abdominal Pain,2.3,EMERGENCY,U012,F03,2026-08-22 01:00:00,Pending Transfer
P01411,8,Female,Low,Severe Abdominal Pain,2.8,EMERGENCY,U007,F02,2026-08-14 02:00:00,Transfer Approved
P01412,52,Female,Low,Congenital Heart Defect,1.7,Pediatrics,U009,F02,2026-08-06 23:00:00,Pending Transfer
P01413,26,Non-Binary,Critical,Dehydration,11.8,Pediatrics,U014,F03,2026-08-29 21:00:00,Admitted
P01414,24,Non-Binary,Medium,Bronchiolitis,5.2,Pediatrics,U004,F01,2026-08-01 23:00:00,Admitted
P01415,71,Non-Binary,Low,Septic Shock,2.8,icu,U001,F01,2026-08-16 18:00:00,Admitted
P01416,75,Non-Binary,High,Bronchiolitis,5.6,Pediatrics,U004,F01,2026-08-30 06:00:00,Admitted
P01417,10,Female,High,Severe Abdominal Pain,8.1,EMERGENCY,U007,F02,2026-08-06 12:00:00,Admitted
P01418,83,Female,Medium,Palliative Care,3.9,Oncology,U010,F02,2026-08-20 18:00:00,Pending Transfer
P01419,8,Male,High,Diabetes Complications,7.6,MedSurg,U003,F01,2026-08-20 20:00:00,Admitted
P01420,67,Female,Medium,Febrile Neutropenia,5.1,Oncology,U015,F03,2026-08-05 00:00:00,Pending Transfer
P01421,72,Non-Binary,Medium,Dehydration,3.9,Pediatrics,U009,F02,2026-08-23 22:00:00,Admitted
P01422,4,Male,Low,Dehydration,3.4,Pediatrics,U004,F01,2026-08-21 18:00:00,Admitted
P01423,76,Male,,Severe Abdominal Pain,6.2,EMERGENCY,U002,F01,2026-08-26 03:00:00,Admitted
P01424,47,Male,Critical,Palliative Care,10.5,Oncology,U015,F03,2026-08-23 04:00:00,Discharged
P01425,74,Female,High,Chemotherapy Monitoring,6.8,Oncology,U015,F03,2026-08-08 07:00:00,Admitted
P01426,66,Male,High,Diabetes Complications,7.9,MedSurg,U003,F01,2026-08-03 05:00:00,Admitted
P01427,49,Male,Medium,Acute Myocardial Infarction,3.8,EMERGENCY,U007,F02,2026-08-14 04:00:00,Discharged
P01428,57,Female,Low,Acute Respiratory Distress,1.6,icu,U011,F03,2026-08-19 04:00:00,Admitted
P01429,10,Female,Low,Polytrauma,1.8,EMERGENCY,U007,F02,2026-08-31 07:00:00,Admitted
P01430,46,Female,Low,Pediatric Asthma,3.3,Pediatrics,U014,F03,2026-08-10 03:00:00,Admitted
P01431,4,Male,Low,Chemotherapy Monitoring,2.0,Oncology,U010,F02,2026-08-31 18:00:00,Pending Transfer
P01432,84,Male,Medium,Pneumonia,3.5,MedSurg,U008,F02,2026-08-14 12:00:00,Admitted
P01433,68,Male,Low,Febrile Neutropenia,3.2,Oncology,U010,F02,2026-08-06 17:00:00,Pending Transfer
P01434,37,Female,High,Cellulitis,,MedSurg,U003,F01,2026-08-29 13:00:00,Admitted
P01435,49,Female,High,Acute Myocardial Infarction,8.1,EMERGENCY,U002,F01,2026-08-24 08:00:00,Pending Transfer
P01436,57,Female,Medium,Tumor Lysis Syndrome,4.7,Oncology,U005,F01,2026-08-13 06:00:00,Admitted
P01437,52,Non-Binary,Low,Bronchiolitis,2.2,Pediatrics,U009,F02,2026-08-12 16:00:00,Admitted
P01438,38,Female,Medium,Cellulitis,3.7,MedSurg,U008,F02,2026-08-12 19:00:00,Admitted
P01439,81,Non-Binary,Low,Stroke,2.2,MedSurg,U012,F03,2026-08-15 11:00:00,Admitted
P01440,29,Male,Critical,Post-Operative Recovery,12.6,MedSurg,U013,F03,2026-08-26 09:00:00,Transfer Approved
P01441,68,Female,Low,Pneumonia,2.0,MedSurg,U008,F02,2026-08-01 13:00:00,Admitted
P01442,84,Female,High,Multi-organ Dysfunction,5.6,icu,U011,F03,2026-08-24 05:00:00,Admitted
P01443,20,Male,Low,Acute Respiratory Distress,3.1,icu,U001,F01,2026-08-06 13:00:00,Discharged
P01444,31,Male,Low,Post-Cardiac Arrest,1.7,icu,U011,F03,2026-08-23 12:00:00,Admitted
P01445,78,Female,Low,Acute Myocardial Infarction,1.8,EMERGENCY,U007,F02,2026-08-08 14:00:00,Admitted
P01446,16,Male,High,Dehydration,6.8,icu,U004,F01,2026-08-11 05:00:00,Admitted
P01447,66,Male,Low,Cellulitis,2.5,MedSurg,U003,F01,2026-08-08 11:00:00,Admitted
P01448,11,Non-Binary,Low,Bronchiolitis,2.2,Pediatrics,U009,F02,2026-08-28 16:00:00,Admitted
P01449,15,Male,Low,Bronchiolitis,,Pediatrics,U009,F02,2026-08-14 02:00:00,Admitted
P01450,63,Non-Binary,Medium,Stroke,4.9,EMERGENCY,U002,F01,2026-08-12 13:00:00,Pending Transfer
P01451,28,Male,Medium,Multi-organ Dysfunction,4.5,icu,U001,F01,2026-08-25 03:00:00,Pending Transfer
P01452,11,Male,Low,Pediatric Asthma,1.6,Pediatrics,U004,F01,2026-08-05 10:00:00,Admitted
P01453,73,Male,Low,Tumor Lysis Syndrome,2.5,Oncology,U005,F01,2026-08-14 18:00:00,Admitted
P01454,25,Male,High,Acute Myocardial Infarction,5.5,Oncology,U012,F03,2026-08-10 11:00:00,Admitted
P01455,4,Non-Binary,Medium,Septic Shock,4.7,icu,U006,F02,2026-08-06 23:00:00,Admitted
P01456,86,Non-Binary,Critical,Acute Respiratory Distress,8.5,icu,U006,F02,2026-08-27 08:00:00,Transfer Approved
P01457,80,Non-Binary,Low,Cellulitis,2.7,MedSurg,U008,F02,2026-08-28 14:00:00,Admitted
P01458,17,Non-Binary,High,Severe Abdominal Pain,7.0,EMERGENCY,U002,F01,2026-08-13 10:00:00,Admitted
P01459,73,Female,,Post-Operative Recovery,2.0,MedSurg,U003,F01,2026-08-16 02:00:00,Admitted
P01460,34,Female,Critical,Stroke,8.7,EMERGENCY,U002,F01,2026-08-29 03:00:00,Transfer Approved
P01461,5,Non-Binary,Low,Septic Shock,3.4,MedSurg,U011,F03,2026-08-13 20:00:00,Admitted
P01462,11,Non-Binary,High,Severe Abdominal Pain,6.5,EMERGENCY,U012,F03,2026-08-30 09:00:00,Admitted
P01463,87,Male,Low,Pediatric Asthma,1.9,Pediatrics,U004,F01,2026-08-11 23:00:00,Admitted
P01464,81,Male,Low,Severe Abdominal Pain,3.2,Pediatrics,U007,F02,2026-08-29 00:00:00,Pending Transfer
P01465,54,Female,High,Chemotherapy Monitoring,6.7,Oncology,U010,F02,2026-08-17 01:00:00,Pending Transfer
P01466,24,Female,Critical,Tumor Lysis Syndrome,9.2,Oncology,U005,F01,2026-08-24 10:00:00,Admitted
P01467,32,Female,Medium,Severe Abdominal Pain,5.3,EMERGENCY,U012,F03,2026-08-18 06:00:00,Admitted
P01468,46,Non-Binary,Medium,Septic Shock,4.0,icu,U001,F01,2026-08-27 15:00:00,Admitted
P01469,20,Female,Low,Pneumonia,2.0,MedSurg,U003,F01,2026-08-13 00:00:00,Admitted
P01470,33,Female,Low,Palliative Care,2.0,icu,U015,F03,2026-08-01 05:00:00,Admitted
P01471,1,Non-Binary,Critical,Polytrauma,13.8,EMERGENCY,U012,F03,2026-08-27 01:00:00,Admitted
P01472,1,Male,Medium,Severe Abdominal Pain,3.5,EMERGENCY,U002,F01,2026-08-07 00:00:00,Admitted
P01473,47,Female,High,Multi-organ Dysfunction,5.9,icu,U001,F01,2026-08-27 11:00:00,Pending Transfer
P01474,29,Male,Critical,Polytrauma,10.4,EMERGENCY,U007,F02,2026-08-12 13:00:00,Admitted
P01475,21,Non-Binary,Low,Palliative Care,2.5,Oncology,U015,F03,2026-08-27 09:00:00,Admitted
P01476,12,Female,Medium,Stroke,3.5,EMERGENCY,U002,F01,2026-08-21 20:00:00,Admitted
P01477,12,Non-Binary,Low,Stroke,1.8,EMERGENCY,U012,F03,2026-08-30 05:00:00,Admitted
P01478,1,Non-Binary,High,Severe Abdominal Pain,8.3,EMERGENCY,U007,F02,2026-08-11 22:00:00,Admitted
P01479,22,Male,Critical,Septic Shock,13.4,icu,U011,F03,2026-08-01 16:00:00,Admitted
P01480,12,Female,Medium,Polytrauma,3.8,EMERGENCY,U002,F01,2026-08-18 04:00:00,Admitted
P01481,5,Female,High,Tumor Lysis Syndrome,6.1,Oncology,U015,F03,2026-08-16 19:00:00,Admitted
P01482,17,Female,High,Febrile Neutropenia,8.2,Oncology,U015,F03,2026-08-11 11:00:00,Admitted
P01483,64,Female,Low,Septic Shock,3.1,icu,U001,F01,2026-08-26 05:00:00,Admitted
P01484,29,Female,Medium,Pediatric Asthma,4.9,Pediatrics,U014,F03,2026-08-20 22:00:00,Admitted
P01485,33,Female,High,Tumor Lysis Syndrome,7.3,Oncology,U015,F03,2026-08-07 15:00:00,Admitted
P01486,65,Male,Critical,Febrile Neutropenia,11.9,Oncology,U010,F02,2026-08-23 06:00:00,Pending Transfer
P01487,87,Male,Low,Cellulitis,1.7,MedSurg,U013,F03,2026-08-06 05:00:00,Admitted
P01488,48,Non-Binary,,Polytrauma,4.1,EMERGENCY,U002,F01,2026-08-16 19:00:00,Admitted
P01489,28,Non-Binary,Low,Post-Cardiac Arrest,2.0,MedSurg,U006,F02,2026-08-01 12:00:00,Admitted
P01490,38,Non-Binary,Low,Febrile Neutropenia,3.0,Oncology,U010,F02,2026-08-09 08:00:00,Admitted
P01491,82,Female,High,Polytrauma,7.2,EMERGENCY,U007,F02,2026-08-08 02:00:00,Pending Transfer
P01492,32,Female,Medium,Dehydration,4.4,Pediatrics,U009,F02,2026-08-01 15:00:00,Admitted
P01493,46,Non-Binary,Low,Diabetes Complications,2.3,MedSurg,U008,F02,2026-08-11 22:00:00,Transfer Approved
P01494,48,Female,Medium,Stroke,4.9,EMERGENCY,U002,F01,2026-08-05 04:00:00,Admitted
P01495,61,Non-Binary,,Tumor Lysis Syndrome,11.6,Oncology,U005,F01,2026-08-13 23:00:00,Transfer Approved
P01496,32,Non-Binary,Medium,Palliative Care,3.8,Oncology,U005,F01,2026-08-31 13:00:00,Admitted
P01497,67,Female,Critical,Bronchiolitis,9.5,Pediatrics,U009,F02,2026-08-02 07:00:00,Admitted
P01498,64,Male,Medium,Pneumonia,3.6,MedSurg,U003,F01,2026-08-01 16:00:00,Admitted
P01499,92,Non-Binary,High,Palliative Care,5.6,Oncology,U005,F01,2026-08-24 05:00:00,Discharged
P01500,39,Male,Medium,Bronchiolitis,,Pediatrics,U009,F02,2026-08-19 23:00:00,Admitted
P01501,68,Male,Low,Polytrauma,2.3,EMERGENCY,U007,F02,2026-08-13 18:00:00,Admitted
P01502,83,Female,High,Polytrauma,7.9,EMERGENCY,U002,F01,2026-08-21 07:00:00,Admitted
P01503,42,Female,Medium,Pneumonia,5.4,MedSurg,U003,F01,2026-08-16 06:00:00,Admitted
P01504,6,Male,Medium,Pneumonia,4.8,MedSurg,U003,F01,2026-08-17 14:00:00,Admitted
P01505,78,Female,,Bronchiolitis,2.3,Pediatrics,U009,F02,2026-08-04 16:00:00,Admitted
P01506,3,Male,Low,Multi-organ Dysfunction,3.0,icu,U006,F02,2026-08-31 03:00:00,Admitted
P01507,72,Male,Medium,Diabetes Complications,3.7,Oncology,U013,F03,2026-08-13 21:00:00,Admitted
P01508,24,Male,High,Dehydration,7.0,Pediatrics,U014,F03,2026-08-14 06:00:00,Admitted
P01509,68,Non-Binary,Low,Dehydration,3.4,Pediatrics,U009,F02,2026-08-10 18:00:00,Admitted
P01510,16,Male,Low,Palliative Care,3.2,Oncology,U015,F03,2026-08-21 09:00:00,Pending Transfer
P01511,89,Non-Binary,High,Congenital Heart Defect,8.5,Pediatrics,U014,F03,2026-08-19 21:00:00,Admitted
P01512,63,Female,Low,Severe Abdominal Pain,2.2,EMERGENCY,U012,F03,2026-08-09 12:00:00,Admitted
P01513,11,Non-Binary,High,Chemotherapy Monitoring,6.7,Oncology,U010,F02,2026-08-29 07:00:00,Discharged
P01514,16,Non-Binary,Low,Stroke,3.4,EMERGENCY,U007,F02,2026-08-04 17:00:00,Pending Transfer
P01515,1,Non-Binary,Medium,Multi-organ Dysfunction,4.0,icu,U006,F02,2026-08-25 17:00:00,Discharged
P01516,41,Female,High,Cellulitis,6.2,MedSurg,U003,F01,2026-08-31 14:00:00,Discharged
P01517,87,Female,Low,Stroke,2.3,Oncology,U002,F01,2026-08-21 13:00:00,Admitted
P01518,72,Male,Critical,Cellulitis,8.7,MedSurg,U013,F03,2026-08-19 04:00:00,Admitted
P01519,83,Male,Low,Dehydration,2.3,Pediatrics,U014,F03,2026-08-03 07:00:00,Admitted
P01520,2,Non-Binary,Medium,Post-Cardiac Arrest,5.3,icu,U001,F01,2026-08-02 21:00:00,Admitted
P01521,87,Male,Medium,Cellulitis,4.0,MedSurg,U013,F03,2026-08-26 07:00:00,Transfer Approved
P01522,67,Non-Binary,Medium,Multi-organ Dysfunction,4.3,icu,U001,F01,2026-08-10 01:00:00,Admitted
P01523,18,Non-Binary,High,Polytrauma,8.3,EMERGENCY,U002,F01,2026-08-14 00:00:00,Pending Transfer
P01524,13,Male,High,Chemotherapy Monitoring,8.1,MedSurg,U005,F01,2026-08-19 02:00:00,Admitted
P01525,28,Non-Binary,Medium,Acute Myocardial Infarction,4.6,EMERGENCY,U002,F01,2026-08-26 01:00:00,Admitted
P01526,38,Female,Low,Polytrauma,2.8,EMERGENCY,U002,F01,2026-08-15 11:00:00,Pending Transfer
P01527,10,Non-Binary,Critical,Septic Shock,13.2,icu,U011,F03,2026-08-26 15:00:00,Admitted
P01528,54,Male,Low,Polytrauma,3.2,EMERGENCY,U012,F03,2026-08-11 19:00:00,Pending Transfer
P01529,92,Non-Binary,Medium,Cellulitis,3.6,icu,U003,F01,2026-08-18 08:00:00,Pending Transfer
P01530,70,Non-Binary,Medium,Diabetes Complications,4.4,MedSurg,U008,F02,2026-08-24 11:00:00,Transfer Approved
P01531,54,Non-Binary,High,Multi-organ Dysfunction,6.1,icu,U011,F03,2026-08-04 09:00:00,Admitted
P01532,83,Female,High,Pediatric Asthma,7.1,Pediatrics,U004,F01,2026-08-27 18:00:00,Admitted
P01533,24,Male,Medium,Pneumonia,4.0,MedSurg,U013,F03,2026-08-26 01:00:00,Admitted
P01534,1,Female,High,Stroke,8.1,EMERGENCY,U002,F01,2026-08-28 03:00:00,Pending Transfer
P01535,5,Male,Medium,Stroke,,EMERGENCY,U007,F02,2026-08-29 22:00:00,Admitted
P01536,67,Male,Medium,Acute Myocardial Infarction,4.1,EMERGENCY,U007,F02,2026-08-17 10:00:00,Admitted
P01537,21,Non-Binary,Medium,Diabetes Complications,4.1,MedSurg,U008,F02,2026-08-13 01:00:00,Admitted
P01538,7,Male,High,Bronchiolitis,8.2,Pediatrics,U014,F03,2026-08-22 21:00:00,Admitted
P01539,36,Non-Binary,Low,Post-Operative Recovery,1.6,MedSurg,U008,F02,2026-08-24 17:00:00,Admitted
P01540,65,Male,Medium,Palliative Care,5.2,Oncology,U005,F01,2026-08-11 09:00:00,Admitted
P01541,12,Male,Medium,Multi-organ Dysfunction,4.7,icu,U011,F03,2026-08-16 19:00:00,Admitted
P01542,45,Female,Medium,Diabetes Complications,4.0,MedSurg,U003,F01,2026-08-30 21:00:00,Pending Transfer
P01543,42,Female,Low,Pneumonia,3.1,MedSurg,U008,F02,2026-08-20 01:00:00,Admitted
P01544,56,Female,Critical,Bronchiolitis,11.2,Pediatrics,U014,F03,2026-08-06 11:00:00,Admitted
P01545,12,Non-Binary,Critical,Polytrauma,11.8,EMERGENCY,U012,F03,2026-08-22 08:00:00,Admitted
P01546,85,Male,Low,Bronchiolitis,2.5,Pediatrics,U004,F01,2026-08-14 20:00:00,Admitted
P01547,51,Female,High,Post-Cardiac Arrest,7.6,icu,U006,F02,2026-08-21 21:00:00,Pending Transfer
P01548,50,Non-Binary,Low,Febrile Neutropenia,2.0,Oncology,U010,F02,2026-08-02 07:00:00,Admitted
P01549,63,Male,Low,Congenital Heart Defect,2.6,Pediatrics,U009,F02,2026-08-26 19:00:00,Admitted
P01550,18,Male,Medium,Palliative Care,4.2,Oncology,U005,F01,2026-08-14 05:00:00,Transfer Approved
P01551,49,Non-Binary,Critical,Post-Operative Recovery,10.1,MedSurg,U003,F01,2026-08-08 14:00:00,Admitted
P01552,63,Male,Medium,Septic Shock,3.6,icu,U001,F01,2026-08-22 22:00:00,Admitted
P01553,76,Non-Binary,Low,Pneumonia,2.4,MedSurg,U013,F03,2026-08-18 20:00:00,Admitted
P01554,46,Male,Medium,Post-Operative Recovery,4.2,MedSurg,U013,F03,2026-08-28 23:00:00,Pending Transfer
P01555,48,Female,Low,Pediatric Asthma,3.3,Pediatrics,U009,F02,2026-08-18 05:00:00,Admitted
P01556,42,Male,Critical,Tumor Lysis Syndrome,10.8,Oncology,U005,F01,2026-08-11 12:00:00,Admitted
P01557,40,Male,Critical,Cellulitis,11.8,MedSurg,U013,F03,2026-08-25 08:00:00,Pending Transfer
P01558,27,Male,Critical,Polytrauma,10.1,EMERGENCY,U012,F03,2026-08-09 10:00:00,Admitted
P01559,59,Male,Low,Tumor Lysis Syndrome,1.9,Oncology,U005,F01,2026-08-22 12:00:00,Pending Transfer
P01560,27,Female,Medium,Polytrauma,5.0,EMERGENCY,U002,F01,2026-08-10 14:00:00,Pending Transfer
P01561,81,Male,Low,Post-Operative Recovery,3.3,MedSurg,U003,F01,2026-08-20 01:00:00,Admitted
P01562,30,Male,Critical,Tumor Lysis Syndrome,11.0,Oncology,U010,F02,2026-08-01 03:00:00,Admitted
P01563,14,Non-Binary,Critical,Febrile Neutropenia,10.5,Oncology,U010,F02,2026-08-12 20:00:00,Transfer Approved
P01564,9,Female,Medium,Severe Abdominal Pain,4.9,EMERGENCY,U007,F02,2026-08-16 09:00:00,Transfer Approved
P01565,87,Female,High,Pediatric Asthma,7.3,Pediatrics,U009,F02,2026-08-16 04:00:00,Admitted
P01566,43,Non-Binary,Medium,Acute Respiratory Distress,4.1,icu,U001,F01,2026-08-13 08:00:00,Admitted
P01567,56,Male,Medium,Febrile Neutropenia,4.2,Oncology,U005,F01,2026-08-29 15:00:00,Admitted
P01568,1,Male,Low,Acute Respiratory Distress,2.4,EMERGENCY,U001,F01,2026-08-08 08:00:00,Admitted
P01569,24,Non-Binary,Medium,Septic Shock,4.3,icu,U006,F02,2026-08-19 17:00:00,Admitted
P01570,67,Non-Binary,Medium,Palliative Care,4.5,Oncology,U005,F01,2026-08-22 20:00:00,Transfer Approved
P01571,24,Female,Medium,Palliative Care,4.6,Oncology,U005,F01,2026-08-17 11:00:00,Pending Transfer
P01572,37,Male,Low,Cellulitis,1.9,MedSurg,U008,F02,2026-08-05 17:00:00,Transfer Approved
P01573,62,Male,Low,Cellulitis,1.6,MedSurg,U013,F03,2026-08-02 11:00:00,Admitted
P01574,2,Male,Low,Chemotherapy Monitoring,1.9,Oncology,U005,F01,2026-08-01 14:00:00,Admitted
P01575,3,Female,Medium,Post-Cardiac Arrest,3.5,icu,U006,F02,2026-08-24 06:00:00,Admitted
P01576,24,Non-Binary,High,Post-Operative Recovery,8.2,MedSurg,U013,F03,2026-08-16 15:00:00,Admitted
P01577,19,Non-Binary,High,Diabetes Complications,7.0,MedSurg,U008,F02,2026-08-11 14:00:00,Admitted
P01578,75,Non-Binary,Medium,Acute Myocardial Infarction,5.5,EMERGENCY,U012,F03,2026-08-07 07:00:00,Admitted
P01579,52,Non-Binary,High,Palliative Care,5.8,Oncology,U015,F03,2026-08-07 19:00:00,Admitted
P01580,24,Male,Low,Cellulitis,1.5,MedSurg,U013,F03,2026-08-14 04:00:00,Discharged
P01581,22,Male,Low,Febrile Neutropenia,3.1,Oncology,U015,F03,2026-08-30 10:00:00,Admitted
P01582,9,Male,High,Chemotherapy Monitoring,6.1,Oncology,U005,F01,2026-08-23 05:00:00,Transfer Approved
P01583,80,Male,High,Dehydration,7.0,Pediatrics,U009,F02,2026-08-23 22:00:00,Admitted
P01584,4,Male,Medium,Pediatric Asthma,,Pediatrics,U004,F01,2026-08-31 08:00:00,Admitted
P01585,88,Non-Binary,Medium,Cellulitis,4.1,MedSurg,U003,F01,2026-08-24 04:00:00,Admitted
P01586,61,Male,Low,Dehydration,2.3,Pediatrics,U009,F02,2026-08-01 05:00:00,Admitted
P01587,10,Non-Binary,Medium,Post-Operative Recovery,4.0,icu,U003,F01,2026-08-21 14:00:00,Admitted
P01588,52,Male,Medium,Tumor Lysis Syndrome,4.3,Oncology,U010,F02,2026-08-20 06:00:00,Admitted
P01589,24,Female,High,Cellulitis,6.4,MedSurg,U008,F02,2026-08-06 06:00:00,Admitted
P01590,43,Male,Low,Tumor Lysis Syndrome,1.7,MedSurg,U015,F03,2026-08-27 05:00:00,Admitted
P01591,51,Female,Low,Post-Operative Recovery,2.5,MedSurg,U008,F02,2026-08-23 14:00:00,Transfer Approved
P01592,32,Male,Medium,Post-Operative Recovery,4.7,MedSurg,U003,F01,2026-08-01 02:00:00,Admitted
P01593,88,Male,Medium,Multi-organ Dysfunction,5.0,icu,U001,F01,2026-08-16 03:00:00,Pending Transfer
P01594,24,Male,Medium,Diabetes Complications,4.1,MedSurg,U008,F02,2026-08-10 06:00:00,Admitted
P01595,66,Non-Binary,Low,Severe Abdominal Pain,2.7,EMERGENCY,U007,F02,2026-08-27 04:00:00,Pending Transfer
P01596,74,Male,Low,Pediatric Asthma,2.7,Pediatrics,U009,F02,2026-08-01 05:00:00,Admitted
P01597,54,Male,Medium,Post-Operative Recovery,3.7,MedSurg,U003,F01,2026-08-21 17:00:00,Pending Transfer
P01598,34,Non-Binary,High,Multi-organ Dysfunction,6.7,MedSurg,U006,F02,2026-08-24 19:00:00,Discharged
P01599,91,Male,Medium,Septic Shock,5.1,icu,U011,F03,2026-08-23 16:00:00,Admitted
P01600,5,Female,High,Congenital Heart Defect,7.9,Pediatrics,U004,F01,2026-08-22 06:00:00,Pending Transfer
P01601,62,Female,Medium,Septic Shock,4.3,icu,U011,F03,2026-08-20 19:00:00,Admitted
P01602,22,Male,Low,Post-Cardiac Arrest,2.7,icu,U001,F01,2026-08-28 22:00:00,Admitted
P01603,64,Non-Binary,Low,Acute Respiratory Distress,1.8,icu,U011,F03,2026-08-16 06:00:00,Pending Transfer
P01604,49,Female,High,Multi-organ Dysfunction,6.3,icu,U006,F02,2026-08-13 06:00:00,Admitted
P01605,78,Male,Low,Severe Abdominal Pain,1.7,EMERGENCY,U007,F02,2026-08-30 03:00:00,Admitted
P01606,47,Female,Low,Pneumonia,3.2,MedSurg,U003,F01,2026-08-28 17:00:00,Pending Transfer
P01607,88,Male,Critical,Tumor Lysis Syndrome,9.9,Oncology,U010,F02,2026-08-09 19:00:00,Admitted
P01608,39,Male,Low,Dehydration,3.4,Pediatrics,U014,F03,2026-08-19 22:00:00,Admitted
P01609,70,Female,Medium,Dehydration,5.0,Pediatrics,U004,F01,2026-08-19 04:00:00,Admitted
P01610,18,Non-Binary,High,Stroke,7.6,Pediatrics,U012,F03,2026-08-27 09:00:00,Admitted
P01611,60,Non-Binary,Low,Bronchiolitis,2.8,Pediatrics,U014,F03,2026-08-11 02:00:00,Admitted
P01612,47,Female,Critical,Post-Operative Recovery,12.1,MedSurg,U013,F03,2026-08-09 09:00:00,Transfer Approved
P01613,40,Non-Binary,,Cellulitis,7.1,MedSurg,U003,F01,2026-08-09 17:00:00,Admitted
P01614,20,Female,Low,Bronchiolitis,3.4,Pediatrics,U004,F01,2026-08-01 16:00:00,Admitted
P01615,69,Male,Critical,Diabetes Complications,10.5,Pediatrics,U013,F03,2026-08-20 04:00:00,Admitted
P01616,32,Non-Binary,High,Septic Shock,5.9,icu,U001,F01,2026-08-02 01:00:00,Admitted
P01617,88,Non-Binary,Critical,Severe Abdominal Pain,12.3,EMERGENCY,U012,F03,2026-08-15 07:00:00,Pending Transfer
P01618,51,Non-Binary,Medium,Tumor Lysis Syndrome,5.1,Oncology,U015,F03,2026-08-02 21:00:00,Admitted
P01619,87,Female,Low,Diabetes Complications,2.6,MedSurg,U013,F03,2026-08-31 14:00:00,Admitted
P01620,69,Female,Medium,Bronchiolitis,5.3,Pediatrics,U009,F02,2026-08-26 07:00:00,Admitted
P01621,83,Male,High,Pneumonia,6.7,MedSurg,U008,F02,2026-08-07 12:00:00,Pending Transfer
P01622,39,Male,High,Chemotherapy Monitoring,5.5,Oncology,U005,F01,2026-08-25 13:00:00,Admitted
P01623,35,Female,Low,Dehydration,2.0,Pediatrics,U004,F01,2026-08-20 16:00:00,Admitted
P01624,46,Female,Low,Stroke,3.4,Oncology,U002,F01,2026-08-10 22:00:00,Admitted
P01625,56,Non-Binary,Medium,Pediatric Asthma,4.6,Pediatrics,U014,F03,2026-08-07 17:00:00,Admitted
P01626,23,Female,,Severe Abdominal Pain,2.4,EMERGENCY,U002,F01,2026-08-30 12:00:00,Admitted
P01627,50,Non-Binary,Low,Acute Myocardial Infarction,1.8,EMERGENCY,U002,F01,2026-08-23 02:00:00,Admitted
P01628,13,Female,Medium,Diabetes Complications,5.1,MedSurg,U008,F02,2026-08-07 15:00:00,Admitted
P01629,90,Female,High,Septic Shock,5.6,icu,U006,F02,2026-08-07 15:00:00,Admitted
P01630,60,Non-Binary,High,Polytrauma,8.4,EMERGENCY,U002,F01,2026-08-23 08:00:00,Admitted
P01631,31,Male,Low,Diabetes Complications,,MedSurg,U013,F03,2026-08-18 10:00:00,Admitted
P01632,4,Male,Medium,Post-Operative Recovery,5.1,MedSurg,U013,F03,2026-08-29 00:00:00,Admitted
P01633,34,Non-Binary,Low,Polytrauma,3.1,EMERGENCY,U007,F02,2026-08-22 19:00:00,Admitted
P01634,32,Female,Medium,Cellulitis,5.1,MedSurg,U013,F03,2026-08-27 10:00:00,Admitted
P01635,65,Non-Binary,Medium,Dehydration,5.2,Pediatrics,U014,F03,2026-08-22 06:00:00,Pending Transfer
P01636,36,Non-Binary,Critical,Pediatric Asthma,13.2,Pediatrics,U014,F03,2026-08-31 16:00:00,Pending Transfer
P01637,73,Female,Medium,Acute Respiratory Distress,4.8,icu,U011,F03,2026-08-15 04:00:00,Pending Transfer
P01638,33,Male,Medium,Bronchiolitis,4.0,Pediatrics,U004,F01,2026-08-29 15:00:00,Admitted
P01639,19,Female,Low,Septic Shock,2.5,icu,U011,F03,2026-08-25 12:00:00,Admitted
P01640,41,Non-Binary,High,Congenital Heart Defect,5.9,Pediatrics,U004,F01,2026-08-02 23:00:00,Admitted
P01641,90,Male,Medium,Tumor Lysis Syndrome,3.6,Oncology,U015,F03,2026-08-14 18:00:00,Transfer Approved
P01642,90,Female,Low,Post-Operative Recovery,2.7,MedSurg,U003,F01,2026-08-05 06:00:00,Admitted
P01643,26,Male,Low,Polytrauma,2.6,icu,U002,F01,2026-08-16 22:00:00,Pending Transfer
P01644,1,Non-Binary,Critical,Congenital Heart Defect,8.6,Pediatrics,U004,F01,2026-08-10 20:00:00,Admitted
P01645,72,Non-Binary,Medium,Dehydration,3.6,Pediatrics,U009,F02,2026-08-21 11:00:00,Transfer Approved
P01646,9,Non-Binary,Medium,Chemotherapy Monitoring,4.1,Oncology,U010,F02,2026-08-14 20:00:00,Admitted
P01647,71,Male,Medium,Febrile Neutropenia,5.3,Oncology,U005,F01,2026-08-14 12:00:00,Admitted
P01648,86,Non-Binary,High,Cellulitis,7.9,MedSurg,U003,F01,2026-08-27 16:00:00,Admitted
P01649,36,Non-Binary,Low,Acute Myocardial Infarction,3.1,EMERGENCY,U012,F03,2026-08-10 01:00:00,Transfer Approved
P01650,29,Male,High,Pneumonia,6.0,MedSurg,U013,F03,2026-08-12 22:00:00,Transfer Approved
P01651,89,Female,Low,Congenital Heart Defect,1.7,Pediatrics,U004,F01,2026-08-15 03:00:00,Admitted
P01652,25,Male,High,Pneumonia,6.5,MedSurg,U003,F01,2026-08-06 03:00:00,Admitted
P01653,14,Female,High,Pneumonia,7.4,MedSurg,U003,F01,2026-08-05 21:00:00,Admitted
P01654,18,Female,Low,Pneumonia,2.2,MedSurg,U008,F02,2026-08-15 14:00:00,Admitted
P01655,17,Non-Binary,Low,Febrile Neutropenia,2.1,Oncology,U005,F01,2026-08-20 21:00:00,Admitted
P01656,58,Non-Binary,,Post-Cardiac Arrest,2.9,icu,U011,F03,2026-08-24 12:00:00,Admitted
P01657,59,Non-Binary,Low,Tumor Lysis Syndrome,2.6,Oncology,U005,F01,2026-08-18 20:00:00,Discharged
P01658,19,Female,Low,Febrile Neutropenia,3.1,Oncology,U015,F03,2026-08-08 13:00:00,Pending Transfer
P01659,6,Female,Low,Palliative Care,1.7,Oncology,U015,F03,2026-08-03 01:00:00,Admitted
P01660,52,Male,High,Palliative Care,8.1,Oncology,U010,F02,2026-08-12 03:00:00,Transfer Approved
P01661,39,Male,Medium,Septic Shock,3.8,icu,U006,F02,2026-08-28 17:00:00,Admitted
P01662,27,Male,Medium,Pediatric Asthma,4.5,Pediatrics,U009,F02,2026-08-08 15:00:00,Transfer Approved
P01663,11,Female,Low,Acute Myocardial Infarction,3.3,EMERGENCY,U012,F03,2026-08-24 22:00:00,Admitted
P01664,8,Female,Medium,Septic Shock,5.1,icu,U011,F03,2026-08-21 14:00:00,Admitted
P01665,49,Male,Low,Diabetes Complications,1.8,MedSurg,U008,F02,2026-08-08 14:00:00,Admitted
P01666,53,Female,Medium,Multi-organ Dysfunction,4.9,icu,U006,F02,2026-08-11 10:00:00,Admitted
P01667,76,Non-Binary,Medium,Pneumonia,5.5,MedSurg,U013,F03,2026-08-20 18:00:00,Admitted
P01668,23,Female,Medium,Tumor Lysis Syndrome,4.9,Oncology,U015,F03,2026-08-19 07:00:00,Admitted
P01669,59,Non-Binary,High,Diabetes Complications,8.5,MedSurg,U013,F03,2026-08-04 11:00:00,Admitted
P01670,39,Male,Critical,Tumor Lysis Syndrome,14.0,Oncology,U005,F01,2026-08-15 00:00:00,Transfer Approved
P01671,8,Non-Binary,Medium,Multi-organ Dysfunction,3.6,icu,U006,F02,2026-08-11 02:00:00,Admitted
P01672,57,Non-Binary,Critical,Acute Myocardial Infarction,9.1,EMERGENCY,U012,F03,2026-08-25 15:00:00,Admitted
P01673,71,Non-Binary,Low,Stroke,2.8,EMERGENCY,U002,F01,2026-08-16 16:00:00,Admitted
P01674,11,Non-Binary,Medium,Bronchiolitis,4.2,Pediatrics,U009,F02,2026-08-26 15:00:00,Admitted
P01675,87,Female,Low,Cellulitis,2.5,MedSurg,U013,F03,2026-08-28 19:00:00,Admitted
P01676,57,Non-Binary,Ultra-Critical,Cellulitis,7.1,MedSurg,U003,F01,2026-08-12 18:00:00,Admitted
P01677,18,Non-Binary,High,Severe Abdominal Pain,7.9,EMERGENCY,U012,F03,2026-08-27 20:00:00,Admitted
P01678,39,Male,High,Polytrauma,5.7,MedSurg,U012,F03,2026-08-15 08:00:00,Admitted
P01679,27,Non-Binary,High,Pediatric Asthma,7.1,Pediatrics,U014,F03,2026-08-26 17:00:00,Admitted
P01680,10,Non-Binary,Low,Pneumonia,1.9,MedSurg,U008,F02,2026-08-08 21:00:00,Pending Transfer
P01681,86,Male,High,Severe Abdominal Pain,6.8,EMERGENCY,U002,F01,2026-08-13 19:00:00,Admitted
P01682,7,Female,Medium,Diabetes Complications,4.6,MedSurg,U013,F03,2026-08-03 08:00:00,Admitted
P01683,45,Female,Low,Bronchiolitis,2.7,EMERGENCY,U009,F02,2026-08-31 06:00:00,Admitted
P01684,10,Female,Medium,Congenital Heart Defect,4.8,Pediatrics,U004,F01,2026-08-15 20:00:00,Admitted
P01685,14,Non-Binary,Medium,Severe Abdominal Pain,4.3,EMERGENCY,U007,F02,2026-08-18 19:00:00,Admitted
P01686,68,Male,Medium,Chemotherapy Monitoring,3.9,Oncology,U010,F02,2026-08-09 21:00:00,Admitted
P01687,83,Female,Low,Tumor Lysis Syndrome,1.8,Oncology,U010,F02,2026-08-20 16:00:00,Pending Transfer
P01688,70,Male,Medium,Pneumonia,5.2,Pediatrics,U008,F02,2026-08-11 14:00:00,Admitted
P01689,34,Male,Medium,Palliative Care,4.4,Oncology,U015,F03,2026-08-24 19:00:00,Admitted
P01690,88,Female,Low,Palliative Care,2.3,Oncology,U005,F01,2026-08-20 19:00:00,Admitted
P01691,35,Non-Binary,Low,Palliative Care,1.5,Oncology,U015,F03,2026-08-06 21:00:00,Admitted
P01692,71,Non-Binary,Low,Tumor Lysis Syndrome,3.2,Oncology,U005,F01,2026-08-20 14:00:00,Admitted
P01693,32,Non-Binary,High,Severe Abdominal Pain,6.0,EMERGENCY,U012,F03,2026-08-20 20:00:00,Discharged
P01694,15,Non-Binary,Low,Acute Respiratory Distress,1.7,icu,U001,F01,2026-08-01 18:00:00,Admitted
P01695,46,Non-Binary,Low,Chemotherapy Monitoring,3.4,Oncology,U005,F01,2026-08-04 19:00:00,Admitted
P01696,75,Non-Binary,High,Tumor Lysis Syndrome,5.6,Oncology,U005,F01,2026-08-16 20:00:00,Admitted
P01697,25,Female,Low,Post-Cardiac Arrest,2.0,icu,U001,F01,2026-08-28 11:00:00,Pending Transfer
P01698,26,Non-Binary,Low,Post-Cardiac Arrest,3.3,icu,U006,F02,2026-08-09 13:00:00,Transfer Approved
P01699,42,Non-Binary,Low,Pediatric Asthma,3.1,Pediatrics,U004,F01,2026-08-12 22:00:00,Admitted
P01700,59,Non-Binary,Low,Stroke,1.7,EMERGENCY,U012,F03,2026-08-23 23:00:00,Transfer Approved
P01701,37,Female,Low,Pediatric Asthma,2.2,Pediatrics,U004,F01,2026-08-24 22:00:00,Admitted
P01702,24,Female,,Diabetes Complications,9.7,MedSurg,U008,F02,2026-08-10 17:00:00,Admitted
P01703,49,Non-Binary,Medium,Congenital Heart Defect,5.5,Pediatrics,U009,F02,2026-08-30 14:00:00,Pending Transfer
P01704,16,Male,High,Cellulitis,6.6,MedSurg,U013,F03,2026-08-09 16:00:00,Admitted
P01705,50,Female,Low,Chemotherapy Monitoring,3.4,Oncology,U015,F03,2026-08-28 14:00:00,Pending Transfer
P01706,39,Non-Binary,High,Multi-organ Dysfunction,6.2,icu,U001,F01,2026-08-07 01:00:00,Pending Transfer
P01707,65,Male,Medium,Dehydration,4.9,Pediatrics,U004,F01,2026-08-05 11:00:00,Admitted
P01708,38,Non-Binary,Critical,Cellulitis,13.5,MedSurg,U013,F03,2026-08-30 09:00:00,Admitted
P01709,79,Female,Low,Post-Cardiac Arrest,3.5,icu,U006,F02,2026-08-18 19:00:00,Admitted
P01710,34,Male,High,Polytrauma,7.6,EMERGENCY,U012,F03,2026-08-29 22:00:00,Admitted
P01711,1,Female,Low,Acute Respiratory Distress,1.8,icu,U006,F02,2026-08-05 04:00:00,Admitted
P01712,26,Male,Low,Dehydration,2.8,Pediatrics,U009,F02,2026-08-02 13:00:00,Admitted
P01713,41,Male,Low,Bronchiolitis,2.0,Pediatrics,U009,F02,2026-08-23 08:00:00,Admitted
P01714,52,Male,Medium,Post-Operative Recovery,5.2,MedSurg,U013,F03,2026-08-02 22:00:00,Admitted
P01715,73,Male,Low,Multi-organ Dysfunction,3.2,icu,U006,F02,2026-08-08 22:00:00,Admitted
P01716,92,Female,Medium,Tumor Lysis Syndrome,3.8,Oncology,U010,F02,2026-08-29 07:00:00,Admitted
P01717,62,Female,High,Bronchiolitis,6.7,Pediatrics,U014,F03,2026-08-04 05:00:00,Pending Transfer
P01718,37,Non-Binary,Low,Polytrauma,2.9,EMERGENCY,U012,F03,2026-08-26 09:00:00,Admitted
P01719,8,Female,Medium,Stroke,4.7,EMERGENCY,U012,F03,2026-08-21 17:00:00,Pending Transfer
P01720,60,Non-Binary,Low,Acute Respiratory Distress,2.8,icu,U006,F02,2026-08-07 13:00:00,Admitted
P01721,78,Non-Binary,High,Stroke,7.9,EMERGENCY,U007,F02,2026-08-21 19:00:00,Transfer Approved
P01722,65,Male,Critical,Pediatric Asthma,12.6,Pediatrics,U009,F02,2026-08-10 01:00:00,Admitted
P01723,42,Female,Low,Post-Cardiac Arrest,1.5,icu,U011,F03,2026-08-29 11:00:00,Admitted
P01724,10,Male,Low,Congenital Heart Defect,2.8,Pediatrics,U009,F02,2026-08-11 04:00:00,Admitted
P01725,55,Female,Medium,Multi-organ Dysfunction,4.2,icu,U006,F02,2026-08-15 17:00:00,Pending Transfer
P01726,52,Female,Low,Polytrauma,2.0,EMERGENCY,U012,F03,2026-08-28 09:00:00,Admitted
P01727,63,Female,Medium,Tumor Lysis Syndrome,3.8,Oncology,U010,F02,2026-08-01 10:00:00,Admitted
P01728,91,Non-Binary,High,Chemotherapy Monitoring,5.7,Oncology,U015,F03,2026-08-01 05:00:00,Admitted
P01729,10,Non-Binary,Medium,Acute Myocardial Infarction,3.9,EMERGENCY,U002,F01,2026-08-28 20:00:00,Pending Transfer
P01730,45,Non-Binary,Low,Severe Abdominal Pain,1.9,EMERGENCY,U007,F02,2026-08-06 17:00:00,Admitted
P01731,6,Male,High,Septic Shock,7.2,icu,U001,F01,2026-08-25 16:00:00,Admitted
P01732,15,Female,Medium,Bronchiolitis,4.8,Pediatrics,U004,F01,2026-08-29 10:00:00,Admitted
P01733,25,Male,Medium,Dehydration,4.0,Pediatrics,U014,F03,2026-08-24 17:00:00,Pending Transfer
P01734,76,Female,High,Multi-organ Dysfunction,5.5,icu,U001,F01,2026-08-17 06:00:00,Discharged
P01735,84,Non-Binary,Medium,Tumor Lysis Syndrome,4.2,Oncology,U015,F03,2026-08-13 16:00:00,Admitted
P01736,75,Non-Binary,Medium,Multi-organ Dysfunction,5.2,icu,U011,F03,2026-08-03 17:00:00,Admitted
P01737,9,Non-Binary,Medium,Acute Myocardial Infarction,3.7,EMERGENCY,U007,F02,2026-08-31 13:00:00,Admitted
P01738,87,Female,Medium,Pneumonia,3.5,EMERGENCY,U013,F03,2026-08-14 07:00:00,Admitted
P01739,69,Non-Binary,Low,Severe Abdominal Pain,2.6,EMERGENCY,U007,F02,2026-08-04 00:00:00,Admitted
P01740,86,Female,Medium,Acute Respiratory Distress,4.9,icu,U006,F02,2026-08-25 06:00:00,Admitted
P01741,42,Female,Medium,Severe Abdominal Pain,3.5,EMERGENCY,U012,F03,2026-08-21 02:00:00,Admitted
P01742,62,Non-Binary,Medium,Febrile Neutropenia,5.1,Oncology,U005,F01,2026-08-13 13:00:00,Discharged
P01743,33,Non-Binary,High,Severe Abdominal Pain,8.3,EMERGENCY,U002,F01,2026-08-15 22:00:00,Admitted
P01744,80,Non-Binary,Low,Pediatric Asthma,2.0,Pediatrics,U004,F01,2026-08-24 14:00:00,Admitted
P01745,4,Non-Binary,Low,Congenital Heart Defect,1.5,Oncology,U009,F02,2026-08-28 03:00:00,Admitted
P01746,51,Female,Low,Tumor Lysis Syndrome,1.8,icu,U015,F03,2026-08-03 16:00:00,Discharged
P01747,91,Non-Binary,Critical,Septic Shock,12.8,icu,U001,F01,2026-08-05 20:00:00,Admitted
P01748,7,Non-Binary,High,Palliative Care,6.6,Oncology,U010,F02,2026-08-17 21:00:00,Admitted
P01749,80,Non-Binary,Low,Febrile Neutropenia,3.2,EMERGENCY,U010,F02,2026-08-13 23:00:00,Admitted
P01750,60,Non-Binary,Medium,Polytrauma,5.2,EMERGENCY,U002,F01,2026-08-24 05:00:00,Admitted
P01751,29,Female,Low,Palliative Care,2.2,Oncology,U015,F03,2026-08-18 08:00:00,Admitted
P01752,65,Male,Medium,Post-Operative Recovery,4.2,MedSurg,U013,F03,2026-08-12 20:00:00,Admitted
P01753,24,Non-Binary,Low,Post-Operative Recovery,1.9,MedSurg,U008,F02,2026-08-28 15:00:00,Admitted
P01754,57,Male,,Polytrauma,3.6,EMERGENCY,U012,F03,2026-08-12 06:00:00,Discharged
P01755,5,Non-Binary,Medium,Multi-organ Dysfunction,4.6,icu,U011,F03,2026-08-23 17:00:00,Pending Transfer
P01756,69,Female,High,Dehydration,8.2,Pediatrics,U009,F02,2026-08-05 21:00:00,Admitted
P01757,26,Non-Binary,Low,Severe Abdominal Pain,3.4,EMERGENCY,U002,F01,2026-08-29 17:00:00,Admitted
P01758,79,Non-Binary,Low,Pediatric Asthma,2.3,MedSurg,U014,F03,2026-08-19 16:00:00,Admitted
P01759,84,Non-Binary,High,Palliative Care,6.4,EMERGENCY,U010,F02,2026-08-30 11:00:00,Pending Transfer
P01760,38,Female,Critical,Septic Shock,11.5,icu,U011,F03,2026-08-22 02:00:00,Admitted
P01761,38,Non-Binary,High,Severe Abdominal Pain,6.6,EMERGENCY,U002,F01,2026-08-22 15:00:00,Admitted
P01762,73,Female,Critical,Pneumonia,11.2,MedSurg,U008,F02,2026-08-29 12:00:00,Transfer Approved
P01763,58,Non-Binary,Low,Diabetes Complications,2.3,MedSurg,U013,F03,2026-08-18 16:00:00,Admitted
P01764,3,Female,Medium,Palliative Care,5.4,Oncology,U010,F02,2026-08-07 01:00:00,Admitted
P01765,46,Male,Low,Stroke,2.8,EMERGENCY,U012,F03,2026-08-25 01:00:00,Admitted
P01766,36,Female,Medium,Post-Operative Recovery,4.6,MedSurg,U003,F01,2026-08-22 03:00:00,Pending Transfer
P01767,53,Non-Binary,High,Febrile Neutropenia,6.6,MedSurg,U005,F01,2026-08-05 03:00:00,Admitted
P01768,83,Non-Binary,Low,Chemotherapy Monitoring,2.2,Oncology,U010,F02,2026-08-08 00:00:00,Admitted
P01769,87,Male,Medium,Severe Abdominal Pain,4.2,EMERGENCY,U002,F01,2026-08-10 17:00:00,Transfer Approved
P01770,20,Non-Binary,Medium,Polytrauma,3.6,EMERGENCY,U012,F03,2026-08-27 02:00:00,Pending Transfer
P01771,24,Male,High,Post-Operative Recovery,6.8,MedSurg,U013,F03,2026-08-28 23:00:00,Admitted
P01772,87,Female,Medium,Diabetes Complications,3.9,MedSurg,U008,F02,2026-08-12 00:00:00,Admitted
P01773,52,Non-Binary,Medium,Polytrauma,3.9,Pediatrics,U012,F03,2026-08-02 07:00:00,Discharged
P01774,15,Male,Critical,Tumor Lysis Syndrome,9.0,Oncology,U010,F02,2026-08-19 09:00:00,Admitted
P01775,58,Female,Medium,Dehydration,3.6,Pediatrics,U014,F03,2026-08-03 21:00:00,Admitted
P01776,60,Female,Critical,Stroke,13.3,EMERGENCY,U012,F03,2026-08-14 21:00:00,Admitted
P01777,78,Non-Binary,Medium,Multi-organ Dysfunction,,icu,U006,F02,2026-08-29 21:00:00,Discharged
P01778,80,Non-Binary,Medium,Post-Cardiac Arrest,5.4,icu,U011,F03,2026-08-28 10:00:00,Admitted
P01779,26,Non-Binary,Low,Stroke,3.1,MedSurg,U012,F03,2026-08-16 14:00:00,Admitted
P01780,79,Male,,Febrile Neutropenia,6.4,Oncology,U005,F01,2026-08-31 15:00:00,Admitted
P01781,70,Male,,Bronchiolitis,3.1,icu,U014,F03,2026-08-18 08:00:00,Admitted
P01782,82,Non-Binary,Critical,Multi-organ Dysfunction,10.2,icu,U001,F01,2026-08-09 21:00:00,Admitted
P01783,37,Non-Binary,High,Febrile Neutropenia,7.1,Oncology,U010,F02,2026-08-12 04:00:00,Admitted
P01784,12,Non-Binary,Medium,Cellulitis,5.2,MedSurg,U013,F03,2026-08-30 14:00:00,Admitted
P01785,9,Male,Low,Severe Abdominal Pain,3.4,EMERGENCY,U012,F03,2026-08-22 11:00:00,Admitted
P01786,70,Non-Binary,Medium,Stroke,4.7,EMERGENCY,U007,F02,2026-08-08 05:00:00,Admitted
P01787,23,Non-Binary,High,Chemotherapy Monitoring,5.9,Oncology,U005,F01,2026-08-10 09:00:00,Pending Transfer
P01788,53,Female,Medium,Palliative Care,4.2,Oncology,U015,F03,2026-08-02 06:00:00,Pending Transfer
P01789,50,Male,,Congenital Heart Defect,4.6,Oncology,U004,F01,2026-08-07 20:00:00,Pending Transfer
P01790,91,Non-Binary,Medium,Diabetes Complications,3.8,MedSurg,U003,F01,2026-08-26 02:00:00,Admitted
P01791,20,Male,Low,Stroke,1.5,EMERGENCY,U002,F01,2026-08-31 01:00:00,Admitted
P01792,67,Female,Low,Palliative Care,3.3,Oncology,U010,F02,2026-08-17 13:00:00,Admitted
P01793,62,Male,High,Palliative Care,6.5,Oncology,U010,F02,2026-08-15 20:00:00,Admitted
P01794,63,Non-Binary,Low,Dehydration,2.6,Pediatrics,U014,F03,2026-08-03 13:00:00,Admitted
P01795,20,Male,High,Bronchiolitis,5.8,Pediatrics,U004,F01,2026-08-07 08:00:00,Pending Transfer
P01796,41,Male,High,Febrile Neutropenia,7.1,Oncology,U010,F02,2026-08-04 02:00:00,Admitted
P01797,78,Non-Binary,Medium,Acute Respiratory Distress,3.5,icu,U011,F03,2026-08-16 06:00:00,Admitted
P01798,24,Female,High,Septic Shock,6.8,icu,U006,F02,2026-08-12 19:00:00,Admitted
P01799,65,Male,High,Septic Shock,6.0,icu,U006,F02,2026-08-24 00:00:00,Admitted
P01800,42,Non-Binary,Low,Multi-organ Dysfunction,1.9,icu,U011,F03,2026-08-27 22:00:00,Admitted
P01801,54,Non-Binary,Medium,Cellulitis,4.1,MedSurg,U003,F01,2026-08-17 06:00:00,Discharged
P01802,36,Non-Binary,Low,Pediatric Asthma,3.2,Pediatrics,U004,F01,2026-08-06 03:00:00,Admitted
P01803,36,Non-Binary,High,Severe Abdominal Pain,8.2,EMERGENCY,U012,F03,2026-08-04 17:00:00,Admitted
P01804,59,Male,Medium,Polytrauma,4.9,EMERGENCY,U002,F01,2026-08-27 19:00:00,Admitted
P01805,25,Male,Medium,Severe Abdominal Pain,4.7,EMERGENCY,U007,F02,2026-08-27 00:00:00,Admitted
P01806,6,Non-Binary,Low,Post-Operative Recovery,1.9,MedSurg,U013,F03,2026-08-20 08:00:00,Admitted
P01807,4,Female,High,Bronchiolitis,6.1,Pediatrics,U009,F02,2026-08-13 10:00:00,Transfer Approved
P01808,87,Non-Binary,Medium,Cellulitis,5.1,MedSurg,U003,F01,2026-08-21 05:00:00,Transfer Approved
P01809,56,Female,Low,Palliative Care,3.1,Oncology,U010,F02,2026-08-24 22:00:00,Admitted
P01810,26,Male,Medium,Diabetes Complications,5.0,MedSurg,U013,F03,2026-08-31 14:00:00,Pending Transfer
P01811,79,Female,Low,Pneumonia,2.9,MedSurg,U013,F03,2026-08-18 20:00:00,Admitted
P01812,40,Non-Binary,High,Chemotherapy Monitoring,8.0,Oncology,U010,F02,2026-08-30 23:00:00,Admitted
P01813,36,Female,High,Congenital Heart Defect,7.6,Pediatrics,U014,F03,2026-08-18 05:00:00,Admitted
P01814,71,Male,Medium,Multi-organ Dysfunction,5.4,icu,U011,F03,2026-08-19 09:00:00,Admitted
P01815,19,Non-Binary,Low,Acute Myocardial Infarction,3.1,EMERGENCY,U007,F02,2026-08-06 09:00:00,Admitted
P01816,35,Non-Binary,Medium,Tumor Lysis Syndrome,4.4,Oncology,U005,F01,2026-08-15 01:00:00,Admitted
P01817,64,Male,Medium,Stroke,5.2,EMERGENCY,U012,F03,2026-08-20 23:00:00,Pending Transfer
P01818,22,Non-Binary,Medium,Septic Shock,5.2,icu,U011,F03,2026-08-17 00:00:00,Admitted
P01819,21,Male,Low,Bronchiolitis,2.7,Pediatrics,U004,F01,2026-08-27 06:00:00,Admitted
P01820,14,Male,Critical,Chemotherapy Monitoring,13.2,Oncology,U005,F01,2026-08-28 15:00:00,Admitted
P01821,37,Male,Medium,Tumor Lysis Syndrome,4.6,Oncology,U005,F01,2026-08-15 18:00:00,Admitted
P01822,65,Non-Binary,Low,Dehydration,3.4,Pediatrics,U009,F02,2026-08-16 21:00:00,Admitted
P01823,74,Non-Binary,Low,Post-Cardiac Arrest,2.1,icu,U006,F02,2026-08-02 07:00:00,Transfer Approved
P01824,74,Non-Binary,Medium,Severe Abdominal Pain,4.6,EMERGENCY,U002,F01,2026-08-22 23:00:00,Admitted
P01825,74,Male,Medium,Severe Abdominal Pain,3.7,EMERGENCY,U012,F03,2026-08-15 14:00:00,Admitted
P01826,60,Non-Binary,Medium,Septic Shock,5.2,icu,U011,F03,2026-08-30 09:00:00,Admitted
P01827,18,Female,High,Acute Myocardial Infarction,6.1,EMERGENCY,U002,F01,2026-08-29 17:00:00,Admitted
P01828,26,Female,Medium,Acute Respiratory Distress,3.6,icu,U011,F03,2026-08-03 10:00:00,Admitted
P01829,13,Non-Binary,Medium,Multi-organ Dysfunction,5.5,icu,U001,F01,2026-08-19 21:00:00,Admitted
P01830,31,Non-Binary,Low,Multi-organ Dysfunction,3.0,icu,U001,F01,2026-08-14 05:00:00,Admitted
P01831,35,Male,Critical,Dehydration,12.1,Pediatrics,U014,F03,2026-08-13 05:00:00,Admitted
P01832,21,Male,,Chemotherapy Monitoring,8.8,Oncology,U015,F03,2026-08-12 12:00:00,Pending Transfer
P01833,20,Non-Binary,Low,Palliative Care,2.9,Oncology,U015,F03,2026-08-23 17:00:00,Transfer Approved
P01834,15,Male,Low,Tumor Lysis Syndrome,2.5,Oncology,U015,F03,2026-08-06 23:00:00,Admitted
P01835,62,Female,Critical,Palliative Care,8.9,Oncology,U010,F02,2026-08-31 15:00:00,Admitted
P01836,61,Male,Medium,Cellulitis,4.7,MedSurg,U008,F02,2026-08-26 20:00:00,Admitted
P01837,29,Non-Binary,Low,Multi-organ Dysfunction,1.7,icu,U001,F01,2026-08-31 18:00:00,Discharged
P01838,76,Non-Binary,Medium,Stroke,3.6,EMERGENCY,U002,F01,2026-08-25 13:00:00,Discharged
P01839,21,Non-Binary,Medium,Septic Shock,5.1,icu,U001,F01,2026-08-12 18:00:00,Admitted
P01840,55,Female,Low,Acute Respiratory Distress,3.3,Pediatrics,U011,F03,2026-08-14 19:00:00,Pending Transfer
P01841,16,Non-Binary,Low,Multi-organ Dysfunction,3.1,icu,U011,F03,2026-08-13 07:00:00,Admitted
P01842,1,Non-Binary,Low,Bronchiolitis,2.9,Pediatrics,U004,F01,2026-08-18 12:00:00,Admitted
P01843,83,Male,Medium,Acute Myocardial Infarction,5.5,EMERGENCY,U007,F02,2026-08-04 09:00:00,Pending Transfer
P01844,36,Female,High,Diabetes Complications,7.1,MedSurg,U013,F03,2026-08-23 21:00:00,Admitted
P01845,12,Female,Low,Pneumonia,1.8,MedSurg,U013,F03,2026-08-05 15:00:00,Admitted
P01846,30,Female,Medium,Dehydration,4.1,Pediatrics,U009,F02,2026-08-07 14:00:00,Admitted
P01847,50,Male,,Palliative Care,1.5,Oncology,U010,F02,2026-08-31 23:00:00,Admitted
P01848,16,Female,Critical,Diabetes Complications,12.3,EMERGENCY,U013,F03,2026-08-13 00:00:00,Admitted
P01849,18,Male,High,Polytrauma,6.0,EMERGENCY,U002,F01,2026-08-18 04:00:00,Admitted
P01850,14,Male,Low,Tumor Lysis Syndrome,3.0,EMERGENCY,U005,F01,2026-08-12 03:00:00,Transfer Approved
P01851,33,Non-Binary,Low,Septic Shock,2.9,icu,U011,F03,2026-08-01 21:00:00,Admitted
P01852,70,Non-Binary,Medium,Palliative Care,,Oncology,U015,F03,2026-08-27 17:00:00,Admitted
P01853,63,Non-Binary,Medium,Tumor Lysis Syndrome,5.3,Oncology,U010,F02,2026-08-19 17:00:00,Transfer Approved
P01854,8,Non-Binary,Medium,Cellulitis,4.9,MedSurg,U013,F03,2026-08-30 08:00:00,Admitted
P01855,71,Female,Medium,Acute Respiratory Distress,5.1,icu,U006,F02,2026-08-23 03:00:00,Transfer Approved
P01856,42,Non-Binary,Low,Palliative Care,2.0,Oncology,U010,F02,2026-08-03 14:00:00,Pending Transfer
P01857,87,Female,High,Post-Operative Recovery,5.7,MedSurg,U003,F01,2026-08-09 08:00:00,Admitted
P01858,55,Female,Low,Cellulitis,1.7,MedSurg,U013,F03,2026-08-25 05:00:00,Admitted
P01859,12,Non-Binary,Medium,Post-Operative Recovery,3.6,MedSurg,U013,F03,2026-08-05 06:00:00,Admitted
P01860,85,Non-Binary,Critical,Dehydration,11.9,Pediatrics,U009,F02,2026-08-22 07:00:00,Admitted
P01861,30,Non-Binary,Low,Pediatric Asthma,2.2,Pediatrics,U014,F03,2026-08-22 12:00:00,Transfer Approved
P01862,81,Male,Medium,Polytrauma,4.6,EMERGENCY,U007,F02,2026-08-23 10:00:00,Pending Transfer
P01863,24,Female,High,Severe Abdominal Pain,8.1,EMERGENCY,U012,F03,2026-08-04 01:00:00,Transfer Approved
P01864,54,Female,High,Severe Abdominal Pain,7.6,EMERGENCY,U007,F02,2026-08-22 11:00:00,Discharged
P01865,72,Female,Critical,Bronchiolitis,11.0,Pediatrics,U004,F01,2026-08-02 02:00:00,Admitted
P01866,34,Non-Binary,High,Palliative Care,6.2,Oncology,U010,F02,2026-08-10 19:00:00,Transfer Approved
P01867,72,Female,High,Multi-organ Dysfunction,8.4,icu,U011,F03,2026-08-11 02:00:00,Transfer Approved
P01868,27,Female,High,Septic Shock,7.2,icu,U001,F01,2026-08-21 14:00:00,Admitted
P01869,67,Non-Binary,Low,Stroke,3.2,EMERGENCY,U012,F03,2026-08-26 09:00:00,Admitted
P01870,39,Male,Low,Septic Shock,2.1,icu,U011,F03,2026-08-30 08:00:00,Admitted
P01871,25,Female,Medium,Cellulitis,4.3,MedSurg,U003,F01,2026-08-05 09:00:00,Admitted
P01872,29,Non-Binary,Medium,Multi-organ Dysfunction,5.4,EMERGENCY,U006,F02,2026-08-04 09:00:00,Pending Transfer
P01873,3,Non-Binary,High,Dehydration,8.3,Oncology,U014,F03,2026-08-19 09:00:00,Pending Transfer
P01874,53,Non-Binary,Critical,Palliative Care,11.1,Oncology,U015,F03,2026-08-19 16:00:00,Transfer Approved
P01875,1,Non-Binary,Low,Dehydration,2.2,Pediatrics,U009,F02,2026-08-19 07:00:00,Admitted
P01876,75,Male,High,Pediatric Asthma,7.6,Pediatrics,U014,F03,2026-08-31 23:00:00,Admitted
P01877,89,Non-Binary,High,Post-Cardiac Arrest,7.7,icu,U001,F01,2026-08-14 03:00:00,Admitted
P01878,56,Non-Binary,Critical,Post-Cardiac Arrest,12.7,icu,U001,F01,2026-08-31 20:00:00,Admitted
P01879,25,Female,Medium,Palliative Care,4.1,Oncology,U005,F01,2026-08-03 19:00:00,Transfer Approved
P01880,30,Non-Binary,Medium,Post-Cardiac Arrest,4.5,icu,U011,F03,2026-08-03 14:00:00,Admitted
P01881,20,Male,Medium,Chemotherapy Monitoring,3.8,Oncology,U015,F03,2026-08-06 17:00:00,Discharged
P01882,77,Female,Critical,Acute Myocardial Infarction,13.1,EMERGENCY,U007,F02,2026-08-03 09:00:00,Admitted
P01883,72,Female,Medium,Diabetes Complications,3.9,MedSurg,U013,F03,2026-08-22 22:00:00,Admitted
P01884,8,Non-Binary,High,Pneumonia,5.6,MedSurg,U003,F01,2026-08-03 08:00:00,Transfer Approved
P01885,60,Male,Medium,Cellulitis,4.4,MedSurg,U013,F03,2026-08-10 23:00:00,Admitted
P01886,76,Female,High,Septic Shock,7.7,icu,U001,F01,2026-08-06 15:00:00,Admitted
P01887,24,Non-Binary,Low,Septic Shock,2.4,icu,U001,F01,2026-08-02 14:00:00,Pending Transfer
P01888,88,Male,Medium,Febrile Neutropenia,5.5,Oncology,U005,F01,2026-08-30 05:00:00,Admitted
P01889,28,Non-Binary,Medium,Dehydration,4.2,MedSurg,U004,F01,2026-08-15 12:00:00,Admitted
P01890,68,Male,Low,Congenital Heart Defect,2.0,Pediatrics,U014,F03,2026-08-18 17:00:00,Admitted
P01891,36,Female,Medium,Septic Shock,4.2,icu,U001,F01,2026-08-29 21:00:00,Admitted
P01892,2,Non-Binary,Medium,Polytrauma,3.6,EMERGENCY,U012,F03,2026-08-18 16:00:00,Admitted
P01893,58,Male,Medium,Chemotherapy Monitoring,5.0,Oncology,U010,F02,2026-08-18 06:00:00,Discharged
P01894,31,Male,,Febrile Neutropenia,6.9,Pediatrics,U015,F03,2026-08-21 02:00:00,Pending Transfer
P01895,64,Male,Low,Acute Myocardial Infarction,2.3,EMERGENCY,U012,F03,2026-08-17 23:00:00,Admitted
P01896,71,Male,Medium,Bronchiolitis,4.3,Pediatrics,U014,F03,2026-08-28 08:00:00,Transfer Approved
P01897,18,Male,High,Septic Shock,7.6,icu,U011,F03,2026-08-29 06:00:00,Admitted
P01898,38,Non-Binary,Medium,Stroke,4.4,EMERGENCY,U007,F02,2026-08-11 16:00:00,Admitted
P01899,87,Non-Binary,Medium,Acute Myocardial Infarction,3.7,EMERGENCY,U012,F03,2026-08-02 11:00:00,Admitted
P01900,29,Male,Low,Post-Operative Recovery,1.6,MedSurg,U013,F03,2026-08-09 13:00:00,Admitted
P01901,50,Non-Binary,High,Cellulitis,6.3,icu,U003,F01,2026-08-29 16:00:00,Discharged
P01902,2,Non-Binary,High,Chemotherapy Monitoring,6.4,Oncology,U005,F01,2026-08-16 20:00:00,Admitted
P01903,77,Non-Binary,High,Pneumonia,8.4,MedSurg,U008,F02,2026-08-27 21:00:00,Admitted
P01904,73,Female,Medium,Stroke,4.4,EMERGENCY,U012,F03,2026-08-21 03:00:00,Pending Transfer
P01905,45,Female,Low,Febrile Neutropenia,2.8,Oncology,U005,F01,2026-08-17 19:00:00,Admitted
P01906,2,Non-Binary,Medium,Palliative Care,5.5,Oncology,U010,F02,2026-08-23 17:00:00,Admitted
P01907,44,Female,Low,Pediatric Asthma,2.2,icu,U014,F03,2026-08-25 01:00:00,Discharged
P01908,75,Male,High,Stroke,7.2,EMERGENCY,U007,F02,2026-08-12 01:00:00,Discharged
P01909,17,Male,High,Multi-organ Dysfunction,6.5,icu,U011,F03,2026-08-18 15:00:00,Admitted
P01910,53,Non-Binary,Low,Post-Operative Recovery,2.3,MedSurg,U008,F02,2026-08-14 00:00:00,Admitted
P01911,53,Non-Binary,Critical,Bronchiolitis,11.5,Pediatrics,U009,F02,2026-08-07 19:00:00,Admitted
P01912,15,Male,Critical,Dehydration,11.8,Oncology,U014,F03,2026-08-11 17:00:00,Pending Transfer
P01913,46,Non-Binary,Low,Pneumonia,1.9,MedSurg,U013,F03,2026-08-23 22:00:00,Pending Transfer
P01914,72,Female,Low,Chemotherapy Monitoring,2.5,Oncology,U010,F02,2026-08-23 09:00:00,Pending Transfer
P01915,39,Female,Low,Acute Myocardial Infarction,2.4,EMERGENCY,U002,F01,2026-08-29 10:00:00,Pending Transfer
P01916,34,Non-Binary,Medium,Dehydration,4.5,Pediatrics,U014,F03,2026-08-05 02:00:00,Transfer Approved
P01917,65,Non-Binary,Low,Acute Respiratory Distress,2.5,icu,U001,F01,2026-08-13 10:00:00,Admitted
P01918,82,Female,Medium,Cellulitis,4.1,MedSurg,U008,F02,2026-08-03 09:00:00,Admitted
P01919,65,Male,Low,Febrile Neutropenia,2.7,Oncology,U005,F01,2026-08-29 15:00:00,Admitted
P01920,63,Female,Low,Bronchiolitis,3.3,Pediatrics,U004,F01,2026-08-27 05:00:00,Admitted
P01921,9,Female,Critical,Congenital Heart Defect,,Pediatrics,U009,F02,2026-08-08 05:00:00,Pending Transfer
P01922,60,Male,High,Polytrauma,6.6,EMERGENCY,U007,F02,2026-08-20 07:00:00,Admitted
P01923,51,Male,High,Multi-organ Dysfunction,5.8,icu,U006,F02,2026-08-07 02:00:00,Admitted
P01924,30,Male,Medium,Pneumonia,5.2,EMERGENCY,U013,F03,2026-08-26 23:00:00,Transfer Approved
P01925,70,Female,High,Stroke,7.2,EMERGENCY,U012,F03,2026-08-26 17:00:00,Admitted
P01926,48,Non-Binary,Low,Polytrauma,3.4,EMERGENCY,U007,F02,2026-08-12 17:00:00,Admitted
P01927,58,Non-Binary,Low,Dehydration,3.2,Pediatrics,U014,F03,2026-08-05 04:00:00,Admitted
P01928,47,Non-Binary,Medium,Septic Shock,4.6,icu,U011,F03,2026-08-11 18:00:00,Admitted
P01929,31,Female,High,Febrile Neutropenia,8.1,Oncology,U010,F02,2026-08-18 08:00:00,Admitted
P01930,68,Male,Low,Acute Myocardial Infarction,2.7,EMERGENCY,U007,F02,2026-08-05 03:00:00,Pending Transfer
P01931,88,Male,Low,Pneumonia,3.4,MedSurg,U003,F01,2026-08-01 07:00:00,Admitted
P01932,73,Female,Low,Stroke,3.4,EMERGENCY,U012,F03,2026-08-03 14:00:00,Discharged
P01933,89,Male,Low,Polytrauma,2.3,EMERGENCY,U007,F02,2026-08-20 21:00:00,Pending Transfer
P01934,51,Female,Low,Post-Cardiac Arrest,2.9,icu,U011,F03,2026-08-14 18:00:00,Admitted
P01935,57,Non-Binary,Medium,Chemotherapy Monitoring,4.7,Oncology,U010,F02,2026-08-14 04:00:00,Admitted
P01936,61,Non-Binary,Medium,Post-Operative Recovery,3.8,MedSurg,U013,F03,2026-08-05 11:00:00,Admitted
P01937,25,Non-Binary,Low,Pneumonia,2.3,MedSurg,U013,F03,2026-08-18 01:00:00,Admitted
P01938,69,Non-Binary,Critical,Tumor Lysis Syndrome,11.3,Oncology,U015,F03,2026-08-13 08:00:00,Admitted
P01939,37,Male,Medium,Septic Shock,4.1,icu,U001,F01,2026-08-21 09:00:00,Transfer Approved
P01940,89,Female,High,Chemotherapy Monitoring,5.6,Oncology,U005,F01,2026-08-13 16:00:00,Admitted
P01941,87,Non-Binary,Low,Febrile Neutropenia,3.4,Oncology,U005,F01,2026-08-25 10:00:00,Pending Transfer
P01942,62,Non-Binary,Medium,Tumor Lysis Syndrome,4.5,Oncology,U010,F02,2026-08-14 14:00:00,Admitted
P01943,33,Male,Low,Congenital Heart Defect,1.7,Pediatrics,U004,F01,2026-08-10 20:00:00,Admitted
P01944,90,Non-Binary,High,Polytrauma,5.5,Oncology,U007,F02,2026-08-26 14:00:00,Pending Transfer
P01945,58,Non-Binary,Low,Pneumonia,3.5,MedSurg,U003,F01,2026-08-23 02:00:00,Pending Transfer
P01946,38,Female,High,Diabetes Complications,5.6,MedSurg,U003,F01,2026-08-15 22:00:00,Pending Transfer
P01947,3,Non-Binary,Low,Dehydration,3.3,Pediatrics,U004,F01,2026-08-29 22:00:00,Pending Transfer
P01948,40,Non-Binary,High,Acute Respiratory Distress,6.2,icu,U006,F02,2026-08-25 02:00:00,Admitted
P01949,75,Male,Medium,Tumor Lysis Syndrome,4.4,Oncology,U015,F03,2026-08-26 11:00:00,Discharged
P01950,31,Non-Binary,Low,Chemotherapy Monitoring,3.5,Oncology,U015,F03,2026-08-11 09:00:00,Admitted
P01951,72,Female,High,Pediatric Asthma,5.5,Pediatrics,U009,F02,2026-08-10 20:00:00,Admitted
P01952,58,Female,Critical,Febrile Neutropenia,11.7,Oncology,U015,F03,2026-08-18 17:00:00,Admitted
P01953,71,Male,High,Polytrauma,8.1,EMERGENCY,U012,F03,2026-08-15 10:00:00,Admitted
P01954,15,Female,High,Congenital Heart Defect,7.7,Pediatrics,U014,F03,2026-08-27 07:00:00,Admitted
P01955,24,Male,Medium,Pneumonia,4.8,MedSurg,U003,F01,2026-08-27 01:00:00,Admitted
P01956,5,Non-Binary,High,Pneumonia,7.6,MedSurg,U013,F03,2026-08-23 09:00:00,Admitted
P01957,88,Female,Medium,Post-Operative Recovery,5.3,MedSurg,U008,F02,2026-08-24 07:00:00,Admitted
P01958,14,Female,Medium,Septic Shock,4.2,icu,U006,F02,2026-08-06 12:00:00,Transfer Approved
P01959,78,Female,Low,Stroke,3.1,EMERGENCY,U007,F02,2026-08-01 01:00:00,Admitted
P01960,87,Male,Medium,Febrile Neutropenia,4.3,Oncology,U015,F03,2026-08-02 02:00:00,Admitted
P01961,41,Male,High,Bronchiolitis,7.3,Pediatrics,U014,F03,2026-08-22 23:00:00,Admitted
P01962,13,Female,Critical,Pneumonia,13.2,MedSurg,U008,F02,2026-08-19 20:00:00,Admitted
P01963,28,Female,Medium,Dehydration,4.4,Pediatrics,U009,F02,2026-08-13 12:00:00,Admitted
P01964,13,Female,High,Chemotherapy Monitoring,8.2,Oncology,U005,F01,2026-08-05 21:00:00,Admitted
P01965,24,Non-Binary,Medium,Pneumonia,4.4,Oncology,U008,F02,2026-08-10 11:00:00,Transfer Approved
P01966,22,Male,Low,Palliative Care,2.1,Oncology,U005,F01,2026-08-17 06:00:00,Admitted
P01967,72,Male,Low,Bronchiolitis,3.1,Pediatrics,U009,F02,2026-08-27 14:00:00,Admitted
P01968,19,Female,High,Septic Shock,6.4,icu,U011,F03,2026-08-17 16:00:00,Admitted
P01969,17,Female,,Severe Abdominal Pain,11.3,EMERGENCY,U007,F02,2026-08-10 22:00:00,Admitted
P01970,58,Female,Low,Bronchiolitis,2.2,Oncology,U004,F01,2026-08-30 07:00:00,Admitted
P01971,28,Non-Binary,Medium,Septic Shock,3.7,icu,U006,F02,2026-08-16 01:00:00,Pending Transfer
P01972,58,Non-Binary,Critical,Acute Myocardial Infarction,8.9,EMERGENCY,U002,F01,2026-08-08 15:00:00,Transfer Approved
P01973,36,Male,High,Tumor Lysis Syndrome,8.0,Oncology,U010,F02,2026-08-05 20:00:00,Admitted
P01974,51,Non-Binary,Critical,Acute Myocardial Infarction,13.4,Pediatrics,U002,F01,2026-08-18 00:00:00,Admitted
P01975,1,Male,High,Congenital Heart Defect,7.4,Pediatrics,U009,F02,2026-08-28 04:00:00,Pending Transfer
P01976,63,Female,Medium,Pneumonia,4.6,MedSurg,U013,F03,2026-08-23 07:00:00,Admitted
P01977,56,Female,Low,Palliative Care,2.7,Oncology,U015,F03,2026-08-29 22:00:00,Admitted
P01978,45,Female,High,Stroke,7.8,EMERGENCY,U007,F02,2026-08-27 18:00:00,Admitted
P01979,8,Female,Medium,Pneumonia,4.2,MedSurg,U013,F03,2026-08-29 19:00:00,Admitted
P01980,25,Non-Binary,Low,Cellulitis,2.1,MedSurg,U008,F02,2026-08-30 18:00:00,Transfer Approved
P01981,62,Male,Low,Febrile Neutropenia,3.1,Oncology,U015,F03,2026-08-29 12:00:00,Admitted
P01982,66,Non-Binary,Low,Diabetes Complications,3.1,MedSurg,U003,F01,2026-08-30 16:00:00,Admitted
P01983,75,Non-Binary,Low,Cellulitis,2.8,MedSurg,U003,F01,2026-08-23 06:00:00,Admitted
P01984,41,Female,,Post-Operative Recovery,6.2,MedSurg,U003,F01,2026-08-04 23:00:00,Admitted
P01985,70,Non-Binary,Critical,Post-Operative Recovery,12.8,MedSurg,U013,F03,2026-08-29 12:00:00,Pending Transfer
P01986,86,Female,High,Acute Myocardial Infarction,6.8,EMERGENCY,U002,F01,2026-08-04 18:00:00,Admitted
P01987,42,Male,Critical,Pneumonia,99.0,MedSurg,U013,F03,2026-08-30 03:00:00,Pending Transfer
P01988,86,Female,Low,Chemotherapy Monitoring,2.0,Oncology,U015,F03,2026-08-06 19:00:00,Pending Transfer
P01989,29,Non-Binary,Critical,Tumor Lysis Syndrome,11.6,Oncology,U005,F01,2026-08-02 03:00:00,Transfer Approved
P01990,91,Non-Binary,High,Multi-organ Dysfunction,8.5,icu,U011,F03,2026-08-02 17:00:00,Admitted
P01991,74,Non-Binary,High,Cellulitis,6.9,MedSurg,U003,F01,2026-08-25 08:00:00,Transfer Approved
P01992,79,Male,Medium,Polytrauma,3.7,EMERGENCY,U002,F01,2026-08-15 02:00:00,Pending Transfer
P01993,74,Non-Binary,Medium,Cellulitis,4.4,MedSurg,U013,F03,2026-08-19 18:00:00,Discharged
P01994,17,Non-Binary,Medium,Acute Respiratory Distress,4.2,icu,U011,F03,2026-08-23 16:00:00,Admitted
P01995,74,Female,Critical,Cellulitis,8.5,MedSurg,U003,F01,2026-08-25 20:00:00,Admitted
P01996,89,Non-Binary,Low,Palliative Care,2.9,Oncology,U010,F02,2026-08-24 17:00:00,Discharged
P01997,40,Female,Medium,Tumor Lysis Syndrome,4.3,Oncology,U010,F02,2026-08-20 15:00:00,Admitted
P01998,59,Female,Low,Acute Myocardial Infarction,2.9,EMERGENCY,U007,F02,2026-08-15 02:00:00,Pending Transfer
P01999,9,Female,Medium,Septic Shock,3.6,icu,U011,F03,2026-08-29 00:00:00,Pending Transfer
P02000,16,Non-Binary,Low,Pneumonia,3.0,MedSurg,U013,F03,2026-08-26 15:00:00,Admitted
P02001,52,Male,Medium,Polytrauma,3.8,EMERGENCY,U007,F02,2026-08-10 01:00:00,Transfer Approved
P02002,1,Non-Binary,Low,Febrile Neutropenia,1.6,Oncology,U005,F01,2026-08-17 22:00:00,Admitted
P02003,69,Male,Low,Chemotherapy Monitoring,2.3,Oncology,U010,F02,2026-08-17 12:00:00,Pending Transfer
P02004,48,Female,Critical,Dehydration,9.1,Pediatrics,U014,F03,2026-08-27 01:00:00,Admitted
P02005,47,Female,Medium,Tumor Lysis Syndrome,5.4,Oncology,U015,F03,2026-08-21 15:00:00,Admitted
P02006,12,Male,Medium,Febrile Neutropenia,4.7,Oncology,U005,F01,2026-08-15 17:00:00,Admitted
P02007,53,Female,Low,Pneumonia,3.3,MedSurg,U008,F02,2026-08-13 09:00:00,Transfer Approved
P02008,26,Female,Low,Post-Operative Recovery,3.3,MedSurg,U008,F02,2026-08-19 22:00:00,Admitted
P02009,64,Male,High,Stroke,6.0,EMERGENCY,U007,F02,2026-08-16 07:00:00,Admitted
P02010,55,Male,Low,Polytrauma,2.9,EMERGENCY,U007,F02,2026-08-19 15:00:00,Admitted
P02011,51,Female,Critical,Pneumonia,10.3,MedSurg,U008,F02,2026-08-16 23:00:00,Pending Transfer
P02012,17,Male,Low,Palliative Care,2.5,Oncology,U005,F01,2026-08-28 02:00:00,Admitted
P02013,15,Male,Low,Polytrauma,3.3,EMERGENCY,U007,F02,2026-08-14 22:00:00,Pending Transfer
P02014,69,Female,High,Septic Shock,5.7,icu,U011,F03,2026-08-01 23:00:00,Pending Transfer
P02015,65,Female,High,Palliative Care,7.3,Oncology,U015,F03,2026-08-01 04:00:00,Admitted
P02016,17,Female,Critical,Acute Myocardial Infarction,11.0,EMERGENCY,U002,F01,2026-08-14 17:00:00,Admitted
P02017,88,Female,High,Acute Myocardial Infarction,,EMERGENCY,U007,F02,2026-08-22 02:00:00,Transfer Approved
P02018,33,Non-Binary,High,Chemotherapy Monitoring,7.3,Oncology,U015,F03,2026-08-20 00:00:00,Admitted
P02019,91,Non-Binary,Medium,Palliative Care,5.2,Oncology,U010,F02,2026-08-12 06:00:00,Discharged
P02020,3,Non-Binary,Medium,Tumor Lysis Syndrome,3.9,icu,U015,F03,2026-08-20 16:00:00,Admitted
P02021,18,Male,High,Diabetes Complications,6.9,MedSurg,U013,F03,2026-08-08 23:00:00,Admitted
P02022,82,Female,Low,Congenital Heart Defect,3.2,Pediatrics,U004,F01,2026-08-23 20:00:00,Admitted
P02023,42,Female,High,Severe Abdominal Pain,6.3,EMERGENCY,U002,F01,2026-08-19 12:00:00,Admitted
P02024,55,Non-Binary,High,Diabetes Complications,6.1,MedSurg,U003,F01,2026-08-07 09:00:00,Pending Transfer
P02025,14,Female,Medium,Severe Abdominal Pain,4.2,Pediatrics,U012,F03,2026-08-09 20:00:00,Admitted
P02026,47,Male,High,Chemotherapy Monitoring,8.3,Oncology,U010,F02,2026-08-19 20:00:00,Pending Transfer
P02027,75,Non-Binary,Critical,Palliative Care,11.5,Oncology,U010,F02,2026-08-01 16:00:00,Admitted
P02028,30,Female,Medium,Pneumonia,5.2,MedSurg,U003,F01,2026-08-17 18:00:00,Admitted
P02029,29,Non-Binary,Medium,Post-Operative Recovery,3.7,MedSurg,U013,F03,2026-08-25 22:00:00,Admitted
P02030,42,Male,Medium,Dehydration,5.2,Pediatrics,U014,F03,2026-08-10 04:00:00,Transfer Approved
P02031,39,Male,Medium,Chemotherapy Monitoring,5.3,Oncology,U015,F03,2026-08-12 04:00:00,Admitted
P02032,24,Male,High,Febrile Neutropenia,7.4,MedSurg,U015,F03,2026-08-16 17:00:00,Admitted
P02033,63,Female,Medium,Chemotherapy Monitoring,3.5,Oncology,U015,F03,2026-08-20 13:00:00,Admitted
P02034,85,Non-Binary,Medium,Tumor Lysis Syndrome,4.0,Oncology,U005,F01,2026-08-15 12:00:00,Transfer Approved
P02035,1,Non-Binary,High,Chemotherapy Monitoring,7.8,Oncology,U010,F02,2026-08-11 18:00:00,Admitted
P02036,6,Male,High,Tumor Lysis Syndrome,7.7,Oncology,U005,F01,2026-08-22 15:00:00,Admitted
P02037,13,Female,High,Post-Cardiac Arrest,8.1,icu,U011,F03,2026-08-10 03:00:00,Admitted
P02038,15,Female,High,Acute Myocardial Infarction,7.5,EMERGENCY,U012,F03,2026-08-21 23:00:00,Admitted
P02039,77,Non-Binary,Medium,Polytrauma,3.8,EMERGENCY,U002,F01,2026-08-09 16:00:00,Admitted
P02040,66,Non-Binary,Medium,Cellulitis,,MedSurg,U008,F02,2026-08-04 08:00:00,Discharged
P02041,65,Male,Low,Post-Operative Recovery,2.8,MedSurg,U013,F03,2026-08-22 11:00:00,Transfer Approved
P02042,8,Non-Binary,Low,Acute Respiratory Distress,3.4,icu,U006,F02,2026-08-19 08:00:00,Pending Transfer
P02043,67,Non-Binary,Low,Multi-organ Dysfunction,3.4,icu,U006,F02,2026-08-05 23:00:00,Discharged
P02044,69,Male,High,Dehydration,6.0,Pediatrics,U009,F02,2026-08-14 10:00:00,Discharged
P02045,91,Non-Binary,Critical,Bronchiolitis,10.9,Pediatrics,U009,F02,2026-08-04 15:00:00,Admitted
P02046,37,Female,High,Septic Shock,7.8,icu,U001,F01,2026-08-19 14:00:00,Admitted
P02047,50,Female,Low,Multi-organ Dysfunction,1.9,icu,U011,F03,2026-08-10 12:00:00,Pending Transfer
P02048,37,Non-Binary,Medium,Acute Myocardial Infarction,5.4,EMERGENCY,U002,F01,2026-08-01 06:00:00,Admitted
P02049,74,Female,Medium,Febrile Neutropenia,4.0,Oncology,U015,F03,2026-08-23 20:00:00,Admitted
P02050,36,Non-Binary,Low,Bronchiolitis,2.3,Pediatrics,U014,F03,2026-08-16 18:00:00,Discharged
P02051,62,Female,Medium,Polytrauma,3.6,EMERGENCY,U002,F01,2026-08-12 00:00:00,Discharged
P02052,52,Male,Critical,Dehydration,11.2,Pediatrics,U004,F01,2026-08-01 05:00:00,Discharged
P02053,89,Female,Low,Bronchiolitis,3.4,Pediatrics,U014,F03,2026-08-04 19:00:00,Admitted
P02054,86,Non-Binary,Low,Tumor Lysis Syndrome,3.3,Oncology,U010,F02,2026-08-02 15:00:00,Admitted
P02055,36,Non-Binary,High,Diabetes Complications,7.6,MedSurg,U013,F03,2026-08-23 17:00:00,Admitted
P02056,72,Male,High,Palliative Care,5.6,Oncology,U010,F02,2026-08-28 09:00:00,Admitted
P02057,35,Male,Low,Tumor Lysis Syndrome,2.8,EMERGENCY,U015,F03,2026-08-29 04:00:00,Pending Transfer
P02058,46,Non-Binary,High,Post-Cardiac Arrest,6.0,icu,U006,F02,2026-08-26 23:00:00,Admitted
P02059,62,Non-Binary,Low,Cellulitis,2.5,Oncology,U008,F02,2026-08-19 00:00:00,Transfer Approved
P02060,62,Male,Low,Dehydration,2.4,Pediatrics,U009,F02,2026-08-03 23:00:00,Pending Transfer
P02061,79,Non-Binary,High,Acute Myocardial Infarction,6.6,EMERGENCY,U012,F03,2026-08-25 21:00:00,Admitted
P02062,63,Male,Medium,Severe Abdominal Pain,4.3,MedSurg,U007,F02,2026-08-31 04:00:00,Admitted
P02063,38,Non-Binary,High,Acute Myocardial Infarction,6.9,EMERGENCY,U007,F02,2026-08-10 21:00:00,Admitted
P02064,84,Non-Binary,Medium,Cellulitis,4.4,MedSurg,U013,F03,2026-08-04 05:00:00,Admitted
P02065,83,Male,High,Diabetes Complications,7.4,MedSurg,U003,F01,2026-08-21 14:00:00,Discharged
P02066,75,Male,Medium,Acute Myocardial Infarction,5.0,EMERGENCY,U012,F03,2026-08-23 16:00:00,Admitted
P02067,16,Male,,Stroke,9.3,EMERGENCY,U007,F02,2026-08-15 19:00:00,Admitted
P02068,79,Female,Low,Post-Cardiac Arrest,2.4,icu,U001,F01,2026-08-12 20:00:00,Admitted
P02069,47,Non-Binary,Low,Bronchiolitis,1.9,Pediatrics,U014,F03,2026-08-25 05:00:00,Admitted
P02070,35,Female,High,Palliative Care,6.9,Oncology,U005,F01,2026-08-10 07:00:00,Admitted
P02071,5,Female,,Post-Cardiac Arrest,7.7,icu,U011,F03,2026-08-12 22:00:00,Admitted
P02072,33,Male,Medium,Post-Operative Recovery,4.9,MedSurg,U003,F01,2026-08-06 09:00:00,Discharged
P02073,27,Non-Binary,Medium,Pneumonia,4.0,MedSurg,U008,F02,2026-08-15 15:00:00,Admitted
P02074,19,Non-Binary,Low,Diabetes Complications,2.9,MedSurg,U008,F02,2026-08-04 19:00:00,Admitted
P02075,34,Male,Medium,Pediatric Asthma,3.9,Pediatrics,U009,F02,2026-08-05 04:00:00,Discharged
P02076,35,Male,Low,Bronchiolitis,2.4,Pediatrics,U009,F02,2026-08-19 10:00:00,Transfer Approved
P02077,46,Non-Binary,Low,Acute Respiratory Distress,3.0,icu,U001,F01,2026-08-13 09:00:00,Admitted
P02078,89,Male,Medium,Stroke,4.5,EMERGENCY,U007,F02,2026-08-30 08:00:00,Admitted
P02079,67,Non-Binary,High,Bronchiolitis,6.6,MedSurg,U009,F02,2026-08-31 04:00:00,Admitted
P02080,5,Male,Low,Diabetes Complications,2.3,MedSurg,U008,F02,2026-08-10 15:00:00,Admitted
P02081,56,Female,Medium,Palliative Care,3.6,Oncology,U005,F01,2026-08-02 00:00:00,Admitted
P02082,21,Male,Medium,Polytrauma,4.3,EMERGENCY,U002,F01,2026-08-16 20:00:00,Admitted
P02083,52,Non-Binary,Medium,Bronchiolitis,5.1,Pediatrics,U014,F03,2026-08-20 21:00:00,Admitted
P02084,15,Male,Medium,Tumor Lysis Syndrome,4.3,MedSurg,U005,F01,2026-08-11 18:00:00,Admitted
P02085,87,Non-Binary,Critical,Post-Operative Recovery,10.5,MedSurg,U003,F01,2026-08-17 06:00:00,Transfer Approved
P02086,71,Female,Low,Congenital Heart Defect,1.7,Pediatrics,U009,F02,2026-08-15 00:00:00,Pending Transfer
P02087,58,Female,Low,Diabetes Complications,1.7,MedSurg,U003,F01,2026-08-03 10:00:00,Admitted
P02088,84,Non-Binary,Medium,Bronchiolitis,4.5,icu,U014,F03,2026-08-14 03:00:00,Admitted
P02089,80,Female,High,Pneumonia,6.4,MedSurg,U003,F01,2026-08-07 05:00:00,Transfer Approved
P02090,48,Male,Critical,Multi-organ Dysfunction,8.7,icu,U006,F02,2026-08-20 05:00:00,Admitted
P02091,72,Male,Medium,Multi-organ Dysfunction,4.1,MedSurg,U001,F01,2026-08-31 23:00:00,Discharged
P02092,83,Non-Binary,Medium,Cellulitis,3.6,MedSurg,U003,F01,2026-08-14 11:00:00,Admitted
P02093,61,Male,Critical,Acute Respiratory Distress,13.5,icu,U006,F02,2026-08-24 00:00:00,Transfer Approved
P02094,47,Male,Medium,Palliative Care,5.1,Oncology,U015,F03,2026-08-07 19:00:00,Admitted
P02095,72,Male,High,Tumor Lysis Syndrome,6.8,Oncology,U015,F03,2026-08-04 15:00:00,Admitted
P02096,89,Non-Binary,Medium,Palliative Care,4.2,Oncology,U010,F02,2026-08-15 17:00:00,Admitted
P02097,44,Non-Binary,Low,Palliative Care,2.2,Oncology,U015,F03,2026-08-24 22:00:00,Admitted
P02098,30,Female,Medium,Bronchiolitis,4.9,Pediatrics,U004,F01,2026-08-02 21:00:00,Admitted
P02099,31,Male,Medium,Severe Abdominal Pain,5.5,EMERGENCY,U007,F02,2026-08-07 05:00:00,Admitted
P02100,47,Non-Binary,High,Febrile Neutropenia,6.4,Oncology,U010,F02,2026-08-20 02:00:00,Transfer Approved
P02101,72,Non-Binary,High,Polytrauma,7.5,Pediatrics,U007,F02,2026-08-13 16:00:00,Admitted
P02102,50,Female,High,Acute Myocardial Infarction,6.9,icu,U012,F03,2026-08-07 18:00:00,Pending Transfer
P02103,48,Female,Medium,Multi-organ Dysfunction,4.9,icu,U011,F03,2026-08-23 11:00:00,Pending Transfer
P02104,37,Male,Low,Multi-organ Dysfunction,3.0,MedSurg,U001,F01,2026-08-02 17:00:00,Discharged
P02105,60,Female,Medium,Polytrauma,5.5,EMERGENCY,U012,F03,2026-08-31 11:00:00,Admitted
P02106,92,Female,Medium,Chemotherapy Monitoring,3.7,Oncology,U005,F01,2026-08-17 15:00:00,Pending Transfer
P02107,88,Non-Binary,Critical,Tumor Lysis Syndrome,12.8,Oncology,U010,F02,2026-08-19 08:00:00,Admitted
P02108,20,Female,Critical,Bronchiolitis,13.5,Pediatrics,U009,F02,2026-08-08 07:00:00,Admitted
P02109,24,Male,Critical,Septic Shock,11.6,Oncology,U011,F03,2026-08-22 04:00:00,Admitted
P02110,35,Female,High,Cellulitis,7.3,MedSurg,U013,F03,2026-08-23 08:00:00,Discharged
P02111,91,Non-Binary,Low,Congenital Heart Defect,1.6,Pediatrics,U009,F02,2026-08-24 16:00:00,Admitted
P02112,50,Non-Binary,Medium,Polytrauma,4.0,EMERGENCY,U007,F02,2026-08-19 23:00:00,Admitted
P02113,87,Male,High,Acute Respiratory Distress,5.5,icu,U006,F02,2026-08-05 04:00:00,Admitted
P02114,47,Male,Low,Dehydration,2.9,Pediatrics,U009,F02,2026-08-19 10:00:00,Admitted
P02115,29,Non-Binary,High,Dehydration,7.4,Pediatrics,U009,F02,2026-08-24 06:00:00,Admitted
P02116,5,Male,Low,Post-Cardiac Arrest,2.5,icu,U011,F03,2026-08-24 18:00:00,Admitted
P02117,68,Male,Medium,Bronchiolitis,5.2,Pediatrics,U014,F03,2026-08-27 13:00:00,Admitted
P02118,34,Female,Low,Post-Operative Recovery,1.7,MedSurg,U008,F02,2026-08-02 14:00:00,Transfer Approved
P02119,31,Female,High,Post-Operative Recovery,8.0,MedSurg,U008,F02,2026-08-14 13:00:00,Admitted
P02120,34,Male,Medium,Acute Myocardial Infarction,5.0,EMERGENCY,U012,F03,2026-08-08 16:00:00,Admitted
P02121,25,Female,Medium,Dehydration,4.9,Pediatrics,U014,F03,2026-08-17 11:00:00,Admitted
P02122,27,Non-Binary,Medium,Severe Abdominal Pain,4.9,EMERGENCY,U012,F03,2026-08-23 18:00:00,Admitted
P02123,39,Male,Low,Chemotherapy Monitoring,1.6,Oncology,U015,F03,2026-08-23 18:00:00,Admitted
P02124,51,Female,High,Multi-organ Dysfunction,8.0,icu,U006,F02,2026-08-26 10:00:00,Admitted
P02125,24,Non-Binary,Medium,Tumor Lysis Syndrome,5.3,Oncology,U010,F02,2026-08-10 01:00:00,Pending Transfer
P02126,7,Female,High,Febrile Neutropenia,5.7,Oncology,U010,F02,2026-08-18 01:00:00,Admitted
P02127,87,Non-Binary,Low,Febrile Neutropenia,2.2,Oncology,U005,F01,2026-08-15 22:00:00,Admitted
P02128,22,Female,Medium,Severe Abdominal Pain,4.7,EMERGENCY,U012,F03,2026-08-27 23:00:00,Admitted
P02129,42,Male,High,Febrile Neutropenia,7.8,Oncology,U010,F02,2026-08-30 02:00:00,Admitted
P02130,13,Female,Low,Septic Shock,2.4,EMERGENCY,U001,F01,2026-08-21 16:00:00,Admitted
P02131,80,Male,High,Septic Shock,7.1,icu,U006,F02,2026-08-06 04:00:00,Pending Transfer
P02132,28,Non-Binary,Medium,Chemotherapy Monitoring,4.3,Oncology,U015,F03,2026-08-14 22:00:00,Admitted
P02133,63,Male,Low,Septic Shock,3.3,icu,U001,F01,2026-08-07 11:00:00,Admitted
P02134,82,Male,Low,Bronchiolitis,3.0,Pediatrics,U009,F02,2026-08-25 11:00:00,Pending Transfer
P02135,51,Non-Binary,,Chemotherapy Monitoring,3.2,Pediatrics,U005,F01,2026-08-11 21:00:00,Pending Transfer
P02136,11,Male,Medium,Febrile Neutropenia,4.4,Oncology,U010,F02,2026-08-25 15:00:00,Admitted
P02137,89,Male,Medium,Pneumonia,4.3,MedSurg,U013,F03,2026-08-29 02:00:00,Transfer Approved
P02138,24,Female,Medium,Post-Cardiac Arrest,4.6,EMERGENCY,U001,F01,2026-08-15 06:00:00,Admitted
P02139,47,Male,Medium,Bronchiolitis,5.0,Pediatrics,U014,F03,2026-08-25 02:00:00,Admitted
P02140,44,Female,Medium,Dehydration,4.3,Pediatrics,U009,F02,2026-08-14 18:00:00,Transfer Approved
P02141,30,Non-Binary,High,Post-Operative Recovery,6.4,EMERGENCY,U013,F03,2026-08-23 10:00:00,Admitted
P02142,39,Non-Binary,High,Acute Myocardial Infarction,8.4,EMERGENCY,U002,F01,2026-08-11 06:00:00,Admitted
P02143,1,Female,Medium,Diabetes Complications,4.7,MedSurg,U008,F02,2026-08-12 14:00:00,Admitted
P02144,90,Female,Medium,Dehydration,4.3,Pediatrics,U009,F02,2026-08-04 07:00:00,Admitted
P02145,66,Female,High,Palliative Care,5.8,Oncology,U015,F03,2026-08-29 02:00:00,Transfer Approved
P02146,27,Non-Binary,Low,Cellulitis,3.1,MedSurg,U008,F02,2026-08-19 10:00:00,Discharged
P02147,82,Female,High,Bronchiolitis,8.1,Pediatrics,U004,F01,2026-08-28 23:00:00,Admitted
P02148,66,Non-Binary,Low,Post-Operative Recovery,2.6,MedSurg,U008,F02,2026-08-30 21:00:00,Admitted
P02149,15,Male,Low,Severe Abdominal Pain,2.7,EMERGENCY,U007,F02,2026-08-03 17:00:00,Admitted
P02150,87,Non-Binary,Low,Severe Abdominal Pain,1.7,EMERGENCY,U007,F02,2026-08-30 14:00:00,Transfer Approved
P02151,38,Female,Medium,Stroke,5.0,EMERGENCY,U012,F03,2026-08-08 13:00:00,Transfer Approved
P02152,47,Female,Low,Tumor Lysis Syndrome,,Oncology,U010,F02,2026-08-28 20:00:00,Admitted
P02153,92,Non-Binary,Medium,Multi-organ Dysfunction,3.8,MedSurg,U006,F02,2026-08-31 03:00:00,Discharged
P02154,62,Female,Critical,Congenital Heart Defect,13.5,Pediatrics,U014,F03,2026-08-07 05:00:00,Pending Transfer
P02155,1,Female,Low,Bronchiolitis,2.0,Pediatrics,U014,F03,2026-08-13 04:00:00,Admitted
P02156,72,Male,Low,Dehydration,1.6,Pediatrics,U014,F03,2026-08-01 10:00:00,Admitted
P02157,81,Female,Critical,Septic Shock,11.6,icu,U006,F02,2026-08-09 04:00:00,Discharged
P02158,36,Non-Binary,Critical,Bronchiolitis,9.0,Pediatrics,U009,F02,2026-08-12 06:00:00,Admitted
P02159,41,Female,Low,Polytrauma,2.4,EMERGENCY,U007,F02,2026-08-02 06:00:00,Admitted
P02160,34,Non-Binary,Medium,Dehydration,5.1,Pediatrics,U009,F02,2026-08-16 16:00:00,Admitted
P02161,33,Male,Medium,Tumor Lysis Syndrome,4.5,Oncology,U005,F01,2026-08-18 04:00:00,Admitted
P02162,15,Male,Medium,Chemotherapy Monitoring,5.2,icu,U005,F01,2026-08-05 10:00:00,Pending Transfer
P02163,11,Non-Binary,Low,Polytrauma,2.5,EMERGENCY,U012,F03,2026-08-07 22:00:00,Admitted
P02164,36,Non-Binary,High,Severe Abdominal Pain,6.3,EMERGENCY,U007,F02,2026-08-24 00:00:00,Admitted
P02165,20,Male,Medium,Pneumonia,5.4,MedSurg,U003,F01,2026-08-23 21:00:00,Admitted
P02166,78,Male,Medium,Polytrauma,5.1,EMERGENCY,U012,F03,2026-08-21 14:00:00,Admitted
P02167,41,Non-Binary,Low,Palliative Care,2.3,Oncology,U015,F03,2026-08-10 08:00:00,Transfer Approved
P02168,18,Female,Medium,Post-Cardiac Arrest,3.6,MedSurg,U001,F01,2026-08-11 08:00:00,Discharged
P02169,68,Female,Low,Stroke,3.1,EMERGENCY,U012,F03,2026-08-31 05:00:00,Pending Transfer
P02170,22,Female,Low,Pneumonia,2.3,MedSurg,U008,F02,2026-08-30 05:00:00,Admitted
P02171,13,Non-Binary,Medium,Pediatric Asthma,4.0,Pediatrics,U004,F01,2026-08-20 20:00:00,Admitted
P02172,42,Female,Low,Tumor Lysis Syndrome,1.7,Oncology,U005,F01,2026-08-09 13:00:00,Admitted
P02173,20,Male,Low,Congenital Heart Defect,3.1,Pediatrics,U004,F01,2026-08-26 19:00:00,Transfer Approved
P02174,15,Non-Binary,Low,Severe Abdominal Pain,2.5,EMERGENCY,U007,F02,2026-08-14 12:00:00,Pending Transfer
P02175,13,Non-Binary,Medium,Polytrauma,5.0,EMERGENCY,U007,F02,2026-08-25 21:00:00,Admitted
P02176,20,Male,Medium,Chemotherapy Monitoring,3.5,Oncology,U005,F01,2026-08-25 02:00:00,Admitted
P02177,68,Male,Medium,Stroke,5.1,EMERGENCY,U007,F02,2026-08-26 01:00:00,Admitted
P02178,72,Male,Medium,Stroke,4.8,EMERGENCY,U002,F01,2026-08-18 22:00:00,Admitted
P02179,5,Male,High,Chemotherapy Monitoring,7.6,Oncology,U010,F02,2026-08-30 19:00:00,Admitted
P02180,11,Female,Medium,Congenital Heart Defect,4.7,Pediatrics,U004,F01,2026-08-18 12:00:00,Admitted
P02181,23,Male,Medium,Post-Cardiac Arrest,4.4,icu,U011,F03,2026-08-13 07:00:00,Admitted
P02182,86,Male,Low,Pneumonia,2.5,MedSurg,U013,F03,2026-08-13 18:00:00,Transfer Approved
P02183,10,Non-Binary,High,Palliative Care,8.1,Pediatrics,U015,F03,2026-08-05 04:00:00,Transfer Approved
P02184,15,Female,Low,Congenital Heart Defect,2.1,Pediatrics,U004,F01,2026-08-31 11:00:00,Admitted
P02185,40,Male,Low,Congenital Heart Defect,1.5,Pediatrics,U014,F03,2026-08-03 19:00:00,Admitted
P02186,73,Non-Binary,Low,Bronchiolitis,3.1,Pediatrics,U004,F01,2026-08-24 05:00:00,Admitted
P02187,17,Non-Binary,High,Cellulitis,7.0,MedSurg,U013,F03,2026-08-28 09:00:00,Admitted
P02188,34,Non-Binary,Low,Chemotherapy Monitoring,3.5,Oncology,U010,F02,2026-08-16 22:00:00,Admitted
P02189,49,Male,Low,Tumor Lysis Syndrome,2.4,Oncology,U010,F02,2026-08-09 12:00:00,Admitted
P02190,54,Non-Binary,Low,Cellulitis,2.5,MedSurg,U013,F03,2026-08-08 17:00:00,Admitted
P02191,32,Male,High,Febrile Neutropenia,7.0,Oncology,U010,F02,2026-08-02 19:00:00,Admitted
P02192,27,Non-Binary,Low,Congenital Heart Defect,2.8,Pediatrics,U009,F02,2026-08-31 00:00:00,Admitted
P02193,5,Male,Medium,Acute Myocardial Infarction,3.5,EMERGENCY,U012,F03,2026-08-28 12:00:00,Pending Transfer
P02194,47,Female,Low,Cellulitis,1.9,MedSurg,U013,F03,2026-08-11 10:00:00,Admitted
P02195,30,Male,Low,Stroke,2.7,EMERGENCY,U007,F02,2026-08-21 15:00:00,Admitted
P02196,82,Male,Medium,Acute Myocardial Infarction,5.3,EMERGENCY,U002,F01,2026-08-27 22:00:00,Pending Transfer
P02197,45,Non-Binary,Low,Diabetes Complications,3.4,MedSurg,U013,F03,2026-08-31 15:00:00,Admitted
P02198,40,Male,Medium,Acute Myocardial Infarction,5.0,EMERGENCY,U002,F01,2026-08-26 13:00:00,Transfer Approved
P02199,13,Non-Binary,Critical,Stroke,13.7,EMERGENCY,U012,F03,2026-08-14 20:00:00,Admitted
P02200,12,Male,Low,Dehydration,3.0,Pediatrics,U009,F02,2026-08-08 08:00:00,Admitted
P02201,10,Female,Low,Multi-organ Dysfunction,2.8,icu,U006,F02,2026-08-13 06:00:00,Transfer Approved
P02202,84,Non-Binary,Low,Diabetes Complications,3.0,MedSurg,U013,F03,2026-08-19 04:00:00,Admitted
P02203,88,Non-Binary,High,Post-Cardiac Arrest,8.0,icu,U001,F01,2026-08-28 08:00:00,Admitted
P02204,38,Female,Low,Chemotherapy Monitoring,3.4,Pediatrics,U010,F02,2026-08-08 18:00:00,Pending Transfer
P02205,13,Non-Binary,High,Chemotherapy Monitoring,6.7,Oncology,U015,F03,2026-08-04 15:00:00,Admitted
P02206,5,Female,Low,Chemotherapy Monitoring,3.1,Oncology,U015,F03,2026-08-29 09:00:00,Admitted
P02207,61,Non-Binary,Low,Multi-organ Dysfunction,2.2,icu,U011,F03,2026-08-10 05:00:00,Admitted
P02208,90,Non-Binary,Medium,Bronchiolitis,5.5,Pediatrics,U004,F01,2026-08-05 02:00:00,Admitted
P02209,20,Non-Binary,High,Polytrauma,5.5,EMERGENCY,U002,F01,2026-08-01 03:00:00,Pending Transfer
P02210,40,Male,Low,Post-Operative Recovery,3.3,MedSurg,U013,F03,2026-08-08 16:00:00,Admitted
P02211,49,Male,High,Acute Respiratory Distress,7.9,MedSurg,U006,F02,2026-08-11 17:00:00,Transfer Approved
P02212,90,Non-Binary,Low,Stroke,2.8,EMERGENCY,U007,F02,2026-08-23 19:00:00,Admitted
P02213,72,Non-Binary,Medium,Febrile Neutropenia,3.9,Oncology,U010,F02,2026-08-22 01:00:00,Transfer Approved
P02214,75,Female,High,Multi-organ Dysfunction,6.1,icu,U011,F03,2026-08-09 11:00:00,Discharged
P02215,78,Male,Medium,Severe Abdominal Pain,4.8,EMERGENCY,U002,F01,2026-08-29 14:00:00,Admitted
P02216,47,Male,Critical,Post-Cardiac Arrest,13.4,icu,U001,F01,2026-08-16 22:00:00,Pending Transfer
P02217,26,Female,Medium,Pediatric Asthma,5.1,Pediatrics,U004,F01,2026-08-11 13:00:00,Admitted
P02218,92,Female,Medium,Polytrauma,5.0,EMERGENCY,U007,F02,2026-08-01 01:00:00,Admitted
P02219,45,Female,Medium,Diabetes Complications,4.0,MedSurg,U003,F01,2026-08-28 19:00:00,Pending Transfer
P02220,1,Male,Low,Febrile Neutropenia,2.0,Oncology,U005,F01,2026-08-17 11:00:00,Transfer Approved
P02221,29,Female,High,Acute Respiratory Distress,7.2,icu,U006,F02,2026-08-10 03:00:00,Admitted
P02222,15,Non-Binary,Low,Polytrauma,2.9,EMERGENCY,U002,F01,2026-08-17 18:00:00,Transfer Approved
P02223,89,Non-Binary,Medium,Diabetes Complications,4.5,MedSurg,U008,F02,2026-08-03 17:00:00,Admitted
P02224,8,Non-Binary,Low,Post-Cardiac Arrest,3.0,icu,U006,F02,2026-08-04 22:00:00,Admitted
P02225,50,Male,,Dehydration,1.6,Pediatrics,U014,F03,2026-08-10 15:00:00,Admitted
P02226,5,Non-Binary,High,Multi-organ Dysfunction,6.0,icu,U001,F01,2026-08-07 21:00:00,Transfer Approved
P02227,87,Male,High,Chemotherapy Monitoring,8.5,Oncology,U010,F02,2026-08-23 10:00:00,Admitted
P02228,11,Non-Binary,Low,Polytrauma,3.5,EMERGENCY,U002,F01,2026-08-15 21:00:00,Admitted
P02229,2,Male,Low,Pneumonia,3.4,MedSurg,U008,F02,2026-08-26 18:00:00,Admitted
P02230,21,Non-Binary,Medium,Palliative Care,3.7,Oncology,U005,F01,2026-08-03 19:00:00,Admitted
P02231,24,Non-Binary,Medium,Acute Respiratory Distress,3.6,icu,U001,F01,2026-08-10 17:00:00,Admitted
P02232,40,Female,Low,Cellulitis,2.2,MedSurg,U008,F02,2026-08-02 19:00:00,Admitted
P02233,88,Female,Low,Congenital Heart Defect,3.4,Pediatrics,U014,F03,2026-08-15 05:00:00,Admitted
P02234,59,Non-Binary,Medium,Acute Myocardial Infarction,4.0,EMERGENCY,U002,F01,2026-08-31 20:00:00,Admitted
P02235,88,Non-Binary,High,Post-Cardiac Arrest,7.8,icu,U006,F02,2026-08-27 14:00:00,Admitted
P02236,81,Female,High,Palliative Care,6.7,Oncology,U010,F02,2026-08-23 08:00:00,Admitted
P02237,55,Female,Critical,Tumor Lysis Syndrome,11.1,Oncology,U010,F02,2026-08-20 03:00:00,Admitted
P02238,5,Non-Binary,Medium,Diabetes Complications,3.7,icu,U008,F02,2026-08-16 18:00:00,Admitted
P02239,27,Male,High,Congenital Heart Defect,6.4,Pediatrics,U014,F03,2026-08-07 20:00:00,Admitted
P02240,7,Male,Low,Post-Operative Recovery,2.0,MedSurg,U008,F02,2026-08-10 14:00:00,Admitted
P02241,82,Male,Medium,Cellulitis,4.5,MedSurg,U013,F03,2026-08-16 01:00:00,Admitted
P02242,58,Non-Binary,Low,Post-Cardiac Arrest,2.9,icu,U011,F03,2026-08-27 04:00:00,Discharged
P02243,6,Female,Medium,Tumor Lysis Syndrome,5.4,Oncology,U015,F03,2026-08-03 13:00:00,Pending Transfer
P02244,75,Non-Binary,Low,Stroke,3.0,EMERGENCY,U002,F01,2026-08-08 14:00:00,Admitted
P02245,61,Non-Binary,High,Severe Abdominal Pain,7.4,EMERGENCY,U007,F02,2026-08-03 03:00:00,Admitted
P02246,56,Male,Low,Post-Cardiac Arrest,3.3,icu,U006,F02,2026-08-17 16:00:00,Transfer Approved
P02247,80,Male,Low,Febrile Neutropenia,2.8,Oncology,U005,F01,2026-08-29 11:00:00,Admitted
P02248,15,Non-Binary,Medium,Palliative Care,5.4,Oncology,U015,F03,2026-08-03 08:00:00,Admitted
P02249,19,Male,Medium,Tumor Lysis Syndrome,3.6,Oncology,U010,F02,2026-08-15 09:00:00,Admitted
P02250,80,Female,Low,Acute Myocardial Infarction,2.0,icu,U012,F03,2026-08-16 23:00:00,Admitted
P02251,1,Female,Medium,Tumor Lysis Syndrome,5.1,Oncology,U005,F01,2026-08-18 08:00:00,Admitted
P02252,60,Non-Binary,Medium,Pneumonia,3.7,MedSurg,U013,F03,2026-08-03 05:00:00,Admitted
P02253,84,Non-Binary,Low,Chemotherapy Monitoring,1.8,Oncology,U010,F02,2026-08-10 21:00:00,Pending Transfer
P02254,88,Non-Binary,Low,Diabetes Complications,2.1,MedSurg,U003,F01,2026-08-11 09:00:00,Admitted
P02255,21,Non-Binary,Low,Tumor Lysis Syndrome,1.7,Oncology,U005,F01,2026-08-08 07:00:00,Admitted
P02256,36,Non-Binary,Critical,Palliative Care,9.3,Pediatrics,U015,F03,2026-08-19 15:00:00,Pending Transfer
P02257,46,Male,,Congenital Heart Defect,2.9,Pediatrics,U009,F02,2026-08-03 07:00:00,Admitted
P02258,21,Female,High,Congenital Heart Defect,8.2,Pediatrics,U009,F02,2026-08-06 23:00:00,Admitted
P02259,81,Male,Medium,Palliative Care,4.2,Oncology,U005,F01,2026-08-19 12:00:00,Admitted
P02260,66,Non-Binary,Low,Febrile Neutropenia,1.5,Oncology,U010,F02,2026-08-10 00:00:00,Pending Transfer
P02261,83,Female,High,Diabetes Complications,6.5,MedSurg,U013,F03,2026-08-30 20:00:00,Admitted
P02262,18,Female,Medium,Congenital Heart Defect,4.8,EMERGENCY,U009,F02,2026-08-19 04:00:00,Admitted
P02263,68,Male,High,Post-Cardiac Arrest,7.2,icu,U006,F02,2026-08-31 01:00:00,Admitted
P02264,12,Female,Medium,Stroke,4.9,EMERGENCY,U012,F03,2026-08-26 06:00:00,Admitted
P02265,68,Non-Binary,High,Pneumonia,5.7,MedSurg,U003,F01,2026-08-14 02:00:00,Transfer Approved
P02266,54,Non-Binary,Medium,Cellulitis,4.6,MedSurg,U013,F03,2026-08-09 05:00:00,Admitted
P02267,82,Non-Binary,Low,Severe Abdominal Pain,1.6,EMERGENCY,U002,F01,2026-08-24 16:00:00,Pending Transfer
P02268,4,Female,Critical,Tumor Lysis Syndrome,10.0,Oncology,U010,F02,2026-08-28 04:00:00,Admitted
P02269,78,Female,High,Tumor Lysis Syndrome,7.5,Oncology,U015,F03,2026-08-24 15:00:00,Pending Transfer
P02270,88,Non-Binary,Medium,Pneumonia,4.8,Pediatrics,U008,F02,2026-08-21 17:00:00,Admitted
P02271,21,Male,Low,Pneumonia,2.9,MedSurg,U013,F03,2026-08-10 09:00:00,Admitted
P02272,49,Male,High,Pediatric Asthma,8.4,Pediatrics,U004,F01,2026-08-06 15:00:00,Admitted
P02273,44,Non-Binary,High,Severe Abdominal Pain,8.1,EMERGENCY,U007,F02,2026-08-06 19:00:00,Admitted
P02274,43,Female,Critical,Pediatric Asthma,11.8,Pediatrics,U014,F03,2026-08-18 23:00:00,Admitted
P02275,68,Male,Medium,Acute Myocardial Infarction,3.9,EMERGENCY,U012,F03,2026-08-27 16:00:00,Admitted
P02276,15,Male,Medium,Cellulitis,4.5,Oncology,U013,F03,2026-08-06 13:00:00,Admitted
P02277,1,Male,Critical,Polytrauma,13.1,EMERGENCY,U012,F03,2026-08-24 00:00:00,Admitted
P02278,73,Male,Low,Severe Abdominal Pain,1.9,EMERGENCY,U002,F01,2026-08-11 20:00:00,Pending Transfer
P02279,68,Non-Binary,High,Polytrauma,6.9,EMERGENCY,U002,F01,2026-08-27 02:00:00,Admitted
P02280,15,Male,Low,Multi-organ Dysfunction,1.9,icu,U011,F03,2026-08-01 18:00:00,Admitted
P02281,62,Male,Medium,Post-Cardiac Arrest,4.5,icu,U001,F01,2026-08-13 16:00:00,Admitted
P02282,80,Female,High,Tumor Lysis Syndrome,6.2,Oncology,U005,F01,2026-08-22 03:00:00,Transfer Approved
P02283,51,Female,Low,Multi-organ Dysfunction,2.4,icu,U001,F01,2026-08-10 14:00:00,Admitted
P02284,81,Male,Low,Chemotherapy Monitoring,1.6,Oncology,U010,F02,2026-08-16 09:00:00,Admitted
P02285,75,Non-Binary,Medium,Acute Myocardial Infarction,4.8,icu,U007,F02,2026-08-16 03:00:00,Admitted
P02286,42,Non-Binary,Medium,Pneumonia,3.8,MedSurg,U013,F03,2026-08-28 03:00:00,Admitted
P02287,74,Non-Binary,Low,Palliative Care,2.8,Oncology,U010,F02,2026-08-02 03:00:00,Admitted
P02288,89,Male,Low,Bronchiolitis,3.2,Pediatrics,U004,F01,2026-08-22 22:00:00,Admitted
P02289,17,Male,Medium,Post-Cardiac Arrest,4.7,icu,U011,F03,2026-08-05 08:00:00,Transfer Approved
P02290,31,Male,Medium,Stroke,4.8,EMERGENCY,U012,F03,2026-08-16 07:00:00,Admitted
P02291,83,Female,Medium,Stroke,5.3,EMERGENCY,U012,F03,2026-08-20 10:00:00,Admitted
P02292,69,Non-Binary,Low,Pediatric Asthma,1.7,Pediatrics,U009,F02,2026-08-08 00:00:00,Admitted
P02293,56,Non-Binary,Low,Dehydration,3.2,Pediatrics,U014,F03,2026-08-13 07:00:00,Admitted
P02294,9,Non-Binary,Low,Pneumonia,3.5,MedSurg,U013,F03,2026-08-12 21:00:00,Admitted
P02295,38,Female,Medium,Diabetes Complications,3.9,MedSurg,U003,F01,2026-08-13 13:00:00,Admitted
P02296,78,Female,Low,Pediatric Asthma,3.2,Pediatrics,U014,F03,2026-08-09 04:00:00,Transfer Approved
P02297,28,Non-Binary,Medium,Post-Operative Recovery,4.3,MedSurg,U003,F01,2026-08-16 09:00:00,Admitted
P02298,31,Male,Medium,Dehydration,5.0,Pediatrics,U014,F03,2026-08-21 21:00:00,Admitted
P02299,79,Non-Binary,Low,Stroke,1.6,EMERGENCY,U007,F02,2026-08-23 16:00:00,Pending Transfer
P02300,50,Non-Binary,Medium,Dehydration,3.6,Pediatrics,U004,F01,2026-08-13 07:00:00,Admitted
P02301,44,Female,High,Bronchiolitis,8.0,Pediatrics,U009,F02,2026-08-13 01:00:00,Pending Transfer
P02302,33,Female,Medium,Multi-organ Dysfunction,5.1,icu,U011,F03,2026-08-17 03:00:00,Pending Transfer
P02303,92,Male,Critical,Polytrauma,9.9,EMERGENCY,U002,F01,2026-08-29 00:00:00,Admitted
P02304,69,Female,Low,Cellulitis,2.8,MedSurg,U008,F02,2026-08-06 08:00:00,Admitted
P02305,53,Male,Low,Multi-organ Dysfunction,2.2,icu,U001,F01,2026-08-22 06:00:00,Admitted
P02306,8,Male,Low,Bronchiolitis,1.6,Pediatrics,U009,F02,2026-08-14 22:00:00,Admitted
P02307,1,Non-Binary,Low,Septic Shock,1.7,icu,U006,F02,2026-08-17 18:00:00,Admitted
P02308,14,Female,Medium,Palliative Care,5.2,Oncology,U015,F03,2026-08-29 18:00:00,Admitted
P02309,55,Male,Medium,Tumor Lysis Syndrome,4.5,Oncology,U015,F03,2026-08-16 11:00:00,Admitted
P02310,44,Female,Medium,Post-Operative Recovery,4.4,MedSurg,U013,F03,2026-08-04 15:00:00,Admitted
P02311,86,Male,Low,Post-Cardiac Arrest,3.1,icu,U006,F02,2026-08-21 08:00:00,Transfer Approved
P02312,55,Non-Binary,High,Stroke,6.4,EMERGENCY,U007,F02,2026-08-24 03:00:00,Transfer Approved
P02313,10,Non-Binary,Low,Septic Shock,1.9,icu,U006,F02,2026-08-03 10:00:00,Admitted
P02314,81,Non-Binary,Low,Palliative Care,1.9,Oncology,U015,F03,2026-08-20 14:00:00,Pending Transfer
P02315,5,Male,Low,Pneumonia,2.2,MedSurg,U013,F03,2026-08-04 13:00:00,Pending Transfer
P02316,87,Male,Critical,Stroke,10.8,EMERGENCY,U012,F03,2026-08-22 01:00:00,Admitted
P02317,61,Non-Binary,Critical,Congenital Heart Defect,9.3,Pediatrics,U014,F03,2026-08-24 17:00:00,Admitted
P02318,36,Non-Binary,Low,Chemotherapy Monitoring,3.4,Oncology,U015,F03,2026-08-28 10:00:00,Admitted
P02319,41,Male,Low,Dehydration,1.8,Pediatrics,U004,F01,2026-08-15 02:00:00,Transfer Approved
P02320,42,Non-Binary,Low,Stroke,2.1,EMERGENCY,U012,F03,2026-08-18 17:00:00,Admitted
P02321,27,Non-Binary,High,Cellulitis,5.7,MedSurg,U013,F03,2026-08-27 16:00:00,Admitted
P02322,55,Female,Medium,Polytrauma,4.9,EMERGENCY,U002,F01,2026-08-07 09:00:00,Admitted
P02323,74,Male,Critical,Stroke,12.7,EMERGENCY,U012,F03,2026-08-07 04:00:00,Pending Transfer
P02324,51,Male,Low,Cellulitis,1.5,MedSurg,U003,F01,2026-08-23 00:00:00,Admitted
P02325,88,Non-Binary,High,Polytrauma,5.8,EMERGENCY,U002,F01,2026-08-30 00:00:00,Discharged
P02326,14,Female,Low,Acute Myocardial Infarction,2.2,EMERGENCY,U007,F02,2026-08-04 13:00:00,Admitted
P02327,70,Non-Binary,Medium,Cellulitis,3.5,MedSurg,U013,F03,2026-08-18 23:00:00,Discharged
P02328,50,Non-Binary,High,Chemotherapy Monitoring,6.7,Oncology,U015,F03,2026-08-19 23:00:00,Pending Transfer
P02329,58,Non-Binary,Low,Polytrauma,2.9,EMERGENCY,U002,F01,2026-08-05 01:00:00,Admitted
P02330,65,Male,Medium,Pneumonia,4.0,MedSurg,U003,F01,2026-08-05 16:00:00,Admitted
P02331,32,Female,Critical,Multi-organ Dysfunction,12.3,icu,U011,F03,2026-08-10 02:00:00,Transfer Approved
P02332,27,Male,Low,Post-Cardiac Arrest,1.9,Oncology,U006,F02,2026-08-02 21:00:00,Admitted
P02333,56,Female,Medium,Bronchiolitis,4.4,Pediatrics,U009,F02,2026-08-03 04:00:00,Pending Transfer
P02334,79,Female,Medium,Acute Myocardial Infarction,4.0,EMERGENCY,U007,F02,2026-08-30 02:00:00,Admitted
P02335,41,Male,Medium,Stroke,3.5,EMERGENCY,U012,F03,2026-08-17 23:00:00,Admitted
P02336,61,Female,High,Tumor Lysis Syndrome,5.6,Oncology,U005,F01,2026-08-19 00:00:00,Admitted
P02337,15,Non-Binary,High,Severe Abdominal Pain,6.8,EMERGENCY,U012,F03,2026-08-12 10:00:00,Transfer Approved
P02338,71,Non-Binary,Medium,Palliative Care,4.0,Oncology,U010,F02,2026-08-23 05:00:00,Admitted
P02339,80,Male,Medium,Acute Respiratory Distress,3.8,icu,U006,F02,2026-08-17 03:00:00,Admitted
P02340,4,Female,Low,Cellulitis,3.4,MedSurg,U013,F03,2026-08-28 14:00:00,Admitted
P02341,49,Female,Low,Post-Operative Recovery,3.2,MedSurg,U003,F01,2026-08-23 04:00:00,Discharged
P02342,88,Non-Binary,Medium,Cellulitis,4.6,MedSurg,U003,F01,2026-08-31 00:00:00,Admitted
P02343,33,Female,Low,Dehydration,1.9,Pediatrics,U014,F03,2026-08-02 02:00:00,Admitted
P02344,42,Male,Critical,Bronchiolitis,11.4,Pediatrics,U004,F01,2026-08-30 17:00:00,Admitted
P02345,27,Non-Binary,Low,Septic Shock,3.4,icu,U001,F01,2026-08-23 18:00:00,Admitted
P02346,50,Female,Medium,Febrile Neutropenia,4.5,Oncology,U015,F03,2026-08-18 05:00:00,Transfer Approved
P02347,63,Non-Binary,Medium,Tumor Lysis Syndrome,4.5,Oncology,U005,F01,2026-08-24 21:00:00,Admitted
P02348,22,Male,Low,Cellulitis,2.8,MedSurg,U003,F01,2026-08-27 11:00:00,Pending Transfer
P02349,76,Non-Binary,Medium,Tumor Lysis Syndrome,3.9,icu,U015,F03,2026-08-09 01:00:00,Admitted
P02350,88,Non-Binary,Critical,Diabetes Complications,10.7,MedSurg,U013,F03,2026-08-18 04:00:00,Admitted
P02351,51,Non-Binary,High,Severe Abdominal Pain,6.9,EMERGENCY,U012,F03,2026-08-12 22:00:00,Discharged
P02352,70,Non-Binary,Low,Diabetes Complications,3.5,Oncology,U008,F02,2026-08-28 09:00:00,Admitted
P02353,43,Female,Low,Palliative Care,,Oncology,U010,F02,2026-08-09 06:00:00,Admitted
P02354,61,Female,Low,Post-Operative Recovery,1.8,MedSurg,U013,F03,2026-08-10 09:00:00,Pending Transfer
P02355,63,Male,Medium,Post-Cardiac Arrest,5.3,icu,U001,F01,2026-08-13 09:00:00,Admitted
P02356,92,Male,Medium,Multi-organ Dysfunction,4.1,icu,U001,F01,2026-08-22 16:00:00,Pending Transfer
P02357,16,Female,Medium,Post-Operative Recovery,4.2,MedSurg,U003,F01,2026-08-06 10:00:00,Pending Transfer
P02358,5,Non-Binary,High,Acute Myocardial Infarction,8.2,EMERGENCY,U007,F02,2026-08-23 03:00:00,Admitted
P02359,29,Female,Low,Multi-organ Dysfunction,2.6,icu,U011,F03,2026-08-17 10:00:00,Admitted
P02360,48,Female,Medium,Febrile Neutropenia,3.6,Oncology,U015,F03,2026-08-28 19:00:00,Admitted
P02361,50,Female,Critical,Cellulitis,11.8,MedSurg,U013,F03,2026-08-06 03:00:00,Admitted
P02362,38,Non-Binary,Medium,Multi-organ Dysfunction,5.2,icu,U001,F01,2026-08-20 14:00:00,Pending Transfer
P02363,92,Non-Binary,Low,Congenital Heart Defect,1.5,Pediatrics,U009,F02,2026-08-29 15:00:00,Admitted
P02364,18,Non-Binary,Low,Acute Myocardial Infarction,2.9,EMERGENCY,U012,F03,2026-08-01 07:00:00,Admitted
P02365,67,Male,High,Post-Operative Recovery,7.9,MedSurg,U013,F03,2026-08-08 20:00:00,Admitted
P02366,92,Female,Low,Palliative Care,2.3,MedSurg,U015,F03,2026-08-03 23:00:00,Pending Transfer
P02367,28,Non-Binary,Low,Septic Shock,3.0,icu,U006,F02,2026-08-02 12:00:00,Admitted
P02368,15,Female,Critical,Post-Operative Recovery,10.2,MedSurg,U013,F03,2026-08-30 07:00:00,Admitted
P02369,83,Female,Critical,Stroke,12.0,EMERGENCY,U007,F02,2026-08-02 19:00:00,Pending Transfer
P02370,53,Male,High,Acute Respiratory Distress,5.7,icu,U001,F01,2026-08-09 15:00:00,Admitted
P02371,35,Male,Low,Severe Abdominal Pain,3.3,EMERGENCY,U007,F02,2026-08-22 21:00:00,Admitted
P02372,64,Non-Binary,Critical,Palliative Care,10.3,Oncology,U015,F03,2026-08-06 17:00:00,Discharged
P02373,29,Female,Low,Pneumonia,3.0,MedSurg,U003,F01,2026-08-22 16:00:00,Admitted
P02374,61,Male,Medium,Severe Abdominal Pain,4.0,EMERGENCY,U002,F01,2026-08-21 20:00:00,Admitted
P02375,30,Male,Low,Septic Shock,2.1,icu,U006,F02,2026-08-27 02:00:00,Admitted
P02376,5,Non-Binary,Low,Dehydration,2.1,Pediatrics,U009,F02,2026-08-16 22:00:00,Transfer Approved
P02377,5,Female,Low,Bronchiolitis,3.2,Pediatrics,U009,F02,2026-08-22 21:00:00,Transfer Approved
P02378,16,Female,Critical,Diabetes Complications,10.0,MedSurg,U003,F01,2026-08-28 02:00:00,Admitted
P02379,35,Male,Medium,Stroke,3.7,EMERGENCY,U012,F03,2026-08-23 07:00:00,Admitted
P02380,54,Male,Medium,Stroke,4.5,EMERGENCY,U012,F03,2026-08-20 22:00:00,Pending Transfer
P02381,23,Female,Critical,Polytrauma,13.8,EMERGENCY,U007,F02,2026-08-16 19:00:00,Admitted
P02382,69,Male,Low,Febrile Neutropenia,2.5,Oncology,U015,F03,2026-08-05 16:00:00,Admitted
P02383,52,Female,Low,Congenital Heart Defect,2.7,Pediatrics,U009,F02,2026-08-28 00:00:00,Admitted
P02384,3,Female,Medium,Chemotherapy Monitoring,3.8,Oncology,U015,F03,2026-08-05 08:00:00,Admitted
P02385,42,Male,Medium,Congenital Heart Defect,5.2,Pediatrics,U004,F01,2026-08-18 12:00:00,Pending Transfer
P02386,33,Non-Binary,Medium,Pneumonia,5.2,MedSurg,U008,F02,2026-08-29 16:00:00,Discharged
P02387,45,Female,Low,Post-Operative Recovery,1.5,MedSurg,U008,F02,2026-08-21 05:00:00,Admitted
P02388,78,Female,Critical,Pneumonia,12.3,MedSurg,U008,F02,2026-08-05 12:00:00,Transfer Approved
P02389,66,Male,Medium,Tumor Lysis Syndrome,5.0,Oncology,U015,F03,2026-08-18 11:00:00,Admitted
P02390,57,Male,Medium,Acute Respiratory Distress,3.8,icu,U006,F02,2026-08-20 04:00:00,Admitted
P02391,60,Non-Binary,High,Chemotherapy Monitoring,7.0,Oncology,U005,F01,2026-08-20 18:00:00,Admitted
P02392,71,Non-Binary,Medium,Pediatric Asthma,4.4,Pediatrics,U014,F03,2026-08-15 11:00:00,Transfer Approved
P02393,48,Male,High,Stroke,7.8,EMERGENCY,U002,F01,2026-08-15 02:00:00,Admitted
P02394,48,Female,Medium,Acute Respiratory Distress,5.5,icu,U011,F03,2026-08-20 03:00:00,Pending Transfer
P02395,29,Male,Medium,Stroke,3.5,EMERGENCY,U012,F03,2026-08-22 20:00:00,Admitted
P02396,6,Non-Binary,Critical,Acute Respiratory Distress,13.9,icu,U011,F03,2026-08-08 02:00:00,Transfer Approved
P02397,41,Male,Medium,Cellulitis,3.6,MedSurg,U013,F03,2026-08-12 09:00:00,Admitted
P02398,85,Female,Low,Acute Respiratory Distress,3.3,icu,U006,F02,2026-08-29 19:00:00,Admitted
P02399,69,Female,,Tumor Lysis Syndrome,2.7,Oncology,U015,F03,2026-08-28 05:00:00,Admitted
P02400,87,Non-Binary,Critical,Stroke,11.8,EMERGENCY,U007,F02,2026-08-26 21:00:00,Pending Transfer
P02401,6,Female,Medium,Septic Shock,5.2,icu,U001,F01,2026-08-18 19:00:00,Admitted
P02402,84,Non-Binary,Low,Acute Myocardial Infarction,3.1,EMERGENCY,U002,F01,2026-08-09 17:00:00,Pending Transfer
P02403,35,Female,Low,Post-Operative Recovery,2.8,MedSurg,U003,F01,2026-08-18 08:00:00,Admitted
P02404,83,Non-Binary,Low,Acute Respiratory Distress,1.8,icu,U011,F03,2026-08-15 03:00:00,Admitted
P02405,73,Female,High,Diabetes Complications,8.1,MedSurg,U008,F02,2026-08-23 20:00:00,Admitted
P02406,49,Female,Low,Post-Operative Recovery,2.9,MedSurg,U003,F01,2026-08-06 19:00:00,Pending Transfer
P02407,54,Male,Medium,Febrile Neutropenia,3.9,Oncology,U015,F03,2026-08-26 22:00:00,Admitted
P02408,61,Female,Medium,Bronchiolitis,5.0,Pediatrics,U004,F01,2026-08-06 08:00:00,Admitted
P02409,60,Male,Medium,Post-Operative Recovery,4.0,MedSurg,U008,F02,2026-08-09 09:00:00,Admitted
P02410,22,Non-Binary,Medium,Chemotherapy Monitoring,5.3,icu,U010,F02,2026-08-02 10:00:00,Admitted
P02411,13,Female,Low,Septic Shock,2.0,icu,U001,F01,2026-08-26 04:00:00,Admitted
P02412,53,Female,Critical,Tumor Lysis Syndrome,10.6,Oncology,U010,F02,2026-08-11 12:00:00,Discharged
P02413,12,Female,Low,Acute Respiratory Distress,3.0,icu,U001,F01,2026-08-02 22:00:00,Admitted
P02414,55,Male,Medium,Pneumonia,4.8,MedSurg,U003,F01,2026-08-25 08:00:00,Admitted
P02415,28,Male,High,Acute Respiratory Distress,6.6,icu,U011,F03,2026-08-29 23:00:00,Admitted
P02416,92,Female,Medium,Severe Abdominal Pain,4.6,EMERGENCY,U002,F01,2026-08-13 06:00:00,Admitted
P02417,82,Non-Binary,Low,Acute Respiratory Distress,2.6,icu,U006,F02,2026-08-06 08:00:00,Admitted
P02418,42,Non-Binary,Low,Post-Cardiac Arrest,2.1,icu,U001,F01,2026-08-20 08:00:00,Admitted
P02419,77,Non-Binary,Low,Pediatric Asthma,2.7,Pediatrics,U009,F02,2026-08-21 01:00:00,Admitted
P02420,77,Female,Medium,Diabetes Complications,4.9,MedSurg,U003,F01,2026-08-08 01:00:00,Admitted
P02421,92,Female,Critical,Severe Abdominal Pain,10.2,EMERGENCY,U002,F01,2026-08-25 03:00:00,Admitted
P02422,69,Female,Low,Post-Operative Recovery,1.7,MedSurg,U013,F03,2026-08-26 17:00:00,Admitted
P02423,60,Female,Medium,Polytrauma,4.6,EMERGENCY,U002,F01,2026-08-25 13:00:00,Admitted
P02424,55,Male,Medium,Bronchiolitis,4.5,Pediatrics,U009,F02,2026-08-04 16:00:00,Admitted
P02425,16,Female,Medium,Septic Shock,5.1,icu,U006,F02,2026-08-23 01:00:00,Admitted
P02426,34,Female,High,Acute Myocardial Infarction,8.3,EMERGENCY,U012,F03,2026-08-02 20:00:00,Admitted
P02427,52,Male,Medium,Pediatric Asthma,5.2,Pediatrics,U009,F02,2026-08-07 04:00:00,Pending Transfer
P02428,14,Female,Medium,Acute Respiratory Distress,4.9,icu,U006,F02,2026-08-22 14:00:00,Admitted
P02429,91,Male,Low,Stroke,2.5,EMERGENCY,U007,F02,2026-08-28 16:00:00,Admitted
P02430,40,Male,Low,Pediatric Asthma,1.8,Pediatrics,U009,F02,2026-08-30 21:00:00,Pending Transfer
P02431,8,Female,Low,Acute Respiratory Distress,2.8,icu,U011,F03,2026-08-14 04:00:00,Admitted
P02432,50,Non-Binary,Low,Tumor Lysis Syndrome,1.6,Oncology,U015,F03,2026-08-03 09:00:00,Admitted
P02433,15,Non-Binary,High,Dehydration,6.0,Pediatrics,U009,F02,2026-08-07 20:00:00,Transfer Approved
P02434,53,Female,Medium,Bronchiolitis,4.7,MedSurg,U009,F02,2026-08-01 19:00:00,Admitted
P02435,40,Non-Binary,Critical,Tumor Lysis Syndrome,8.9,Oncology,U015,F03,2026-08-14 15:00:00,Admitted
P02436,71,Male,Medium,Cellulitis,4.0,MedSurg,U003,F01,2026-08-29 14:00:00,Admitted
P02437,50,Non-Binary,Medium,Chemotherapy Monitoring,5.3,Oncology,U015,F03,2026-08-18 21:00:00,Admitted
P02438,15,Female,Critical,Febrile Neutropenia,11.8,Oncology,U005,F01,2026-08-09 10:00:00,Pending Transfer
P02439,3,Male,Low,Severe Abdominal Pain,2.7,EMERGENCY,U012,F03,2026-08-01 09:00:00,Admitted
P02440,54,Female,Medium,Post-Cardiac Arrest,4.0,icu,U011,F03,2026-08-22 11:00:00,Admitted
P02441,59,Female,Low,Chemotherapy Monitoring,1.7,Oncology,U015,F03,2026-08-20 13:00:00,Admitted
P02442,85,Male,Low,Pneumonia,2.7,MedSurg,U003,F01,2026-08-03 01:00:00,Admitted
P02443,6,Male,Medium,Dehydration,4.9,Pediatrics,U004,F01,2026-08-22 22:00:00,Pending Transfer
P02444,20,Male,Medium,Pneumonia,4.4,MedSurg,U008,F02,2026-08-25 07:00:00,Pending Transfer
P02445,6,Male,Low,Dehydration,2.7,Pediatrics,U014,F03,2026-08-21 19:00:00,Admitted
P02446,82,Male,Low,Stroke,3.4,EMERGENCY,U012,F03,2026-08-06 07:00:00,Discharged
P02447,56,Male,High,Acute Respiratory Distress,8.4,EMERGENCY,U001,F01,2026-08-09 07:00:00,Admitted
P02448,31,Male,High,Post-Cardiac Arrest,5.6,icu,U006,F02,2026-08-16 12:00:00,Admitted
P02449,84,Female,Medium,Cellulitis,3.6,MedSurg,U003,F01,2026-08-15 16:00:00,Admitted
P02450,89,Male,Medium,Pneumonia,4.3,MedSurg,U003,F01,2026-08-30 11:00:00,Transfer Approved
P02451,27,Non-Binary,Medium,Congenital Heart Defect,4.4,Pediatrics,U014,F03,2026-08-02 05:00:00,Admitted
P02452,25,Male,Medium,Pediatric Asthma,4.0,Pediatrics,U009,F02,2026-08-25 18:00:00,Admitted
P02453,34,Male,High,Stroke,7.0,EMERGENCY,U007,F02,2026-08-07 13:00:00,Admitted
P02454,56,Non-Binary,Medium,Palliative Care,5.4,Oncology,U005,F01,2026-08-11 01:00:00,Admitted
P02455,64,Female,High,Pneumonia,8.3,MedSurg,U003,F01,2026-08-16 15:00:00,Admitted
P02456,32,Female,Low,Tumor Lysis Syndrome,2.1,Oncology,U005,F01,2026-08-25 14:00:00,Admitted
P02457,28,Non-Binary,Low,Bronchiolitis,2.2,Pediatrics,U004,F01,2026-08-05 16:00:00,Pending Transfer
P02458,28,Female,Medium,Post-Operative Recovery,3.9,MedSurg,U003,F01,2026-08-01 16:00:00,Transfer Approved
P02459,3,Female,Medium,Palliative Care,3.9,Oncology,U010,F02,2026-08-19 03:00:00,Discharged
P02460,6,Female,Medium,Tumor Lysis Syndrome,5.1,Oncology,U005,F01,2026-08-30 05:00:00,Admitted
P02461,73,Female,Low,Septic Shock,3.4,Oncology,U001,F01,2026-08-24 12:00:00,Admitted
P02462,24,Non-Binary,Low,Post-Operative Recovery,2.3,MedSurg,U013,F03,2026-08-14 01:00:00,Pending Transfer
P02463,25,Non-Binary,High,Polytrauma,7.6,EMERGENCY,U012,F03,2026-08-07 00:00:00,Admitted
P02464,91,Female,High,Bronchiolitis,5.8,Pediatrics,U009,F02,2026-08-22 01:00:00,Admitted
P02465,76,Non-Binary,Medium,Acute Myocardial Infarction,4.8,EMERGENCY,U002,F01,2026-08-27 14:00:00,Admitted
P02466,6,Non-Binary,Low,Diabetes Complications,2.3,MedSurg,U008,F02,2026-08-13 05:00:00,Admitted
P02467,28,Male,Low,Severe Abdominal Pain,2.0,EMERGENCY,U007,F02,2026-08-18 14:00:00,Admitted
P02468,2,Male,High,Pneumonia,8.0,MedSurg,U008,F02,2026-08-11 10:00:00,Admitted
P02469,52,Non-Binary,Low,Febrile Neutropenia,3.2,Oncology,U010,F02,2026-08-21 22:00:00,Admitted
P02470,75,Non-Binary,Low,Chemotherapy Monitoring,1.7,Oncology,U005,F01,2026-08-27 21:00:00,Transfer Approved
P02471,30,Female,High,Acute Respiratory Distress,7.4,icu,U006,F02,2026-08-06 12:00:00,Admitted
P02472,41,Male,Low,Septic Shock,,icu,U011,F03,2026-08-20 17:00:00,Pending Transfer
P02473,38,Female,Medium,Bronchiolitis,4.0,Pediatrics,U014,F03,2026-08-20 21:00:00,Admitted
P02474,90,Female,High,Stroke,7.0,EMERGENCY,U002,F01,2026-08-31 16:00:00,Admitted
P02475,74,Male,Low,Febrile Neutropenia,2.3,Oncology,U010,F02,2026-08-05 07:00:00,Transfer Approved
P02476,46,Non-Binary,Low,Pneumonia,3.0,MedSurg,U008,F02,2026-08-15 03:00:00,Admitted
P02477,20,Male,Medium,Pneumonia,3.6,MedSurg,U013,F03,2026-08-11 08:00:00,Admitted
P02478,68,Non-Binary,High,Post-Operative Recovery,6.5,MedSurg,U013,F03,2026-08-24 12:00:00,Admitted
P02479,51,Non-Binary,Low,Cellulitis,1.7,MedSurg,U013,F03,2026-08-19 01:00:00,Admitted
P02480,38,Female,Low,Pneumonia,2.8,EMERGENCY,U003,F01,2026-08-21 20:00:00,Admitted
P02481,54,Female,Critical,Polytrauma,11.3,EMERGENCY,U012,F03,2026-08-15 10:00:00,Pending Transfer
P02482,41,Male,Low,Dehydration,3.1,Pediatrics,U004,F01,2026-08-19 13:00:00,Admitted
P02483,53,Male,Low,Stroke,3.1,EMERGENCY,U007,F02,2026-08-03 22:00:00,Admitted
P02484,19,Non-Binary,High,Post-Operative Recovery,7.8,MedSurg,U013,F03,2026-08-04 22:00:00,Pending Transfer
P02485,31,Female,Critical,Pneumonia,12.3,MedSurg,U003,F01,2026-08-22 05:00:00,Transfer Approved
P02486,46,Male,Medium,Stroke,4.5,EMERGENCY,U007,F02,2026-08-20 12:00:00,Pending Transfer
P02487,39,Non-Binary,High,Cellulitis,7.9,MedSurg,U003,F01,2026-08-27 03:00:00,Admitted
P02488,43,Non-Binary,High,Pediatric Asthma,6.1,EMERGENCY,U014,F03,2026-08-22 11:00:00,Admitted
P02489,91,Non-Binary,Medium,Chemotherapy Monitoring,4.8,Oncology,U010,F02,2026-08-26 22:00:00,Admitted
P02490,34,Non-Binary,Critical,Chemotherapy Monitoring,9.5,Oncology,U005,F01,2026-08-30 03:00:00,Admitted
P02491,-5,Female,Low,Multi-organ Dysfunction,1.7,icu,U006,F02,2026-08-05 17:00:00,Admitted
P02492,37,Female,High,Stroke,5.8,EMERGENCY,U012,F03,2026-08-19 20:00:00,Admitted
P02493,43,Female,Medium,Tumor Lysis Syndrome,4.5,Oncology,U005,F01,2026-08-26 02:00:00,Admitted
P02494,86,Male,High,Pediatric Asthma,7.1,Pediatrics,U009,F02,2026-08-14 08:00:00,Admitted
P02495,91,Non-Binary,Medium,Stroke,5.2,EMERGENCY,U012,F03,2026-08-25 18:00:00,Admitted
P02496,2,Male,Low,Palliative Care,3.3,icu,U015,F03,2026-08-29 16:00:00,Admitted
P02497,88,Male,Low,Dehydration,2.7,Pediatrics,U004,F01,2026-08-17 15:00:00,Admitted
P02498,80,Non-Binary,Low,Febrile Neutropenia,1.8,Oncology,U010,F02,2026-08-20 17:00:00,Transfer Approved
P02499,88,Male,Critical,Acute Myocardial Infarction,10.8,EMERGENCY,U007,F02,2026-08-19 03:00:00,Pending Transfer
P02500,86,Non-Binary,Medium,Chemotherapy Monitoring,5.4,MedSurg,U015,F03,2026-08-15 10:00:00,Admitted
P02501,51,Female,Low,Post-Operative Recovery,2.6,MedSurg,U008,F02,2026-08-19 14:00:00,Admitted
P02502,9,Non-Binary,High,Post-Cardiac Arrest,8.4,icu,U001,F01,2026-08-06 05:00:00,Transfer Approved
P02503,23,Female,Low,Diabetes Complications,1.8,MedSurg,U003,F01,2026-08-16 22:00:00,Discharged
P02504,6,Male,Low,Stroke,3.1,EMERGENCY,U007,F02,2026-08-16 15:00:00,Transfer Approved
P02505,20,Female,High,Polytrauma,6.0,EMERGENCY,U002,F01,2026-08-21 05:00:00,Admitted
P02506,55,Female,Medium,Dehydration,4.0,Pediatrics,U004,F01,2026-08-03 20:00:00,Admitted
P02507,15,Male,Low,Palliative Care,3.1,Oncology,U015,F03,2026-08-14 09:00:00,Admitted
P02508,27,Non-Binary,Critical,Severe Abdominal Pain,9.5,EMERGENCY,U002,F01,2026-08-25 10:00:00,Transfer Approved
P02509,12,Male,High,Tumor Lysis Syndrome,6.9,Oncology,U005,F01,2026-08-31 05:00:00,Admitted
P02510,88,Female,High,Acute Myocardial Infarction,6.8,EMERGENCY,U002,F01,2026-08-12 11:00:00,Admitted
P02511,72,Male,High,Post-Cardiac Arrest,8.4,icu,U011,F03,2026-08-04 17:00:00,Admitted
P02512,64,Female,Low,Chemotherapy Monitoring,2.1,Oncology,U010,F02,2026-08-22 06:00:00,Admitted
P02513,30,Male,Medium,Palliative Care,5.0,Oncology,U005,F01,2026-08-29 04:00:00,Transfer Approved
P02514,31,Non-Binary,Low,Congenital Heart Defect,1.9,Pediatrics,U004,F01,2026-08-24 22:00:00,Admitted
P02515,36,Female,Low,Acute Respiratory Distress,1.5,icu,U001,F01,2026-08-15 22:00:00,Transfer Approved
P02516,54,Male,Medium,Pediatric Asthma,5.4,Pediatrics,U009,F02,2026-08-11 01:00:00,Discharged
P02517,90,Non-Binary,Low,Stroke,2.9,EMERGENCY,U012,F03,2026-08-19 18:00:00,Transfer Approved
P02518,15,Male,Critical,Diabetes Complications,12.8,MedSurg,U013,F03,2026-08-08 21:00:00,Pending Transfer
P02519,32,Female,Medium,Acute Respiratory Distress,3.9,icu,U011,F03,2026-08-03 23:00:00,Admitted
P02520,59,Male,Low,Cellulitis,2.0,MedSurg,U008,F02,2026-08-20 22:00:00,Admitted
P02521,60,Non-Binary,Medium,Bronchiolitis,3.5,MedSurg,U004,F01,2026-08-25 12:00:00,Admitted
P02522,66,Non-Binary,Medium,Post-Cardiac Arrest,5.2,icu,U011,F03,2026-08-06 13:00:00,Admitted
P02523,2,Female,,Acute Myocardial Infarction,5.1,EMERGENCY,U012,F03,2026-08-22 20:00:00,Admitted
P02524,16,Male,Medium,Chemotherapy Monitoring,5.3,Oncology,U005,F01,2026-08-10 00:00:00,Pending Transfer
P02525,42,Male,Medium,Stroke,3.9,EMERGENCY,U007,F02,2026-08-08 10:00:00,Admitted
P02526,25,Female,Low,Polytrauma,2.8,EMERGENCY,U002,F01,2026-08-07 03:00:00,Admitted
P02527,81,Male,Low,Dehydration,2.2,Pediatrics,U009,F02,2026-08-13 23:00:00,Pending Transfer
P02528,38,Male,High,Post-Operative Recovery,6.7,MedSurg,U008,F02,2026-08-20 02:00:00,Admitted
P02529,58,Female,High,Septic Shock,6.8,icu,U006,F02,2026-08-06 18:00:00,Transfer Approved
P02530,10,Male,Low,Pediatric Asthma,2.1,Pediatrics,U009,F02,2026-08-13 00:00:00,Admitted
P02531,21,Male,High,Cellulitis,6.1,MedSurg,U003,F01,2026-08-05 04:00:00,Admitted
P02532,19,Non-Binary,Low,Congenital Heart Defect,2.2,Pediatrics,U014,F03,2026-08-26 04:00:00,Admitted
P02533,23,Female,Medium,Palliative Care,4.5,Oncology,U010,F02,2026-08-22 15:00:00,Pending Transfer
P02534,85,Non-Binary,Low,Acute Myocardial Infarction,3.2,EMERGENCY,U012,F03,2026-08-18 17:00:00,Admitted
P02535,30,Non-Binary,Medium,Multi-organ Dysfunction,5.4,icu,U006,F02,2026-08-08 07:00:00,Admitted
P02536,20,Female,Medium,Post-Cardiac Arrest,4.6,icu,U006,F02,2026-08-02 19:00:00,Admitted
P02537,89,Female,High,Post-Cardiac Arrest,7.4,icu,U011,F03,2026-08-03 00:00:00,Admitted
P02538,48,Non-Binary,Medium,Congenital Heart Defect,4.9,Pediatrics,U004,F01,2026-08-10 07:00:00,Admitted
P02539,13,Male,Low,Chemotherapy Monitoring,2.3,Oncology,U005,F01,2026-08-05 03:00:00,Admitted
P02540,64,Non-Binary,Medium,Polytrauma,4.2,EMERGENCY,U002,F01,2026-08-30 06:00:00,Admitted
P02541,19,Non-Binary,Critical,Tumor Lysis Syndrome,8.9,Oncology,U010,F02,2026-08-22 20:00:00,Admitted
P02542,31,Male,Medium,Post-Cardiac Arrest,4.3,icu,U001,F01,2026-08-15 22:00:00,Admitted
P02543,86,Male,Medium,Cellulitis,5.2,MedSurg,U008,F02,2026-08-31 23:00:00,Admitted
P02544,18,Non-Binary,Critical,Pediatric Asthma,13.0,Pediatrics,U009,F02,2026-08-30 21:00:00,Pending Transfer
P02545,89,Female,Low,Post-Operative Recovery,3.1,MedSurg,U003,F01,2026-08-29 08:00:00,Admitted
P02546,39,Male,High,Diabetes Complications,8.4,MedSurg,U013,F03,2026-08-13 00:00:00,Admitted
P02547,28,Male,Low,Dehydration,1.6,Pediatrics,U009,F02,2026-08-13 02:00:00,Admitted
P02548,90,Female,Low,Bronchiolitis,2.9,Pediatrics,U014,F03,2026-08-26 07:00:00,Pending Transfer
P02549,56,Non-Binary,Medium,Septic Shock,4.0,icu,U006,F02,2026-08-04 05:00:00,Admitted
P02550,70,Non-Binary,Medium,Palliative Care,3.9,Oncology,U005,F01,2026-08-11 00:00:00,Pending Transfer
P02551,25,Non-Binary,Medium,Cellulitis,4.6,MedSurg,U003,F01,2026-08-28 18:00:00,Pending Transfer
P02552,25,Male,High,Polytrauma,7.6,EMERGENCY,U007,F02,2026-08-15 23:00:00,Admitted
P02553,67,Female,Medium,Dehydration,5.2,Pediatrics,U009,F02,2026-08-09 10:00:00,Admitted
P02554,47,Female,Low,Severe Abdominal Pain,2.9,EMERGENCY,U007,F02,2026-08-28 08:00:00,Admitted
P02555,19,Male,High,Post-Operative Recovery,7.7,MedSurg,U013,F03,2026-08-14 12:00:00,Pending Transfer
P02556,62,Female,Low,Acute Respiratory Distress,1.6,icu,U001,F01,2026-08-25 00:00:00,Transfer Approved
P02557,47,Non-Binary,Low,Post-Cardiac Arrest,1.6,icu,U001,F01,2026-08-02 17:00:00,Admitted
P02558,69,Non-Binary,Critical,Febrile Neutropenia,10.2,Oncology,U015,F03,2026-08-09 09:00:00,Transfer Approved
P02559,39,Male,High,Septic Shock,5.9,icu,U006,F02,2026-08-08 09:00:00,Admitted
P02560,16,Male,Low,Diabetes Complications,2.2,MedSurg,U003,F01,2026-08-31 17:00:00,Admitted
P02561,44,Non-Binary,Medium,Septic Shock,,icu,U011,F03,2026-08-29 18:00:00,Transfer Approved
P02562,46,Female,Low,Cellulitis,2.0,MedSurg,U003,F01,2026-08-09 21:00:00,Admitted
P02563,73,Female,Medium,Post-Cardiac Arrest,4.7,icu,U006,F02,2026-08-22 10:00:00,Admitted
P02564,8,Female,Medium,Polytrauma,5.4,EMERGENCY,U012,F03,2026-08-30 22:00:00,Transfer Approved
P02565,11,Non-Binary,Low,Diabetes Complications,3.0,MedSurg,U013,F03,2026-08-18 22:00:00,Admitted
P02566,87,Non-Binary,Low,Severe Abdominal Pain,1.7,EMERGENCY,U007,F02,2026-08-10 02:00:00,Admitted
P02567,26,Female,Medium,Diabetes Complications,3.5,MedSurg,U013,F03,2026-08-04 13:00:00,Admitted
P02568,72,Male,High,Congenital Heart Defect,5.5,Pediatrics,U009,F02,2026-08-24 08:00:00,Admitted
P02569,62,Male,Low,Acute Myocardial Infarction,2.9,EMERGENCY,U002,F01,2026-08-14 12:00:00,Pending Transfer
P02570,91,Non-Binary,Low,Stroke,2.0,EMERGENCY,U007,F02,2026-08-29 03:00:00,Pending Transfer
P02571,34,Male,Critical,Bronchiolitis,9.3,Pediatrics,U014,F03,2026-08-10 21:00:00,Pending Transfer
P02572,48,Female,Medium,Post-Operative Recovery,5.4,MedSurg,U003,F01,2026-08-26 16:00:00,Admitted
P02573,15,Female,High,Tumor Lysis Syndrome,6.3,Oncology,U010,F02,2026-08-03 08:00:00,Admitted
P02574,36,Male,Critical,Post-Operative Recovery,13.4,MedSurg,U013,F03,2026-08-10 03:00:00,Admitted
P02575,78,Female,High,Bronchiolitis,8.2,Pediatrics,U014,F03,2026-08-15 15:00:00,Admitted
P02576,69,Female,Critical,Febrile Neutropenia,11.3,Oncology,U010,F02,2026-08-18 09:00:00,Admitted
P02577,26,Non-Binary,Low,Septic Shock,3.3,Oncology,U001,F01,2026-08-09 20:00:00,Admitted
P02578,52,Non-Binary,Low,Multi-organ Dysfunction,3.0,icu,U001,F01,2026-08-28 10:00:00,Admitted
P02579,74,Non-Binary,Medium,Multi-organ Dysfunction,3.5,icu,U011,F03,2026-08-27 22:00:00,Discharged
P02580,36,Male,Medium,Cellulitis,4.6,MedSurg,U013,F03,2026-08-12 09:00:00,Admitted
P02581,86,Female,Low,Dehydration,3.0,Pediatrics,U009,F02,2026-08-21 08:00:00,Pending Transfer
P02582,36,Female,Medium,Febrile Neutropenia,5.4,Oncology,U015,F03,2026-08-08 03:00:00,Admitted
P02583,66,Male,Medium,Multi-organ Dysfunction,4.3,icu,U001,F01,2026-08-01 10:00:00,Admitted
P02584,29,Male,Low,Congenital Heart Defect,2.4,Pediatrics,U014,F03,2026-08-24 06:00:00,Admitted
P02585,12,Male,Medium,Polytrauma,4.3,EMERGENCY,U012,F03,2026-08-11 23:00:00,Admitted
P02586,87,Female,Critical,Acute Respiratory Distress,13.3,icu,U011,F03,2026-08-30 13:00:00,Admitted
P02587,20,Non-Binary,Medium,Febrile Neutropenia,4.5,MedSurg,U010,F02,2026-08-02 02:00:00,Admitted
P02588,11,Female,Low,Post-Cardiac Arrest,1.6,icu,U011,F03,2026-08-22 00:00:00,Transfer Approved
P02589,7,Non-Binary,High,Pneumonia,6.6,MedSurg,U013,F03,2026-08-03 03:00:00,Admitted
P02590,41,Female,Low,Post-Operative Recovery,2.7,MedSurg,U003,F01,2026-08-08 10:00:00,Transfer Approved
P02591,71,Female,Medium,Palliative Care,3.6,Oncology,U015,F03,2026-08-16 09:00:00,Admitted
P02592,66,Female,Medium,Stroke,4.4,EMERGENCY,U007,F02,2026-08-31 10:00:00,Admitted
P02593,82,Female,Low,Pediatric Asthma,1.6,Pediatrics,U004,F01,2026-08-11 03:00:00,Discharged
P02594,4,Non-Binary,Low,Severe Abdominal Pain,1.7,EMERGENCY,U002,F01,2026-08-14 07:00:00,Admitted
P02595,76,Female,Low,Septic Shock,2.3,icu,U006,F02,2026-08-25 15:00:00,Admitted
P02596,64,Male,Medium,Post-Cardiac Arrest,3.9,icu,U001,F01,2026-08-03 14:00:00,Admitted
P02597,86,Male,High,Severe Abdominal Pain,6.4,EMERGENCY,U012,F03,2026-08-03 23:00:00,Pending Transfer
P02598,31,Male,Low,Multi-organ Dysfunction,2.8,icu,U001,F01,2026-08-31 02:00:00,Admitted
P02599,47,Female,Medium,Pediatric Asthma,4.2,Pediatrics,U014,F03,2026-08-18 03:00:00,Admitted
P02600,7,Female,Low,Pediatric Asthma,2.1,Pediatrics,U014,F03,2026-08-01 01:00:00,Admitted
P02601,34,Male,Critical,Pneumonia,9.9,MedSurg,U008,F02,2026-08-09 19:00:00,Admitted
P02602,44,Non-Binary,High,Pediatric Asthma,,Pediatrics,U009,F02,2026-08-10 20:00:00,Admitted
P02603,87,Female,Low,Stroke,1.9,EMERGENCY,U012,F03,2026-08-12 05:00:00,Pending Transfer
P02604,66,Non-Binary,Critical,Acute Respiratory Distress,11.1,icu,U001,F01,2026-08-17 16:00:00,Admitted
P02605,67,Female,Critical,Post-Operative Recovery,9.6,Oncology,U003,F01,2026-08-24 09:00:00,Admitted
P02606,53,Non-Binary,High,Diabetes Complications,7.5,MedSurg,U003,F01,2026-08-27 21:00:00,Transfer Approved
P02607,1,Non-Binary,Medium,Febrile Neutropenia,3.8,Oncology,U010,F02,2026-08-12 22:00:00,Pending Transfer
P02608,88,Female,Medium,Cellulitis,3.7,Oncology,U003,F01,2026-08-24 18:00:00,Admitted
P02609,11,Female,Low,Septic Shock,1.7,icu,U006,F02,2026-08-24 06:00:00,Admitted
P02610,83,Male,Low,Severe Abdominal Pain,1.8,EMERGENCY,U012,F03,2026-08-06 21:00:00,Transfer Approved
P02611,64,Male,Low,Pediatric Asthma,2.2,MedSurg,U014,F03,2026-08-31 01:00:00,Admitted
P02612,41,Female,Medium,Severe Abdominal Pain,3.8,EMERGENCY,U002,F01,2026-08-05 22:00:00,Admitted
P02613,62,Male,Low,Pneumonia,3.2,MedSurg,U003,F01,2026-08-06 18:00:00,Admitted
P02614,15,Non-Binary,Low,Tumor Lysis Syndrome,3.4,MedSurg,U005,F01,2026-08-29 12:00:00,Admitted
P02615,53,Male,Low,Pediatric Asthma,2.9,Pediatrics,U004,F01,2026-08-16 21:00:00,Pending Transfer
P02616,91,Male,High,Dehydration,8.1,Pediatrics,U009,F02,2026-08-01 14:00:00,Transfer Approved
P02617,62,Non-Binary,Critical,Post-Operative Recovery,10.5,MedSurg,U013,F03,2026-08-31 18:00:00,Admitted
P02618,30,Male,High,Severe Abdominal Pain,6.3,EMERGENCY,U012,F03,2026-08-19 13:00:00,Pending Transfer
P02619,65,Female,Low,Pneumonia,1.9,MedSurg,U003,F01,2026-08-24 05:00:00,Admitted
P02620,82,Female,Medium,Tumor Lysis Syndrome,5.4,Oncology,U010,F02,2026-08-16 21:00:00,Pending Transfer
P02621,87,Non-Binary,High,Stroke,7.1,Oncology,U007,F02,2026-08-08 09:00:00,Discharged
P02622,55,Female,,Post-Cardiac Arrest,6.9,icu,U006,F02,2026-08-27 21:00:00,Pending Transfer
P02623,22,Non-Binary,Low,Acute Myocardial Infarction,1.7,EMERGENCY,U007,F02,2026-08-24 15:00:00,Pending Transfer
P02624,89,Male,Low,Palliative Care,2.0,Oncology,U005,F01,2026-08-18 14:00:00,Pending Transfer
P02625,73,Male,Medium,Diabetes Complications,3.8,MedSurg,U008,F02,2026-08-24 22:00:00,Admitted
P02626,90,Male,Low,Post-Cardiac Arrest,2.6,icu,U011,F03,2026-08-01 18:00:00,Admitted
P02627,44,Female,Critical,Diabetes Complications,13.1,MedSurg,U008,F02,2026-08-14 05:00:00,Admitted
P02628,78,Male,Critical,Post-Operative Recovery,10.0,MedSurg,U008,F02,2026-08-13 05:00:00,Admitted
P02629,25,Female,Medium,Multi-organ Dysfunction,4.0,icu,U006,F02,2026-08-28 13:00:00,Discharged
P02630,45,Non-Binary,Low,Septic Shock,2.3,icu,U001,F01,2026-08-05 04:00:00,Admitted
P02631,46,Female,Critical,Congenital Heart Defect,11.5,Pediatrics,U004,F01,2026-08-18 20:00:00,Transfer Approved
P02632,26,Non-Binary,Medium,Bronchiolitis,4.4,Pediatrics,U009,F02,2026-08-20 19:00:00,Admitted
P02633,76,Male,Medium,Diabetes Complications,3.8,MedSurg,U003,F01,2026-08-27 15:00:00,Admitted
P02634,89,Male,High,Diabetes Complications,8.3,MedSurg,U008,F02,2026-08-30 13:00:00,Transfer Approved
P02635,6,Male,High,Severe Abdominal Pain,6.8,EMERGENCY,U007,F02,2026-08-07 21:00:00,Pending Transfer
P02636,28,Female,Medium,Multi-organ Dysfunction,5.4,icu,U011,F03,2026-08-07 08:00:00,Admitted
P02637,14,Non-Binary,Low,Dehydration,2.1,Pediatrics,U009,F02,2026-08-08 18:00:00,Admitted
P02638,25,Female,Low,Post-Cardiac Arrest,1.7,icu,U001,F01,2026-08-30 09:00:00,Pending Transfer
P02639,78,Male,Low,Febrile Neutropenia,2.3,Oncology,U015,F03,2026-08-06 17:00:00,Transfer Approved
P02640,3,Female,High,Cellulitis,6.5,MedSurg,U013,F03,2026-08-12 23:00:00,Admitted
P02641,5,Female,High,Palliative Care,6.0,Oncology,U015,F03,2026-08-19 16:00:00,Admitted
P02642,85,Non-Binary,Low,Diabetes Complications,3.3,MedSurg,U008,F02,2026-08-09 21:00:00,Discharged
P02643,88,Male,Medium,Pneumonia,4.3,MedSurg,U003,F01,2026-08-16 20:00:00,Admitted
P02644,72,Male,High,Polytrauma,6.1,EMERGENCY,U007,F02,2026-08-16 14:00:00,Admitted
P02645,29,Male,High,Pneumonia,7.0,MedSurg,U003,F01,2026-08-06 02:00:00,Admitted
P02646,83,Female,High,Septic Shock,7.1,icu,U006,F02,2026-08-01 05:00:00,Pending Transfer
P02647,70,Non-Binary,Medium,Congenital Heart Defect,4.9,Pediatrics,U009,F02,2026-08-17 00:00:00,Admitted
P02648,43,Non-Binary,Critical,Cellulitis,13.7,EMERGENCY,U008,F02,2026-08-26 12:00:00,Admitted
P02649,9,Non-Binary,Low,Post-Operative Recovery,1.7,Oncology,U013,F03,2026-08-24 08:00:00,Transfer Approved
P02650,77,Male,Low,Septic Shock,2.6,icu,U006,F02,2026-08-20 19:00:00,Admitted
P02651,11,Non-Binary,Low,Dehydration,2.5,Pediatrics,U009,F02,2026-08-30 11:00:00,Transfer Approved
P02652,43,Male,Low,Post-Cardiac Arrest,2.5,icu,U001,F01,2026-08-02 08:00:00,Admitted
P02653,27,Non-Binary,Low,Bronchiolitis,2.3,EMERGENCY,U009,F02,2026-08-07 03:00:00,Discharged
P02654,61,Female,High,Diabetes Complications,5.9,MedSurg,U008,F02,2026-08-30 21:00:00,Transfer Approved
P02655,20,Female,High,Septic Shock,6.5,icu,U006,F02,2026-08-13 22:00:00,Admitted
P02656,53,Non-Binary,Medium,Severe Abdominal Pain,4.3,EMERGENCY,U007,F02,2026-08-03 03:00:00,Admitted
P02657,27,Non-Binary,High,Post-Operative Recovery,8.1,MedSurg,U003,F01,2026-08-23 12:00:00,Admitted
P02658,59,Female,Low,Tumor Lysis Syndrome,3.0,Oncology,U005,F01,2026-08-20 10:00:00,Pending Transfer
P02659,51,Female,Medium,Post-Operative Recovery,3.6,MedSurg,U003,F01,2026-08-01 06:00:00,Admitted
P02660,18,Female,Low,Palliative Care,1.6,Oncology,U010,F02,2026-08-26 04:00:00,Admitted
P02661,5,Non-Binary,Medium,Pneumonia,5.0,MedSurg,U013,F03,2026-08-10 12:00:00,Admitted
P02662,39,Male,Low,Stroke,1.5,EMERGENCY,U012,F03,2026-08-13 16:00:00,Pending Transfer
P02663,24,Female,Low,Septic Shock,3.0,icu,U011,F03,2026-08-06 15:00:00,Admitted
P02664,8,Male,High,Dehydration,6.2,Pediatrics,U004,F01,2026-08-03 12:00:00,Admitted
P02665,36,Male,Critical,Chemotherapy Monitoring,10.3,Oncology,U005,F01,2026-08-07 06:00:00,Admitted
P02666,85,Non-Binary,Medium,Congenital Heart Defect,4.8,Pediatrics,U004,F01,2026-08-23 23:00:00,Admitted
P02667,30,Male,Low,Septic Shock,2.0,icu,U011,F03,2026-08-03 06:00:00,Discharged
P02668,15,Female,Medium,Pneumonia,4.8,MedSurg,U003,F01,2026-08-23 05:00:00,Admitted
P02669,35,Female,High,Diabetes Complications,7.2,MedSurg,U013,F03,2026-08-10 11:00:00,Admitted
P02670,28,Female,High,Severe Abdominal Pain,6.0,EMERGENCY,U012,F03,2026-08-15 22:00:00,Admitted
P02671,13,Male,Low,Acute Respiratory Distress,1.9,EMERGENCY,U006,F02,2026-08-10 12:00:00,Admitted
P02672,58,Non-Binary,High,Acute Myocardial Infarction,6.1,EMERGENCY,U002,F01,2026-08-16 17:00:00,Transfer Approved
P02673,73,Male,Medium,Tumor Lysis Syndrome,4.0,Oncology,U010,F02,2026-08-31 02:00:00,Admitted
P02674,21,Non-Binary,Medium,Multi-organ Dysfunction,5.2,icu,U001,F01,2026-08-08 00:00:00,Admitted
P02675,32,Male,Medium,Dehydration,4.5,Pediatrics,U009,F02,2026-08-05 14:00:00,Admitted
P02676,62,Female,Low,Cellulitis,2.1,MedSurg,U008,F02,2026-08-16 18:00:00,Admitted
P02677,35,Male,Medium,Acute Respiratory Distress,4.1,icu,U011,F03,2026-08-03 10:00:00,Admitted
P02678,77,Non-Binary,Low,Bronchiolitis,3.0,Pediatrics,U014,F03,2026-08-24 18:00:00,Admitted
P02679,79,Male,Medium,Acute Respiratory Distress,4.4,icu,U011,F03,2026-08-29 16:00:00,Admitted
P02680,82,Male,Medium,Acute Respiratory Distress,4.1,EMERGENCY,U001,F01,2026-08-29 15:00:00,Admitted
P02681,72,Female,High,Diabetes Complications,7.7,MedSurg,U003,F01,2026-08-20 22:00:00,Admitted
P02682,64,Non-Binary,Low,Polytrauma,3.1,EMERGENCY,U012,F03,2026-08-14 01:00:00,Admitted
P02683,30,Male,Medium,Severe Abdominal Pain,5.0,EMERGENCY,U002,F01,2026-08-16 11:00:00,Transfer Approved
P02684,22,Female,Low,Febrile Neutropenia,3.2,Oncology,U015,F03,2026-08-28 12:00:00,Admitted
P02685,76,Non-Binary,Low,Post-Operative Recovery,3.0,MedSurg,U003,F01,2026-08-31 14:00:00,Transfer Approved
P02686,79,Male,High,Cellulitis,5.7,MedSurg,U008,F02,2026-08-03 15:00:00,Admitted
P02687,11,Male,Critical,Congenital Heart Defect,13.9,Pediatrics,U014,F03,2026-08-10 07:00:00,Admitted
P02688,68,Male,Medium,Chemotherapy Monitoring,4.1,Oncology,U015,F03,2026-08-26 20:00:00,Pending Transfer
P02689,22,Female,High,Stroke,5.9,EMERGENCY,U012,F03,2026-08-10 02:00:00,Discharged
P02690,11,Non-Binary,Medium,Pediatric Asthma,5.3,Pediatrics,U014,F03,2026-08-18 15:00:00,Pending Transfer
P02691,69,Female,High,Dehydration,6.5,Pediatrics,U009,F02,2026-08-05 05:00:00,Pending Transfer
P02692,27,Non-Binary,High,Severe Abdominal Pain,6.9,EMERGENCY,U002,F01,2026-08-14 10:00:00,Admitted
P02693,26,Non-Binary,Medium,Multi-organ Dysfunction,3.7,icu,U006,F02,2026-08-02 10:00:00,Pending Transfer
P02694,60,Female,Medium,Diabetes Complications,4.9,MedSurg,U013,F03,2026-08-07 00:00:00,Admitted
P02695,86,Non-Binary,Medium,Multi-organ Dysfunction,4.4,icu,U011,F03,2026-08-11 23:00:00,Admitted
P02696,34,Female,High,Diabetes Complications,5.9,MedSurg,U003,F01,2026-08-27 13:00:00,Admitted
P02697,7,Non-Binary,Medium,Severe Abdominal Pain,3.5,EMERGENCY,U002,F01,2026-08-17 02:00:00,Admitted
P02698,58,Female,Low,Acute Myocardial Infarction,2.0,Oncology,U002,F01,2026-08-27 08:00:00,Admitted
P02699,78,Female,Low,Cellulitis,2.1,MedSurg,U003,F01,2026-08-10 18:00:00,Admitted
P02700,40,Female,Critical,Congenital Heart Defect,11.3,Pediatrics,U014,F03,2026-08-06 16:00:00,Discharged
P02701,56,Female,Low,Chemotherapy Monitoring,3.0,Oncology,U015,F03,2026-08-21 09:00:00,Transfer Approved
P02702,65,Male,High,Pneumonia,99.0,MedSurg,U003,F01,2026-08-03 19:00:00,Admitted
P02703,25,Male,Medium,Pneumonia,4.7,MedSurg,U003,F01,2026-08-25 07:00:00,Pending Transfer
P02704,45,Male,Low,Severe Abdominal Pain,2.9,EMERGENCY,U002,F01,2026-08-05 06:00:00,Admitted
P02705,74,Female,High,Polytrauma,5.8,EMERGENCY,U002,F01,2026-08-03 18:00:00,Admitted
P02706,23,Male,Medium,Pneumonia,3.6,MedSurg,U008,F02,2026-08-09 16:00:00,Admitted
P02707,48,Male,Low,Chemotherapy Monitoring,2.6,Pediatrics,U015,F03,2026-08-24 10:00:00,Admitted
P02708,3,Female,Medium,Diabetes Complications,4.7,MedSurg,U013,F03,2026-08-13 18:00:00,Transfer Approved
P02709,8,Male,Low,Congenital Heart Defect,1.8,Pediatrics,U014,F03,2026-08-04 07:00:00,Admitted
P02710,56,Male,Medium,Post-Cardiac Arrest,5.4,Oncology,U001,F01,2026-08-26 08:00:00,Transfer Approved
P02711,67,Non-Binary,Low,Multi-organ Dysfunction,2.1,icu,U001,F01,2026-08-16 02:00:00,Pending Transfer
P02712,45,Non-Binary,Medium,Stroke,,EMERGENCY,U007,F02,2026-08-04 08:00:00,Admitted
P02713,43,Male,Medium,Palliative Care,4.2,Oncology,U015,F03,2026-08-27 10:00:00,Admitted
P02714,8,Non-Binary,Medium,Chemotherapy Monitoring,4.7,icu,U015,F03,2026-08-27 04:00:00,Admitted
P02715,90,Female,Low,Febrile Neutropenia,2.5,Oncology,U005,F01,2026-08-02 17:00:00,Admitted
P02716,64,Female,High,Cellulitis,6.7,MedSurg,U008,F02,2026-08-06 12:00:00,Admitted
P02717,61,Non-Binary,Low,Stroke,2.6,EMERGENCY,U012,F03,2026-08-11 01:00:00,Admitted
P02718,39,Male,Low,Chemotherapy Monitoring,3.3,Oncology,U010,F02,2026-08-19 23:00:00,Admitted
P02719,79,Male,Low,Dehydration,1.6,Pediatrics,U004,F01,2026-08-20 03:00:00,Admitted
P02720,92,Female,Medium,Diabetes Complications,3.7,MedSurg,U013,F03,2026-08-04 01:00:00,Discharged
P02721,14,Female,Low,Chemotherapy Monitoring,2.9,Oncology,U005,F01,2026-08-16 12:00:00,Admitted
P02722,58,Female,Low,Acute Respiratory Distress,2.0,icu,U011,F03,2026-08-12 11:00:00,Admitted
P02723,59,Female,Medium,Severe Abdominal Pain,3.7,EMERGENCY,U012,F03,2026-08-28 09:00:00,Admitted
P02724,38,Non-Binary,Low,Febrile Neutropenia,2.5,Oncology,U015,F03,2026-08-10 19:00:00,Admitted
P02725,13,Non-Binary,Medium,Bronchiolitis,4.8,Pediatrics,U009,F02,2026-08-16 21:00:00,Admitted
P02726,60,Female,Medium,Septic Shock,4.8,icu,U006,F02,2026-08-07 19:00:00,Admitted
P02727,74,Non-Binary,Low,Diabetes Complications,2.9,MedSurg,U003,F01,2026-08-27 06:00:00,Admitted
P02728,22,Female,High,Post-Cardiac Arrest,7.1,icu,U006,F02,2026-08-30 12:00:00,Pending Transfer
P02729,53,Male,High,Post-Operative Recovery,7.1,MedSurg,U008,F02,2026-08-17 18:00:00,Pending Transfer
P02730,4,Male,High,Multi-organ Dysfunction,7.5,icu,U006,F02,2026-08-11 01:00:00,Admitted
P02731,26,Female,Low,Cellulitis,2.1,MedSurg,U008,F02,2026-08-10 17:00:00,Admitted
P02732,35,Non-Binary,Low,Polytrauma,3.2,EMERGENCY,U002,F01,2026-08-04 03:00:00,Admitted
P02733,71,Female,High,Dehydration,6.6,Pediatrics,U004,F01,2026-08-28 13:00:00,Admitted
P02734,70,Non-Binary,High,Pneumonia,6.7,MedSurg,U013,F03,2026-08-28 02:00:00,Admitted
P02735,69,Male,Medium,Acute Respiratory Distress,3.6,icu,U006,F02,2026-08-04 09:00:00,Admitted
P02736,1,Non-Binary,Low,Stroke,2.8,EMERGENCY,U012,F03,2026-08-24 17:00:00,Admitted
P02737,84,Male,High,Tumor Lysis Syndrome,5.6,Oncology,U005,F01,2026-08-02 09:00:00,Pending Transfer
P02738,57,Female,High,Polytrauma,8.0,EMERGENCY,U007,F02,2026-08-17 02:00:00,Pending Transfer
P02739,11,Female,High,Diabetes Complications,7.0,MedSurg,U013,F03,2026-08-18 16:00:00,Pending Transfer
P02740,85,Non-Binary,Low,Tumor Lysis Syndrome,2.4,Oncology,U005,F01,2026-08-08 23:00:00,Admitted
P02741,29,Female,Low,Stroke,2.2,EMERGENCY,U012,F03,2026-08-05 20:00:00,Admitted
P02742,88,Non-Binary,Critical,Stroke,13.5,EMERGENCY,U002,F01,2026-08-14 23:00:00,Admitted
P02743,59,Male,Low,Chemotherapy Monitoring,2.4,Oncology,U010,F02,2026-08-12 09:00:00,Admitted
P02744,59,Non-Binary,High,Post-Cardiac Arrest,5.7,EMERGENCY,U001,F01,2026-08-16 04:00:00,Admitted
P02745,25,Male,Low,Septic Shock,3.4,icu,U006,F02,2026-08-25 02:00:00,Transfer Approved
P02746,45,Male,Low,Post-Operative Recovery,2.9,MedSurg,U008,F02,2026-08-23 19:00:00,Admitted
P02747,49,Non-Binary,Low,Acute Myocardial Infarction,2.8,EMERGENCY,U002,F01,2026-08-14 21:00:00,Admitted
P02748,78,Female,Medium,Stroke,4.1,EMERGENCY,U007,F02,2026-08-22 18:00:00,Admitted
P02749,61,Female,Critical,Febrile Neutropenia,10.4,Oncology,U015,F03,2026-08-23 16:00:00,Pending Transfer
P02750,73,Non-Binary,Medium,Severe Abdominal Pain,4.3,EMERGENCY,U012,F03,2026-08-09 22:00:00,Admitted
P02751,92,Female,Medium,Multi-organ Dysfunction,3.6,icu,U001,F01,2026-08-20 20:00:00,Admitted
P02752,67,Male,Critical,Acute Respiratory Distress,11.0,icu,U006,F02,2026-08-23 01:00:00,Admitted
P02753,77,Female,Low,Severe Abdominal Pain,2.5,EMERGENCY,U007,F02,2026-08-12 15:00:00,Transfer Approved
P02754,89,Male,Medium,Febrile Neutropenia,5.3,Oncology,U015,F03,2026-08-22 09:00:00,Admitted
P02755,79,Non-Binary,Medium,Pneumonia,4.4,MedSurg,U003,F01,2026-08-15 16:00:00,Admitted
P02756,55,Non-Binary,Low,Congenital Heart Defect,1.6,Pediatrics,U009,F02,2026-08-02 14:00:00,Pending Transfer
P02757,74,Non-Binary,Low,Febrile Neutropenia,2.6,Oncology,U010,F02,2026-08-25 00:00:00,Admitted
P02758,61,Non-Binary,Low,Diabetes Complications,2.4,icu,U008,F02,2026-08-30 13:00:00,Admitted
P02759,17,Non-Binary,Low,Stroke,3.0,EMERGENCY,U012,F03,2026-08-06 09:00:00,Admitted
P02760,16,Male,Medium,Acute Respiratory Distress,5.1,icu,U001,F01,2026-08-19 14:00:00,Discharged
P02761,63,Non-Binary,Low,Palliative Care,1.9,Oncology,U010,F02,2026-08-08 16:00:00,Admitted
P02762,53,Male,High,Bronchiolitis,7.2,EMERGENCY,U004,F01,2026-08-19 21:00:00,Pending Transfer
P02763,26,Female,Medium,Acute Respiratory Distress,5.0,icu,U001,F01,2026-08-07 07:00:00,Admitted
P02764,18,Female,Medium,Pediatric Asthma,4.4,Pediatrics,U014,F03,2026-08-04 08:00:00,Discharged
P02765,49,Female,Medium,Bronchiolitis,4.4,Pediatrics,U014,F03,2026-08-30 02:00:00,Admitted
P02766,62,Female,High,Stroke,6.9,EMERGENCY,U012,F03,2026-08-23 14:00:00,Admitted
P02767,80,Male,High,Acute Respiratory Distress,8.3,icu,U001,F01,2026-08-27 16:00:00,Pending Transfer
P02768,2,Male,Medium,Cellulitis,5.4,MedSurg,U003,F01,2026-08-07 10:00:00,Transfer Approved
P02769,32,Non-Binary,Medium,Cellulitis,5.4,MedSurg,U003,F01,2026-08-18 00:00:00,Admitted
P02770,77,Non-Binary,Low,Febrile Neutropenia,2.5,Oncology,U005,F01,2026-08-23 20:00:00,Admitted
P02771,32,Non-Binary,High,Septic Shock,5.5,icu,U006,F02,2026-08-19 16:00:00,Admitted
P02772,8,Non-Binary,Low,Tumor Lysis Syndrome,3.2,Oncology,U015,F03,2026-08-28 09:00:00,Admitted
P02773,63,Non-Binary,Critical,Pediatric Asthma,12.6,Pediatrics,U004,F01,2026-08-30 01:00:00,Transfer Approved
P02774,28,Male,Low,Palliative Care,2.9,Oncology,U010,F02,2026-08-17 12:00:00,Discharged
P02775,72,Male,Low,Post-Operative Recovery,3.1,MedSurg,U013,F03,2026-08-05 02:00:00,Admitted
P02776,42,Non-Binary,Low,Stroke,2.6,EMERGENCY,U002,F01,2026-08-21 11:00:00,Discharged
P02777,13,Non-Binary,Medium,Acute Respiratory Distress,4.1,Oncology,U011,F03,2026-08-30 10:00:00,Admitted
P02778,16,Male,Medium,Acute Myocardial Infarction,3.5,EMERGENCY,U002,F01,2026-08-13 02:00:00,Pending Transfer
P02779,24,Male,Low,Tumor Lysis Syndrome,3.0,Oncology,U005,F01,2026-08-20 19:00:00,Admitted
P02780,29,Female,Low,Diabetes Complications,3.4,MedSurg,U013,F03,2026-08-08 01:00:00,Admitted
P02781,84,Male,Medium,Pediatric Asthma,4.2,Pediatrics,U014,F03,2026-08-22 03:00:00,Discharged
P02782,56,Female,Low,Pediatric Asthma,2.2,Pediatrics,U004,F01,2026-08-29 06:00:00,Admitted
P02783,76,Male,Medium,Cellulitis,4.9,icu,U008,F02,2026-08-08 20:00:00,Admitted
P02784,68,Male,Medium,Pediatric Asthma,5.1,Pediatrics,U014,F03,2026-08-01 04:00:00,Discharged
P02785,43,Female,Low,Congenital Heart Defect,2.7,Pediatrics,U009,F02,2026-08-15 19:00:00,Pending Transfer
P02786,91,Male,High,Congenital Heart Defect,6.9,Pediatrics,U009,F02,2026-08-28 14:00:00,Admitted
P02787,81,Male,Low,Dehydration,3.4,Pediatrics,U009,F02,2026-08-16 05:00:00,Admitted
P02788,51,Non-Binary,High,Acute Respiratory Distress,6.8,icu,U006,F02,2026-08-25 19:00:00,Transfer Approved
P02789,66,Non-Binary,High,Febrile Neutropenia,7.6,Oncology,U010,F02,2026-08-28 16:00:00,Admitted
P02790,62,Non-Binary,Low,Cellulitis,3.1,MedSurg,U003,F01,2026-08-30 03:00:00,Admitted
P02791,29,Female,Medium,Cellulitis,4.3,MedSurg,U003,F01,2026-08-23 15:00:00,Admitted
P02792,87,Male,Low,Pneumonia,1.7,MedSurg,U003,F01,2026-08-19 18:00:00,Pending Transfer
P02793,9,Female,Medium,Febrile Neutropenia,3.9,Oncology,U005,F01,2026-08-12 07:00:00,Admitted
P02794,86,Non-Binary,High,Dehydration,6.2,EMERGENCY,U014,F03,2026-08-25 19:00:00,Admitted
P02795,5,Non-Binary,High,Cellulitis,,Pediatrics,U008,F02,2026-08-21 00:00:00,Admitted
P02796,75,Non-Binary,Medium,Pneumonia,4.6,MedSurg,U008,F02,2026-08-19 05:00:00,Admitted
P02797,9,Female,Medium,Tumor Lysis Syndrome,4.7,Oncology,U005,F01,2026-08-08 06:00:00,Admitted
P02798,74,Non-Binary,Medium,Congenital Heart Defect,4.7,Pediatrics,U009,F02,2026-08-09 20:00:00,Admitted
P02799,54,Male,Medium,Stroke,4.7,EMERGENCY,U002,F01,2026-08-05 03:00:00,Admitted
P02800,87,Female,High,Bronchiolitis,5.6,MedSurg,U014,F03,2026-08-25 19:00:00,Admitted
P02801,75,Female,Low,Acute Myocardial Infarction,2.5,EMERGENCY,U002,F01,2026-08-31 04:00:00,Transfer Approved
P02802,21,Male,Medium,Pneumonia,3.7,icu,U013,F03,2026-08-31 19:00:00,Admitted
P02803,2,Female,High,Diabetes Complications,8.2,MedSurg,U008,F02,2026-08-23 06:00:00,Admitted
P02804,70,Male,Low,Tumor Lysis Syndrome,2.4,Oncology,U015,F03,2026-08-09 02:00:00,Pending Transfer
P02805,62,Male,Medium,Acute Respiratory Distress,4.1,icu,U001,F01,2026-08-11 21:00:00,Transfer Approved
P02806,84,Male,Medium,Tumor Lysis Syndrome,4.6,Oncology,U010,F02,2026-08-03 15:00:00,Admitted
P02807,34,Male,High,Acute Myocardial Infarction,6.5,EMERGENCY,U002,F01,2026-08-23 08:00:00,Pending Transfer
P02808,91,Female,High,Acute Respiratory Distress,7.2,Oncology,U006,F02,2026-08-28 00:00:00,Transfer Approved
P02809,65,Female,Medium,Chemotherapy Monitoring,5.0,Oncology,U010,F02,2026-08-27 20:00:00,Admitted
P02810,70,Male,High,Severe Abdominal Pain,6.1,EMERGENCY,U012,F03,2026-08-09 22:00:00,Discharged
P02811,89,Male,Medium,Bronchiolitis,5.3,Pediatrics,U009,F02,2026-08-13 19:00:00,Pending Transfer
P02812,44,Female,Medium,Palliative Care,4.7,Oncology,U010,F02,2026-08-25 14:00:00,Admitted
P02813,20,Non-Binary,Medium,Post-Cardiac Arrest,4.6,icu,U006,F02,2026-08-02 01:00:00,Admitted
P02814,68,Male,High,Severe Abdominal Pain,6.6,EMERGENCY,U002,F01,2026-08-17 17:00:00,Admitted
P02815,44,Non-Binary,High,Bronchiolitis,5.7,Pediatrics,U004,F01,2026-08-06 08:00:00,Admitted
P02816,87,Female,Low,Diabetes Complications,1.7,MedSurg,U013,F03,2026-08-25 23:00:00,Admitted
P02817,13,Non-Binary,Low,Post-Cardiac Arrest,2.9,icu,U011,F03,2026-08-17 13:00:00,Discharged
P02818,56,Male,Low,Multi-organ Dysfunction,2.9,icu,U001,F01,2026-08-07 13:00:00,Transfer Approved
P02819,49,Non-Binary,Critical,Febrile Neutropenia,8.9,Oncology,U010,F02,2026-08-13 22:00:00,Pending Transfer
P02820,25,Female,Medium,Severe Abdominal Pain,3.5,EMERGENCY,U002,F01,2026-08-20 01:00:00,Admitted
P02821,37,Non-Binary,High,Septic Shock,6.5,icu,U011,F03,2026-08-26 00:00:00,Admitted
P02822,64,Non-Binary,Critical,Acute Respiratory Distress,10.6,icu,U011,F03,2026-08-24 19:00:00,Admitted
P02823,19,Non-Binary,Low,Chemotherapy Monitoring,1.9,Pediatrics,U005,F01,2026-08-25 00:00:00,Admitted
P02824,16,Non-Binary,Medium,Polytrauma,5.0,EMERGENCY,U002,F01,2026-08-22 07:00:00,Admitted
P02825,46,Male,Critical,Post-Cardiac Arrest,12.0,icu,U001,F01,2026-08-26 01:00:00,Pending Transfer
P02826,46,Non-Binary,Medium,Post-Cardiac Arrest,3.5,icu,U001,F01,2026-08-17 10:00:00,Admitted
P02827,41,Non-Binary,Medium,Polytrauma,5.3,EMERGENCY,U007,F02,2026-08-07 23:00:00,Pending Transfer
P02828,18,Male,Medium,Post-Cardiac Arrest,5.4,icu,U011,F03,2026-08-27 08:00:00,Admitted
P02829,65,Male,Low,Diabetes Complications,2.5,MedSurg,U013,F03,2026-08-04 18:00:00,Admitted
P02830,74,Female,Critical,Palliative Care,13.8,Oncology,U015,F03,2026-08-21 04:00:00,Pending Transfer
P02831,68,Female,Medium,Post-Operative Recovery,4.4,MedSurg,U003,F01,2026-08-24 10:00:00,Admitted
P02832,69,Male,High,Septic Shock,7.9,icu,U001,F01,2026-08-10 21:00:00,Admitted
P02833,62,Male,Low,Acute Myocardial Infarction,2.4,EMERGENCY,U012,F03,2026-08-10 14:00:00,Admitted
P02834,27,Female,Low,Pediatric Asthma,2.6,Pediatrics,U009,F02,2026-08-05 03:00:00,Admitted
P02835,91,Male,Low,Chemotherapy Monitoring,1.7,Oncology,U005,F01,2026-08-02 02:00:00,Pending Transfer
P02836,47,Male,Medium,Acute Myocardial Infarction,4.3,EMERGENCY,U002,F01,2026-08-10 16:00:00,Pending Transfer
P02837,12,Male,Medium,Cellulitis,4.9,MedSurg,U003,F01,2026-08-15 00:00:00,Admitted
P02838,5,Male,High,Dehydration,7.4,Pediatrics,U004,F01,2026-08-19 16:00:00,Admitted
P02839,12,Non-Binary,Medium,Acute Myocardial Infarction,3.6,EMERGENCY,U002,F01,2026-08-16 06:00:00,Admitted
P02840,63,Non-Binary,High,Septic Shock,6.3,icu,U001,F01,2026-08-05 02:00:00,Admitted
P02841,55,Female,Medium,Dehydration,5.0,Pediatrics,U004,F01,2026-08-20 16:00:00,Admitted
P02842,2,Male,Medium,Cellulitis,3.9,MedSurg,U008,F02,2026-08-11 23:00:00,Admitted
P02843,48,Non-Binary,Medium,Palliative Care,5.4,Oncology,U010,F02,2026-08-12 03:00:00,Admitted
P02844,69,Non-Binary,Low,Cellulitis,3.3,Oncology,U008,F02,2026-08-25 21:00:00,Admitted
P02845,15,Female,Low,Diabetes Complications,2.0,MedSurg,U003,F01,2026-08-03 10:00:00,Admitted
P02846,42,Male,High,Bronchiolitis,7.6,MedSurg,U009,F02,2026-08-23 22:00:00,Admitted
P02847,36,Male,Medium,Congenital Heart Defect,5.1,Pediatrics,U014,F03,2026-08-23 06:00:00,Discharged
P02848,91,Male,Low,Pneumonia,3.2,MedSurg,U003,F01,2026-08-27 00:00:00,Admitted
P02849,5,Male,Critical,Febrile Neutropenia,9.3,Oncology,U005,F01,2026-08-21 17:00:00,Admitted
P02850,3,Female,High,Pediatric Asthma,5.9,Pediatrics,U009,F02,2026-08-03 17:00:00,Admitted
P02851,84,Non-Binary,Low,Acute Respiratory Distress,2.8,icu,U006,F02,2026-08-06 04:00:00,Admitted
P02852,40,Male,Medium,Septic Shock,3.6,icu,U006,F02,2026-08-07 09:00:00,Admitted
P02853,90,Male,Medium,Tumor Lysis Syndrome,5.0,Oncology,U005,F01,2026-08-06 05:00:00,Admitted
P02854,4,Female,Medium,Post-Operative Recovery,5.1,MedSurg,U008,F02,2026-08-08 01:00:00,Admitted
P02855,82,Male,Low,Pneumonia,3.5,MedSurg,U008,F02,2026-08-24 09:00:00,Admitted
P02856,52,Female,Medium,Palliative Care,3.9,Oncology,U015,F03,2026-08-15 07:00:00,Pending Transfer
P02857,78,Male,Low,Polytrauma,2.3,EMERGENCY,U002,F01,2026-08-30 12:00:00,Admitted
P02858,5,Non-Binary,High,Pediatric Asthma,8.1,Pediatrics,U009,F02,2026-08-17 00:00:00,Admitted
P02859,33,Non-Binary,Low,Dehydration,2.0,Pediatrics,U009,F02,2026-08-13 13:00:00,Admitted
P02860,30,Male,High,Post-Operative Recovery,5.6,MedSurg,U003,F01,2026-08-13 00:00:00,Admitted
P02861,29,Non-Binary,Medium,Post-Cardiac Arrest,4.5,icu,U006,F02,2026-08-06 15:00:00,Transfer Approved
P02862,17,Non-Binary,Low,Acute Myocardial Infarction,2.5,EMERGENCY,U007,F02,2026-08-28 06:00:00,Admitted
P02863,85,Female,High,Pediatric Asthma,6.9,Pediatrics,U009,F02,2026-08-04 10:00:00,Admitted
P02864,6,Non-Binary,Medium,Stroke,3.8,EMERGENCY,U007,F02,2026-08-14 20:00:00,Admitted
P02865,21,Male,Low,Post-Cardiac Arrest,1.7,icu,U006,F02,2026-08-18 15:00:00,Admitted
P02866,79,Male,Medium,Severe Abdominal Pain,4.4,EMERGENCY,U012,F03,2026-08-28 11:00:00,Transfer Approved
P02867,77,Non-Binary,Low,Cellulitis,1.7,MedSurg,U008,F02,2026-08-13 03:00:00,Pending Transfer
P02868,51,Non-Binary,High,Chemotherapy Monitoring,7.8,EMERGENCY,U010,F02,2026-08-26 03:00:00,Admitted
P02869,1,Non-Binary,Medium,Tumor Lysis Syndrome,5.0,Oncology,U010,F02,2026-08-27 20:00:00,Pending Transfer
P02870,14,Male,High,Acute Respiratory Distress,7.1,icu,U001,F01,2026-08-02 21:00:00,Admitted
P02871,9,Female,Medium,Septic Shock,4.5,icu,U001,F01,2026-08-04 12:00:00,Admitted
P02872,59,Non-Binary,Medium,Tumor Lysis Syndrome,4.3,Oncology,U015,F03,2026-08-24 00:00:00,Admitted
P02873,62,Female,Medium,Multi-organ Dysfunction,4.8,icu,U011,F03,2026-08-09 09:00:00,Admitted
P02874,37,Non-Binary,High,Post-Operative Recovery,5.5,MedSurg,U008,F02,2026-08-27 07:00:00,Admitted
P02875,47,Non-Binary,High,Acute Respiratory Distress,7.0,icu,U001,F01,2026-08-06 17:00:00,Admitted
P02876,49,Female,Medium,Febrile Neutropenia,4.1,Oncology,U015,F03,2026-08-24 10:00:00,Admitted
P02877,14,Male,Low,Bronchiolitis,2.3,Pediatrics,U004,F01,2026-08-13 13:00:00,Admitted
P02878,57,Female,Low,Post-Cardiac Arrest,2.9,icu,U006,F02,2026-08-26 22:00:00,Admitted
P02879,89,Male,High,Post-Operative Recovery,7.0,MedSurg,U008,F02,2026-08-08 12:00:00,Admitted
P02880,30,Non-Binary,Low,Tumor Lysis Syndrome,1.8,icu,U015,F03,2026-08-23 01:00:00,Admitted
P02881,16,Male,Low,Tumor Lysis Syndrome,2.6,icu,U010,F02,2026-08-11 15:00:00,Discharged
P02882,82,Female,High,Febrile Neutropenia,6.8,EMERGENCY,U010,F02,2026-08-07 02:00:00,Admitted
P02883,9,Non-Binary,Low,Post-Operative Recovery,2.6,MedSurg,U003,F01,2026-08-29 08:00:00,Admitted
P02884,30,Female,Medium,Post-Cardiac Arrest,4.0,icu,U006,F02,2026-08-05 05:00:00,Admitted
P02885,4,Non-Binary,Medium,Stroke,4.2,EMERGENCY,U002,F01,2026-08-07 12:00:00,Discharged
P02886,38,Male,Low,Congenital Heart Defect,2.1,Pediatrics,U014,F03,2026-08-28 05:00:00,Admitted
P02887,14,Male,Low,Tumor Lysis Syndrome,2.2,Oncology,U005,F01,2026-08-14 17:00:00,Admitted
P02888,39,Non-Binary,High,Dehydration,8.4,Pediatrics,U004,F01,2026-08-19 08:00:00,Admitted
P02889,83,Female,Medium,Diabetes Complications,4.2,MedSurg,U003,F01,2026-08-01 15:00:00,Discharged
P02890,4,Female,Medium,Post-Cardiac Arrest,5.0,icu,U011,F03,2026-08-10 04:00:00,Transfer Approved
P02891,62,Male,Low,Severe Abdominal Pain,1.7,EMERGENCY,U012,F03,2026-08-29 07:00:00,Admitted
P02892,47,Male,Low,Dehydration,1.9,Pediatrics,U009,F02,2026-08-27 15:00:00,Transfer Approved
P02893,85,Male,Critical,Febrile Neutropenia,11.1,Oncology,U015,F03,2026-08-08 22:00:00,Pending Transfer
P02894,68,Male,Low,Chemotherapy Monitoring,1.5,Pediatrics,U005,F01,2026-08-27 20:00:00,Admitted
P02895,30,Male,Low,Congenital Heart Defect,2.7,Pediatrics,U004,F01,2026-08-16 03:00:00,Transfer Approved
P02896,12,Male,Medium,Post-Cardiac Arrest,5.1,icu,U001,F01,2026-08-24 00:00:00,Admitted
P02897,63,Non-Binary,Low,Post-Cardiac Arrest,1.7,icu,U006,F02,2026-08-09 06:00:00,Admitted
P02898,29,Male,Medium,Dehydration,5.3,Pediatrics,U004,F01,2026-08-29 00:00:00,Transfer Approved
P02899,42,Non-Binary,Low,Severe Abdominal Pain,1.6,EMERGENCY,U002,F01,2026-08-30 07:00:00,Pending Transfer
P02900,60,Female,Low,Pediatric Asthma,3.3,Pediatrics,U009,F02,2026-08-01 17:00:00,Admitted
P02901,66,Male,Low,Palliative Care,1.9,Oncology,U010,F02,2026-08-28 11:00:00,Transfer Approved
P02902,81,Female,Low,Diabetes Complications,2.8,MedSurg,U003,F01,2026-08-23 05:00:00,Admitted
P02903,30,Female,Medium,Post-Operative Recovery,5.4,MedSurg,U003,F01,2026-08-24 00:00:00,Admitted
P02904,6,Non-Binary,Critical,Pneumonia,9.3,MedSurg,U013,F03,2026-08-24 04:00:00,Admitted
P02905,83,Non-Binary,Low,Post-Cardiac Arrest,2.4,icu,U011,F03,2026-08-27 07:00:00,Admitted
P02906,28,Female,Low,Septic Shock,1.8,icu,U011,F03,2026-08-18 14:00:00,Admitted
P02907,19,Non-Binary,Medium,Dehydration,5.3,Pediatrics,U009,F02,2026-08-17 21:00:00,Pending Transfer
P02908,55,Non-Binary,Medium,Diabetes Complications,3.6,MedSurg,U003,F01,2026-08-14 06:00:00,Pending Transfer
P02909,68,Non-Binary,Low,Stroke,2.9,EMERGENCY,U007,F02,2026-08-10 17:00:00,Admitted
P02910,71,Female,Low,Cellulitis,3.4,MedSurg,U003,F01,2026-08-07 19:00:00,Pending Transfer
P02911,45,Female,Medium,Acute Myocardial Infarction,4.4,EMERGENCY,U012,F03,2026-08-08 17:00:00,Admitted
P02912,22,Male,Medium,Stroke,4.5,EMERGENCY,U002,F01,2026-08-24 06:00:00,Admitted
P02913,92,Male,Medium,Palliative Care,3.8,Oncology,U005,F01,2026-08-19 02:00:00,Admitted
P02914,22,Female,Low,Congenital Heart Defect,2.8,Pediatrics,U004,F01,2026-08-09 08:00:00,Admitted
P02915,24,Male,High,Post-Operative Recovery,6.9,MedSurg,U003,F01,2026-08-09 21:00:00,Admitted
P02916,89,Female,Low,Post-Cardiac Arrest,1.5,icu,U006,F02,2026-08-28 12:00:00,Admitted
P02917,90,Male,Low,Congenital Heart Defect,2.2,Pediatrics,U009,F02,2026-08-19 17:00:00,Transfer Approved
P02918,33,Non-Binary,High,Bronchiolitis,6.4,Pediatrics,U004,F01,2026-08-20 10:00:00,Pending Transfer
P02919,48,Male,Low,Pneumonia,2.2,MedSurg,U013,F03,2026-08-24 03:00:00,Admitted
P02920,8,Non-Binary,Medium,Post-Cardiac Arrest,4.8,icu,U001,F01,2026-08-24 20:00:00,Pending Transfer
P02921,67,Female,Medium,Palliative Care,4.9,Oncology,U010,F02,2026-08-31 14:00:00,Admitted
P02922,52,Female,Low,Pediatric Asthma,2.1,Pediatrics,U004,F01,2026-08-09 18:00:00,Pending Transfer
P02923,47,Non-Binary,High,Severe Abdominal Pain,8.0,EMERGENCY,U012,F03,2026-08-15 05:00:00,Admitted
P02924,59,Non-Binary,Low,Diabetes Complications,2.3,MedSurg,U003,F01,2026-08-31 08:00:00,Admitted
P02925,27,Non-Binary,Low,Tumor Lysis Syndrome,2.0,icu,U015,F03,2026-08-01 00:00:00,Pending Transfer
P02926,6,Female,Critical,Palliative Care,8.6,Oncology,U010,F02,2026-08-31 17:00:00,Admitted
P02927,48,Non-Binary,Medium,Tumor Lysis Syndrome,5.4,Oncology,U010,F02,2026-08-18 18:00:00,Admitted
P02928,47,Female,Low,Palliative Care,3.0,Oncology,U010,F02,2026-08-31 13:00:00,Admitted
P02929,14,Male,Critical,Post-Operative Recovery,8.8,MedSurg,U003,F01,2026-08-23 20:00:00,Admitted
P02930,37,Male,Medium,Dehydration,4.5,Pediatrics,U004,F01,2026-08-25 13:00:00,Admitted
P02931,83,Non-Binary,Low,Acute Myocardial Infarction,2.9,EMERGENCY,U012,F03,2026-08-25 06:00:00,Discharged
P02932,19,Non-Binary,Medium,Diabetes Complications,5.1,MedSurg,U003,F01,2026-08-25 06:00:00,Admitted
P02933,89,Male,Critical,Diabetes Complications,12.4,MedSurg,U013,F03,2026-08-18 18:00:00,Admitted
P02934,34,Non-Binary,Medium,Diabetes Complications,4.4,MedSurg,U013,F03,2026-08-03 15:00:00,Admitted
P02935,44,Non-Binary,Medium,Post-Cardiac Arrest,5.3,icu,U011,F03,2026-08-04 11:00:00,Discharged
P02936,69,Non-Binary,Medium,Palliative Care,4.4,Oncology,U010,F02,2026-08-07 11:00:00,Admitted
P02937,70,Female,Medium,Tumor Lysis Syndrome,5.1,Oncology,U015,F03,2026-08-09 16:00:00,Admitted
P02938,6,Non-Binary,Medium,Septic Shock,4.8,icu,U001,F01,2026-08-28 05:00:00,Admitted
P02939,10,Non-Binary,Medium,Septic Shock,4.8,icu,U006,F02,2026-08-10 04:00:00,Admitted
P02940,19,Non-Binary,Medium,Dehydration,4.6,Pediatrics,U014,F03,2026-08-14 18:00:00,Admitted
P02941,29,Female,Medium,Pediatric Asthma,4.2,Pediatrics,U009,F02,2026-08-01 04:00:00,Admitted
P02942,49,Female,High,Severe Abdominal Pain,6.0,EMERGENCY,U007,F02,2026-08-23 22:00:00,Admitted
P02943,55,Female,Critical,Post-Cardiac Arrest,11.2,icu,U011,F03,2026-08-08 03:00:00,Admitted
P02944,32,Female,Low,Post-Operative Recovery,2.9,MedSurg,U008,F02,2026-08-21 06:00:00,Admitted
P02945,4,Female,Low,Severe Abdominal Pain,2.7,EMERGENCY,U012,F03,2026-08-03 08:00:00,Transfer Approved
P02946,74,Male,Medium,Diabetes Complications,4.0,MedSurg,U003,F01,2026-08-09 18:00:00,Discharged
P02947,76,Male,Low,Acute Myocardial Infarction,2.8,EMERGENCY,U007,F02,2026-08-03 20:00:00,Admitted
P02948,32,Male,Medium,Acute Respiratory Distress,3.6,Pediatrics,U001,F01,2026-08-07 14:00:00,Pending Transfer
P02949,34,Female,Low,Acute Myocardial Infarction,1.7,EMERGENCY,U012,F03,2026-08-24 12:00:00,Admitted
P02950,48,Male,High,Multi-organ Dysfunction,6.0,icu,U011,F03,2026-08-26 13:00:00,Admitted
P02951,67,Non-Binary,Medium,Multi-organ Dysfunction,4.7,icu,U001,F01,2026-08-26 06:00:00,Discharged
P02952,29,Non-Binary,,Septic Shock,4.8,icu,U011,F03,2026-08-06 05:00:00,Admitted
P02953,22,Male,Low,Chemotherapy Monitoring,2.7,Oncology,U005,F01,2026-08-17 19:00:00,Pending Transfer
P02954,82,Female,Low,Chemotherapy Monitoring,2.9,Oncology,U010,F02,2026-08-12 23:00:00,Admitted
P02955,5,Non-Binary,High,Septic Shock,8.1,icu,U011,F03,2026-08-16 13:00:00,Admitted
P02956,25,Female,High,Chemotherapy Monitoring,7.4,Oncology,U015,F03,2026-08-13 15:00:00,Admitted
P02957,66,Non-Binary,Medium,Pediatric Asthma,4.9,Pediatrics,U014,F03,2026-08-11 10:00:00,Admitted
P02958,76,Female,Low,Pneumonia,1.9,MedSurg,U008,F02,2026-08-21 21:00:00,Admitted
P02959,73,Non-Binary,Medium,Multi-organ Dysfunction,3.6,icu,U011,F03,2026-08-11 20:00:00,Admitted
P02960,52,Male,Critical,Diabetes Complications,10.9,MedSurg,U003,F01,2026-08-22 15:00:00,Discharged
P02961,23,Female,Low,Septic Shock,2.0,icu,U011,F03,2026-08-28 07:00:00,Admitted
P02962,21,Female,Low,Stroke,3.4,EMERGENCY,U002,F01,2026-08-08 20:00:00,Admitted
P02963,91,Female,Critical,Febrile Neutropenia,11.4,Oncology,U005,F01,2026-08-08 10:00:00,Admitted
P02964,45,Non-Binary,Medium,Acute Respiratory Distress,4.5,icu,U006,F02,2026-08-13 06:00:00,Pending Transfer
P02965,51,Female,Medium,Pediatric Asthma,4.8,Pediatrics,U009,F02,2026-08-11 23:00:00,Admitted
P02966,12,Male,Low,Polytrauma,,EMERGENCY,U012,F03,2026-08-05 06:00:00,Discharged
P02967,86,Male,Medium,Acute Myocardial Infarction,5.4,EMERGENCY,U007,F02,2026-08-12 06:00:00,Admitted
P02968,68,Non-Binary,High,Stroke,6.2,EMERGENCY,U007,F02,2026-08-21 05:00:00,Admitted
P02969,19,Non-Binary,High,Acute Myocardial Infarction,5.7,EMERGENCY,U012,F03,2026-08-14 14:00:00,Admitted
P02970,88,Male,Medium,Multi-organ Dysfunction,5.4,Oncology,U006,F02,2026-08-16 11:00:00,Admitted
P02971,5,Female,Medium,Pediatric Asthma,4.8,Pediatrics,U004,F01,2026-08-10 01:00:00,Transfer Approved
P02972,76,Male,Medium,Cellulitis,3.5,MedSurg,U008,F02,2026-08-28 20:00:00,Admitted
P02973,15,Male,Low,Pneumonia,2.5,MedSurg,U008,F02,2026-08-14 00:00:00,Admitted
P02974,29,Female,Low,Diabetes Complications,3.2,MedSurg,U013,F03,2026-08-17 20:00:00,Transfer Approved
P02975,54,Male,Low,Acute Myocardial Infarction,1.9,MedSurg,U012,F03,2026-08-14 06:00:00,Admitted
P02976,14,Male,High,Multi-organ Dysfunction,7.5,icu,U001,F01,2026-08-08 13:00:00,Pending Transfer
P02977,46,Male,Critical,Severe Abdominal Pain,9.9,EMERGENCY,U007,F02,2026-08-05 20:00:00,Admitted
P02978,16,Non-Binary,Low,Bronchiolitis,1.9,Pediatrics,U009,F02,2026-08-12 10:00:00,Transfer Approved
P02979,15,Non-Binary,Low,Diabetes Complications,2.9,EMERGENCY,U013,F03,2026-08-21 09:00:00,Admitted
P02980,24,Male,Critical,Stroke,8.6,EMERGENCY,U007,F02,2026-08-28 07:00:00,Transfer Approved
P02981,53,Female,Medium,Acute Myocardial Infarction,3.7,EMERGENCY,U007,F02,2026-08-17 20:00:00,Admitted
P02982,33,Male,,Acute Myocardial Infarction,3.5,EMERGENCY,U012,F03,2026-08-13 22:00:00,Discharged
P02983,84,Female,Medium,Pediatric Asthma,4.5,Pediatrics,U009,F02,2026-08-23 22:00:00,Admitted
P02984,47,Male,Medium,Tumor Lysis Syndrome,4.9,Oncology,U005,F01,2026-08-27 09:00:00,Admitted
P02985,26,Male,Low,Cellulitis,1.6,MedSurg,U008,F02,2026-08-17 08:00:00,Transfer Approved
P02986,21,Female,Low,Stroke,2.1,EMERGENCY,U007,F02,2026-08-08 22:00:00,Admitted
P02987,75,Non-Binary,Low,Palliative Care,1.5,Oncology,U005,F01,2026-08-30 07:00:00,Admitted
P02988,78,Female,Medium,Congenital Heart Defect,5.0,Pediatrics,U004,F01,2026-08-06 14:00:00,Admitted
P02989,59,Female,High,Multi-organ Dysfunction,7.0,icu,U006,F02,2026-08-11 14:00:00,Admitted
P02990,52,Female,Low,Dehydration,1.9,Pediatrics,U014,F03,2026-08-23 00:00:00,Admitted
P02991,25,Female,High,Bronchiolitis,7.1,Pediatrics,U004,F01,2026-08-08 13:00:00,Admitted
P02992,25,Male,Low,Pediatric Asthma,2.6,Pediatrics,U004,F01,2026-08-05 12:00:00,Admitted
P02993,56,Female,Critical,Post-Cardiac Arrest,13.2,icu,U011,F03,2026-08-07 15:00:00,Admitted
P02994,57,Non-Binary,Low,Cellulitis,2.1,MedSurg,U013,F03,2026-08-14 20:00:00,Admitted
P02995,78,Female,Low,Severe Abdominal Pain,3.2,EMERGENCY,U002,F01,2026-08-14 06:00:00,Admitted
P02996,78,Non-Binary,Critical,Pediatric Asthma,12.6,Pediatrics,U009,F02,2026-08-12 00:00:00,Admitted
P02997,80,Male,Low,Cellulitis,3.5,MedSurg,U003,F01,2026-08-01 22:00:00,Pending Transfer
P02998,64,Non-Binary,Low,Severe Abdominal Pain,2.4,EMERGENCY,U012,F03,2026-08-19 04:00:00,Admitted
P02999,26,Non-Binary,Critical,Septic Shock,12.7,icu,U011,F03,2026-08-30 22:00:00,Admitted
P03000,70,Non-Binary,Medium,Palliative Care,3.9,Oncology,U015,F03,2026-08-03 21:00:00,Admitted
P03001,83,Female,Low,Multi-organ Dysfunction,2.2,icu,U011,F03,2026-08-08 03:00:00,Admitted
P03002,44,Non-Binary,Medium,Tumor Lysis Syndrome,4.0,Oncology,U005,F01,2026-08-23 15:00:00,Admitted
P03003,26,Male,Medium,Acute Respiratory Distress,4.1,icu,U001,F01,2026-08-26 07:00:00,Admitted
P03004,75,Non-Binary,High,Bronchiolitis,8.4,Pediatrics,U004,F01,2026-08-10 13:00:00,Admitted
P03005,45,Non-Binary,High,Diabetes Complications,8.4,MedSurg,U008,F02,2026-08-28 02:00:00,Admitted
P03006,27,Non-Binary,,Post-Cardiac Arrest,1.6,icu,U011,F03,2026-08-04 14:00:00,Admitted
P03007,65,Female,High,Diabetes Complications,7.3,MedSurg,U008,F02,2026-08-12 18:00:00,Pending Transfer
P03008,85,Female,High,Diabetes Complications,6.1,MedSurg,U013,F03,2026-08-18 13:00:00,Admitted
P03009,58,Female,Low,Diabetes Complications,3.0,MedSurg,U008,F02,2026-08-17 07:00:00,Admitted
P03010,55,Female,Medium,Cellulitis,4.4,MedSurg,U013,F03,2026-08-14 10:00:00,Admitted
P03011,10,Female,Critical,Post-Cardiac Arrest,12.8,icu,U001,F01,2026-08-09 01:00:00,Admitted
P03012,80,Male,High,Polytrauma,6.9,EMERGENCY,U012,F03,2026-08-03 05:00:00,Transfer Approved
P03013,1,Non-Binary,Low,Dehydration,2.3,Pediatrics,U014,F03,2026-08-10 01:00:00,Admitted
P03014,14,Non-Binary,Low,Acute Myocardial Infarction,1.9,EMERGENCY,U012,F03,2026-08-24 10:00:00,Transfer Approved
P03015,57,Female,Medium,Tumor Lysis Syndrome,3.7,Oncology,U010,F02,2026-08-19 13:00:00,Admitted
P03016,42,Female,Low,Cellulitis,2.5,Pediatrics,U003,F01,2026-08-26 10:00:00,Pending Transfer
P03017,19,Female,Medium,Stroke,3.8,EMERGENCY,U007,F02,2026-08-26 07:00:00,Admitted
P03018,36,Male,High,Dehydration,8.1,Pediatrics,U014,F03,2026-08-09 16:00:00,Pending Transfer
P03019,12,Female,Medium,Septic Shock,5.0,icu,U006,F02,2026-08-16 02:00:00,Admitted
P03020,8,Female,Low,Stroke,3.1,EMERGENCY,U002,F01,2026-08-17 03:00:00,Pending Transfer
P03021,39,Male,Low,Congenital Heart Defect,1.7,Pediatrics,U004,F01,2026-08-18 21:00:00,Transfer Approved
P03022,47,Male,Low,Severe Abdominal Pain,3.1,EMERGENCY,U002,F01,2026-08-05 02:00:00,Admitted
P03023,78,Male,Low,Pediatric Asthma,2.1,Pediatrics,U004,F01,2026-08-17 05:00:00,Discharged
P03024,56,Non-Binary,Medium,Pneumonia,4.2,MedSurg,U008,F02,2026-08-10 13:00:00,Admitted
P03025,28,Male,,Acute Respiratory Distress,1.7,icu,U001,F01,2026-08-26 04:00:00,Admitted
P03026,37,Male,Medium,Cellulitis,4.2,MedSurg,U003,F01,2026-08-06 10:00:00,Pending Transfer
P03027,26,Male,High,Pneumonia,8.0,MedSurg,U013,F03,2026-08-17 06:00:00,Admitted
P03028,9,Male,Medium,Septic Shock,4.9,icu,U006,F02,2026-08-28 07:00:00,Admitted
P03029,30,Non-Binary,High,Congenital Heart Defect,8.1,Pediatrics,U014,F03,2026-08-30 20:00:00,Pending Transfer
P03030,29,Female,Critical,Stroke,10.1,EMERGENCY,U012,F03,2026-08-24 23:00:00,Admitted
P03031,38,Female,Medium,Pediatric Asthma,3.8,Pediatrics,U004,F01,2026-08-29 23:00:00,Pending Transfer
P03032,56,Female,High,Dehydration,5.9,Oncology,U004,F01,2026-08-03 10:00:00,Admitted
P03033,64,Female,Low,Bronchiolitis,1.6,Pediatrics,U014,F03,2026-08-05 22:00:00,Admitted
P03034,80,Male,Medium,Tumor Lysis Syndrome,5.2,Oncology,U005,F01,2026-08-27 06:00:00,Admitted
P03035,11,Non-Binary,Low,Severe Abdominal Pain,2.8,EMERGENCY,U007,F02,2026-08-05 19:00:00,Admitted
P03036,26,Non-Binary,Medium,Severe Abdominal Pain,4.2,EMERGENCY,U002,F01,2026-08-11 06:00:00,Admitted
P03037,89,Non-Binary,High,Stroke,5.6,EMERGENCY,U012,F03,2026-08-28 03:00:00,Admitted
P03038,19,Male,Low,Pediatric Asthma,2.1,Pediatrics,U009,F02,2026-08-07 06:00:00,Admitted
P03039,86,Male,Medium,Pediatric Asthma,3.9,Oncology,U014,F03,2026-08-24 22:00:00,Admitted
P03040,92,Male,High,Post-Operative Recovery,6.1,MedSurg,U013,F03,2026-08-05 17:00:00,Admitted
P03041,85,Non-Binary,High,Cellulitis,7.4,MedSurg,U003,F01,2026-08-26 01:00:00,Pending Transfer
P03042,61,Male,Critical,Polytrauma,12.4,EMERGENCY,U002,F01,2026-08-26 18:00:00,Admitted
P03043,28,Non-Binary,Low,Pediatric Asthma,2.9,icu,U009,F02,2026-08-22 16:00:00,Admitted
P03044,73,Male,Medium,Palliative Care,5.4,Oncology,U015,F03,2026-08-25 14:00:00,Admitted
P03045,57,Non-Binary,Medium,Pediatric Asthma,5.1,Pediatrics,U009,F02,2026-08-11 02:00:00,Admitted
P03046,83,Female,Low,Post-Cardiac Arrest,3.5,icu,U011,F03,2026-08-28 23:00:00,Admitted
P03047,59,Non-Binary,Critical,Dehydration,11.7,Pediatrics,U014,F03,2026-08-18 22:00:00,Transfer Approved
P03048,10,Female,Low,Dehydration,1.6,Pediatrics,U009,F02,2026-08-23 14:00:00,Discharged
P03049,59,Non-Binary,Critical,Congenital Heart Defect,12.6,Pediatrics,U004,F01,2026-08-12 02:00:00,Admitted
P03050,76,Female,Medium,Cellulitis,3.6,MedSurg,U008,F02,2026-08-21 02:00:00,Admitted
P03051,11,Non-Binary,Low,Dehydration,2.1,Pediatrics,U004,F01,2026-08-30 12:00:00,Transfer Approved
P03052,65,Non-Binary,Low,Febrile Neutropenia,3.3,EMERGENCY,U005,F01,2026-08-14 08:00:00,Admitted
P03053,67,Female,Medium,Dehydration,4.0,Pediatrics,U009,F02,2026-08-12 17:00:00,Admitted
P03054,85,Non-Binary,Low,Pediatric Asthma,1.8,Pediatrics,U009,F02,2026-08-08 08:00:00,Admitted
P03055,44,Male,Critical,Dehydration,9.9,Pediatrics,U014,F03,2026-08-10 13:00:00,Admitted
P03056,47,Male,Medium,Tumor Lysis Syndrome,4.2,Oncology,U010,F02,2026-08-12 19:00:00,Admitted
P03057,79,Female,Medium,Cellulitis,4.3,MedSurg,U003,F01,2026-08-06 21:00:00,Discharged
P03058,17,Non-Binary,Medium,Tumor Lysis Syndrome,5.0,Oncology,U010,F02,2026-08-25 02:00:00,Pending Transfer
P03059,21,Female,Low,Pediatric Asthma,2.6,Pediatrics,U004,F01,2026-08-11 21:00:00,Admitted
P03060,28,Male,Medium,Chemotherapy Monitoring,4.7,Oncology,U005,F01,2026-08-04 15:00:00,Admitted
P03061,63,Male,Critical,Acute Myocardial Infarction,11.5,MedSurg,U002,F01,2026-08-13 01:00:00,Admitted
P03062,46,Non-Binary,Critical,Severe Abdominal Pain,12.5,EMERGENCY,U007,F02,2026-08-01 17:00:00,Admitted
P03063,43,Female,Low,Tumor Lysis Syndrome,3.0,Oncology,U015,F03,2026-08-26 21:00:00,Admitted
P03064,13,Female,Low,Diabetes Complications,2.7,MedSurg,U008,F02,2026-08-25 00:00:00,Transfer Approved
P03065,44,Male,Low,Pediatric Asthma,3.0,Pediatrics,U009,F02,2026-08-06 19:00:00,Admitted
P03066,38,Non-Binary,Low,Post-Operative Recovery,2.9,MedSurg,U003,F01,2026-08-25 20:00:00,Discharged
P03067,51,Female,Medium,Dehydration,4.9,Pediatrics,U009,F02,2026-08-12 10:00:00,Pending Transfer
P03068,3,Female,Medium,Febrile Neutropenia,4.8,Oncology,U010,F02,2026-08-05 18:00:00,Pending Transfer
P03069,59,Non-Binary,High,Dehydration,6.1,Pediatrics,U009,F02,2026-08-23 01:00:00,Admitted
P03070,76,Non-Binary,High,Acute Myocardial Infarction,6.1,EMERGENCY,U002,F01,2026-08-10 03:00:00,Admitted
P03071,20,Non-Binary,Medium,Congenital Heart Defect,5.3,Pediatrics,U004,F01,2026-08-26 05:00:00,Admitted
P03072,6,Male,Low,Pneumonia,,MedSurg,U013,F03,2026-08-30 04:00:00,Admitted
P03073,1,Female,High,Dehydration,7.6,Pediatrics,U004,F01,2026-08-10 04:00:00,Admitted
P03074,19,Male,Medium,Acute Respiratory Distress,4.7,icu,U011,F03,2026-08-27 16:00:00,Admitted
P03075,49,Non-Binary,Medium,Febrile Neutropenia,4.3,Oncology,U015,F03,2026-08-26 04:00:00,Admitted
P03076,63,Non-Binary,Medium,Post-Cardiac Arrest,4.2,icu,U011,F03,2026-08-10 20:00:00,Admitted
P03077,88,Male,Low,Acute Respiratory Distress,2.1,icu,U011,F03,2026-08-13 11:00:00,Admitted
P03078,7,Female,Low,Polytrauma,3.3,EMERGENCY,U002,F01,2026-08-02 14:00:00,Transfer Approved
P03079,62,Non-Binary,Medium,Chemotherapy Monitoring,4.1,Oncology,U015,F03,2026-08-13 04:00:00,Admitted
P03080,18,Male,High,Post-Cardiac Arrest,6.4,icu,U006,F02,2026-08-09 01:00:00,Transfer Approved
P03081,2,Female,High,Bronchiolitis,8.2,Pediatrics,U009,F02,2026-08-08 06:00:00,Admitted
P03082,19,Female,High,Post-Operative Recovery,6.5,MedSurg,U013,F03,2026-08-25 19:00:00,Admitted
P03083,53,Male,High,Bronchiolitis,7.1,Pediatrics,U009,F02,2026-08-12 19:00:00,Pending Transfer
P03084,43,Female,Medium,Congenital Heart Defect,,Pediatrics,U014,F03,2026-08-06 00:00:00,Admitted
P03085,54,Male,,Acute Respiratory Distress,8.0,EMERGENCY,U011,F03,2026-08-07 20:00:00,Transfer Approved
P03086,23,Male,Low,Tumor Lysis Syndrome,2.2,Oncology,U005,F01,2026-08-23 02:00:00,Pending Transfer
P03087,25,Female,Low,Bronchiolitis,2.4,Pediatrics,U014,F03,2026-08-31 19:00:00,Admitted
P03088,2,Non-Binary,Medium,Severe Abdominal Pain,5.3,EMERGENCY,U002,F01,2026-08-06 01:00:00,Pending Transfer
P03089,46,Non-Binary,Medium,Septic Shock,5.3,icu,U006,F02,2026-08-02 20:00:00,Admitted
P03090,28,Non-Binary,,Febrile Neutropenia,3.8,MedSurg,U015,F03,2026-08-15 19:00:00,Pending Transfer
P03091,66,Non-Binary,Low,Polytrauma,3.4,EMERGENCY,U012,F03,2026-08-12 13:00:00,Admitted
P03092,6,Non-Binary,High,Acute Myocardial Infarction,8.1,EMERGENCY,U012,F03,2026-08-21 14:00:00,Pending Transfer
P03093,72,Male,Low,Congenital Heart Defect,3.1,Pediatrics,U014,F03,2026-08-11 05:00:00,Admitted
P03094,83,Non-Binary,Medium,Palliative Care,3.9,Oncology,U010,F02,2026-08-12 10:00:00,Admitted
P03095,64,Non-Binary,Medium,Acute Myocardial Infarction,4.7,EMERGENCY,U002,F01,2026-08-10 04:00:00,Admitted
P03096,63,Male,Medium,Pneumonia,4.4,MedSurg,U003,F01,2026-08-12 01:00:00,Admitted
P03097,10,Non-Binary,Medium,Acute Myocardial Infarction,3.7,EMERGENCY,U007,F02,2026-08-21 12:00:00,Admitted
P03098,60,Female,High,Polytrauma,8.0,Oncology,U007,F02,2026-08-14 23:00:00,Admitted
P03099,80,Male,Low,Dehydration,3.4,Pediatrics,U014,F03,2026-08-16 22:00:00,Transfer Approved
P03100,48,Female,Critical,Post-Cardiac Arrest,10.9,icu,U006,F02,2026-08-21 08:00:00,Admitted
P03101,22,Male,Medium,Bronchiolitis,4.1,Pediatrics,U004,F01,2026-08-06 23:00:00,Pending Transfer
P03102,83,Male,Low,Post-Cardiac Arrest,3.1,icu,U006,F02,2026-08-27 21:00:00,Admitted
P03103,55,Female,High,Severe Abdominal Pain,6.4,icu,U002,F01,2026-08-16 14:00:00,Admitted
P03104,57,Non-Binary,Low,Severe Abdominal Pain,2.0,EMERGENCY,U012,F03,2026-08-21 21:00:00,Admitted
P03105,28,Female,Low,Acute Respiratory Distress,3.0,icu,U006,F02,2026-08-02 23:00:00,Pending Transfer
P03106,29,Male,Medium,Pneumonia,3.9,MedSurg,U013,F03,2026-08-01 19:00:00,Admitted
P03107,34,Female,Critical,Septic Shock,9.4,icu,U001,F01,2026-08-24 06:00:00,Admitted
P03108,59,Male,Medium,Pediatric Asthma,4.9,Pediatrics,U004,F01,2026-08-13 08:00:00,Pending Transfer
P03109,69,Female,Low,Septic Shock,1.9,icu,U001,F01,2026-08-16 18:00:00,Admitted
P03110,68,Male,Medium,Acute Respiratory Distress,4.6,icu,U011,F03,2026-08-08 19:00:00,Admitted
P03111,19,Male,Low,Diabetes Complications,3.2,MedSurg,U013,F03,2026-08-10 09:00:00,Admitted
P03112,55,Male,Low,Pneumonia,1.6,MedSurg,U013,F03,2026-08-17 04:00:00,Pending Transfer
P03113,79,Non-Binary,Medium,Cellulitis,4.4,MedSurg,U008,F02,2026-08-07 17:00:00,Admitted
P03114,62,Non-Binary,Low,Tumor Lysis Syndrome,2.2,Oncology,U015,F03,2026-08-28 18:00:00,Admitted
P03115,34,Male,Medium,Severe Abdominal Pain,4.2,EMERGENCY,U002,F01,2026-08-19 01:00:00,Admitted
P03116,68,Male,High,Febrile Neutropenia,7.9,Oncology,U005,F01,2026-08-01 18:00:00,Transfer Approved
P03117,38,Male,Low,Diabetes Complications,3.0,MedSurg,U003,F01,2026-08-29 01:00:00,Transfer Approved
P03118,82,Female,Low,Cellulitis,1.9,MedSurg,U008,F02,2026-08-17 15:00:00,Admitted
P03119,9,Non-Binary,Medium,Pneumonia,4.6,MedSurg,U003,F01,2026-08-15 17:00:00,Discharged
P03120,37,Male,Low,Stroke,3.5,EMERGENCY,U002,F01,2026-08-09 18:00:00,Admitted
P03121,26,Female,Medium,Post-Operative Recovery,4.1,MedSurg,U013,F03,2026-08-24 16:00:00,Pending Transfer
P03122,5,Non-Binary,High,Febrile Neutropenia,6.3,Oncology,U015,F03,2026-08-31 07:00:00,Admitted
P03123,70,Male,Critical,Tumor Lysis Syndrome,9.7,Oncology,U015,F03,2026-08-21 02:00:00,Admitted
P03124,80,Female,Low,Post-Operative Recovery,3.3,MedSurg,U013,F03,2026-08-01 17:00:00,Admitted
P03125,47,Non-Binary,Low,Post-Cardiac Arrest,2.7,MedSurg,U006,F02,2026-08-24 22:00:00,Discharged
P03126,60,Non-Binary,High,Bronchiolitis,6.7,Pediatrics,U004,F01,2026-08-24 01:00:00,Admitted
P03127,39,Female,Medium,Pediatric Asthma,4.5,Pediatrics,U009,F02,2026-08-09 23:00:00,Admitted
P03128,12,Male,Medium,Dehydration,5.2,Pediatrics,U009,F02,2026-08-20 10:00:00,Admitted
P03129,91,Female,High,Septic Shock,6.7,MedSurg,U011,F03,2026-08-30 09:00:00,Admitted
P03130,68,Female,Medium,Pediatric Asthma,3.9,Pediatrics,U009,F02,2026-08-31 20:00:00,Admitted
P03131,67,Male,Critical,Pediatric Asthma,11.5,Oncology,U014,F03,2026-08-06 14:00:00,Admitted
P03132,39,Non-Binary,Medium,Febrile Neutropenia,3.6,Oncology,U005,F01,2026-08-10 01:00:00,Admitted
P03133,19,Female,Low,Severe Abdominal Pain,2.1,EMERGENCY,U007,F02,2026-08-02 11:00:00,Pending Transfer
P03134,60,Male,Low,Palliative Care,1.9,Oncology,U015,F03,2026-08-28 13:00:00,Pending Transfer
P03135,84,Female,High,Chemotherapy Monitoring,5.7,MedSurg,U010,F02,2026-08-06 20:00:00,Admitted
P03136,42,Female,Low,Tumor Lysis Syndrome,3.4,Oncology,U015,F03,2026-08-18 03:00:00,Admitted
P03137,-5,Male,Low,Multi-organ Dysfunction,1.7,icu,U006,F02,2026-08-02 19:00:00,Admitted
P03138,63,Male,High,Stroke,6.8,EMERGENCY,U007,F02,2026-08-25 09:00:00,Transfer Approved
P03139,4,Female,Low,Diabetes Complications,3.4,MedSurg,U008,F02,2026-08-27 18:00:00,Admitted
P03140,29,Female,Low,Septic Shock,3.0,icu,U006,F02,2026-08-14 09:00:00,Admitted
P03141,39,Female,Critical,Polytrauma,9.4,EMERGENCY,U002,F01,2026-08-06 09:00:00,Admitted
P03142,28,Non-Binary,Critical,Multi-organ Dysfunction,10.7,icu,U006,F02,2026-08-30 21:00:00,Transfer Approved
P03143,27,Male,Low,Acute Respiratory Distress,2.6,icu,U011,F03,2026-08-04 11:00:00,Pending Transfer
P03144,25,Male,Low,Polytrauma,2.7,EMERGENCY,U002,F01,2026-08-02 22:00:00,Pending Transfer
P03145,36,Non-Binary,Low,Polytrauma,3.2,EMERGENCY,U007,F02,2026-08-15 09:00:00,Transfer Approved
P03146,40,Male,Low,Chemotherapy Monitoring,2.5,Oncology,U010,F02,2026-08-09 02:00:00,Pending Transfer
P03147,25,Male,High,Pneumonia,6.3,MedSurg,U013,F03,2026-08-19 17:00:00,Discharged
P03148,29,Non-Binary,Medium,Stroke,4.8,EMERGENCY,U012,F03,2026-08-06 18:00:00,Admitted
P03149,23,Non-Binary,Medium,Septic Shock,4.6,icu,U006,F02,2026-08-01 03:00:00,Admitted
P03150,26,Female,Medium,Pneumonia,3.9,MedSurg,U008,F02,2026-08-05 17:00:00,Admitted
P03151,15,Non-Binary,Medium,Stroke,4.5,EMERGENCY,U007,F02,2026-08-04 17:00:00,Pending Transfer
P03152,4,Female,Low,Stroke,2.8,Oncology,U002,F01,2026-08-06 07:00:00,Admitted
P03153,61,Female,Low,Congenital Heart Defect,1.8,Pediatrics,U009,F02,2026-08-17 19:00:00,Admitted
P03154,82,Male,Low,Diabetes Complications,,MedSurg,U013,F03,2026-08-16 22:00:00,Admitted
P03155,10,Non-Binary,Low,Dehydration,3.4,Pediatrics,U009,F02,2026-08-06 08:00:00,Admitted
P03156,83,Female,Medium,Dehydration,5.1,Pediatrics,U009,F02,2026-08-23 12:00:00,Discharged
P03157,89,Non-Binary,Low,Tumor Lysis Syndrome,2.8,Oncology,U015,F03,2026-08-04 07:00:00,Admitted
P03158,67,Female,Medium,Post-Cardiac Arrest,4.2,Oncology,U011,F03,2026-08-27 07:00:00,Admitted
P03159,40,Female,Medium,Stroke,4.0,Oncology,U007,F02,2026-08-21 13:00:00,Admitted
P03160,89,Female,Medium,Febrile Neutropenia,4.2,Oncology,U005,F01,2026-08-21 07:00:00,Transfer Approved
P03161,53,Male,High,Polytrauma,7.7,EMERGENCY,U007,F02,2026-08-15 07:00:00,Admitted
P03162,92,Female,High,Cellulitis,6.3,MedSurg,U008,F02,2026-08-05 22:00:00,Admitted
P03163,68,Female,Low,Stroke,1.6,EMERGENCY,U002,F01,2026-08-09 14:00:00,Pending Transfer
P03164,9,Female,Medium,Bronchiolitis,3.8,Pediatrics,U009,F02,2026-08-28 12:00:00,Admitted
P03165,50,Non-Binary,High,Post-Operative Recovery,8.5,MedSurg,U013,F03,2026-08-05 13:00:00,Admitted
P03166,18,Non-Binary,Low,Tumor Lysis Syndrome,2.2,Oncology,U005,F01,2026-08-03 02:00:00,Pending Transfer
P03167,57,Female,Medium,Stroke,4.0,EMERGENCY,U012,F03,2026-08-21 05:00:00,Admitted
P03168,50,Male,Medium,Chemotherapy Monitoring,4.2,Oncology,U005,F01,2026-08-09 22:00:00,Admitted
P03169,59,Male,High,Acute Respiratory Distress,8.3,Pediatrics,U011,F03,2026-08-11 17:00:00,Admitted
P03170,45,Non-Binary,Medium,Septic Shock,3.7,icu,U006,F02,2026-08-23 11:00:00,Pending Transfer
P03171,78,Female,Low,Post-Cardiac Arrest,3.5,icu,U011,F03,2026-08-12 12:00:00,Transfer Approved
P03172,16,Female,High,Post-Cardiac Arrest,7.4,icu,U006,F02,2026-08-20 12:00:00,Admitted
P03173,43,Male,Low,Severe Abdominal Pain,2.9,EMERGENCY,U002,F01,2026-08-23 19:00:00,Admitted
P03174,34,Non-Binary,Low,Multi-organ Dysfunction,3.3,icu,U011,F03,2026-08-01 13:00:00,Admitted
P03175,29,Non-Binary,Low,Dehydration,2.7,Pediatrics,U014,F03,2026-08-15 22:00:00,Transfer Approved
P03176,79,Male,Medium,Tumor Lysis Syndrome,3.6,Oncology,U005,F01,2026-08-04 16:00:00,Admitted
P03177,87,Male,Medium,Stroke,3.6,EMERGENCY,U012,F03,2026-08-09 03:00:00,Admitted
P03178,75,Non-Binary,Critical,Septic Shock,12.9,icu,U011,F03,2026-08-14 18:00:00,Pending Transfer
P03179,79,Non-Binary,Medium,Bronchiolitis,4.8,Pediatrics,U014,F03,2026-08-31 17:00:00,Admitted
P03180,26,Non-Binary,Medium,Post-Operative Recovery,4.7,MedSurg,U013,F03,2026-08-24 21:00:00,Pending Transfer
P03181,76,Male,Low,Stroke,2.2,EMERGENCY,U012,F03,2026-08-05 08:00:00,Admitted
P03182,68,Non-Binary,High,Acute Respiratory Distress,6.2,icu,U011,F03,2026-08-30 23:00:00,Admitted
P03183,43,Non-Binary,Medium,Dehydration,5.3,icu,U014,F03,2026-08-24 18:00:00,Transfer Approved
P03184,23,Non-Binary,Low,Diabetes Complications,1.7,MedSurg,U003,F01,2026-08-05 04:00:00,Admitted
P03185,48,Non-Binary,High,Febrile Neutropenia,5.7,Oncology,U010,F02,2026-08-28 21:00:00,Admitted
P03186,48,Non-Binary,Low,Polytrauma,3.1,EMERGENCY,U007,F02,2026-08-10 23:00:00,Admitted
P03187,2,Non-Binary,Medium,Palliative Care,4.8,MedSurg,U010,F02,2026-08-18 15:00:00,Admitted
P03188,11,Female,Medium,Septic Shock,4.6,icu,U011,F03,2026-08-02 15:00:00,Discharged
P03189,48,Female,Medium,Septic Shock,5.5,icu,U006,F02,2026-08-15 08:00:00,Admitted
P03190,14,Male,Critical,Multi-organ Dysfunction,10.4,icu,U011,F03,2026-08-11 00:00:00,Admitted
P03191,62,Male,Critical,Stroke,10.9,EMERGENCY,U007,F02,2026-08-14 08:00:00,Pending Transfer
P03192,31,Female,Low,Pneumonia,2.3,MedSurg,U003,F01,2026-08-02 22:00:00,Admitted
P03193,61,Non-Binary,Medium,Post-Operative Recovery,5.5,MedSurg,U008,F02,2026-08-02 09:00:00,Admitted
P03194,18,Female,,Congenital Heart Defect,1.8,Pediatrics,U014,F03,2026-08-13 16:00:00,Transfer Approved
P03195,15,Female,Medium,Diabetes Complications,4.6,MedSurg,U003,F01,2026-08-04 12:00:00,Admitted
P03196,63,Male,Low,Dehydration,1.5,Pediatrics,U009,F02,2026-08-26 14:00:00,Admitted
P03197,42,Female,Low,Pediatric Asthma,2.3,Pediatrics,U014,F03,2026-08-04 00:00:00,Admitted
P03198,86,Non-Binary,Low,Acute Myocardial Infarction,2.4,EMERGENCY,U007,F02,2026-08-04 23:00:00,Transfer Approved
P03199,4,Non-Binary,Medium,Acute Myocardial Infarction,4.6,EMERGENCY,U002,F01,2026-08-30 14:00:00,Admitted
P03200,82,Male,Medium,Dehydration,5.5,Pediatrics,U009,F02,2026-08-11 15:00:00,Admitted
P03201,80,Non-Binary,High,Acute Myocardial Infarction,8.2,EMERGENCY,U002,F01,2026-08-29 03:00:00,Admitted
P03202,50,Male,Low,Severe Abdominal Pain,2.2,EMERGENCY,U002,F01,2026-08-29 00:00:00,Admitted
P03203,80,Non-Binary,Medium,Chemotherapy Monitoring,4.2,Oncology,U015,F03,2026-08-11 07:00:00,Admitted
P03204,47,Non-Binary,High,Palliative Care,5.8,Oncology,U015,F03,2026-08-01 08:00:00,Admitted
P03205,89,Female,Low,Severe Abdominal Pain,2.3,EMERGENCY,U012,F03,2026-08-26 16:00:00,Transfer Approved
P03206,66,Male,High,Febrile Neutropenia,7.9,Oncology,U015,F03,2026-08-28 06:00:00,Admitted
P03207,82,Non-Binary,Medium,Severe Abdominal Pain,5.1,EMERGENCY,U012,F03,2026-08-21 16:00:00,Pending Transfer
P03208,23,Male,Medium,Cellulitis,5.4,Pediatrics,U013,F03,2026-08-07 21:00:00,Admitted
P03209,92,Non-Binary,Critical,Polytrauma,13.7,EMERGENCY,U007,F02,2026-08-11 12:00:00,Pending Transfer
P03210,50,Non-Binary,Low,Diabetes Complications,3.3,MedSurg,U008,F02,2026-08-22 00:00:00,Transfer Approved
P03211,72,Male,Low,Stroke,2.0,EMERGENCY,U002,F01,2026-08-16 13:00:00,Admitted
P03212,8,Non-Binary,Low,Multi-organ Dysfunction,2.3,MedSurg,U011,F03,2026-08-07 22:00:00,Admitted
P03213,90,Male,High,Febrile Neutropenia,6.3,Oncology,U010,F02,2026-08-13 06:00:00,Pending Transfer
P03214,41,Non-Binary,Medium,Palliative Care,4.7,Oncology,U005,F01,2026-08-12 03:00:00,Admitted
P03215,30,Female,Low,Diabetes Complications,2.8,MedSurg,U013,F03,2026-08-16 11:00:00,Admitted
P03216,45,Female,Low,Bronchiolitis,3.3,Pediatrics,U014,F03,2026-08-10 20:00:00,Admitted
P03217,55,Female,Low,Pediatric Asthma,3.5,Pediatrics,U009,F02,2026-08-08 19:00:00,Admitted
P03218,16,Female,High,Palliative Care,6.7,Oncology,U005,F01,2026-08-24 15:00:00,Admitted
P03219,83,Male,High,Polytrauma,8.0,EMERGENCY,U002,F01,2026-08-18 18:00:00,Admitted
P03220,65,Female,High,Septic Shock,6.4,icu,U011,F03,2026-08-14 02:00:00,Admitted
P03221,39,Non-Binary,,Severe Abdominal Pain,,Oncology,U002,F01,2026-08-06 14:00:00,Admitted
P03222,70,Non-Binary,,Severe Abdominal Pain,1.6,EMERGENCY,U002,F01,2026-08-10 08:00:00,Pending Transfer
P03223,15,Female,Medium,Septic Shock,5.3,icu,U011,F03,2026-08-19 05:00:00,Admitted
P03224,19,Non-Binary,Medium,Pneumonia,5.0,MedSurg,U013,F03,2026-08-31 16:00:00,Admitted
P03225,87,Female,Low,Tumor Lysis Syndrome,1.7,Oncology,U010,F02,2026-08-09 13:00:00,Admitted
P03226,49,Male,Medium,Post-Cardiac Arrest,4.4,icu,U011,F03,2026-08-04 13:00:00,Admitted
P03227,54,Female,Low,Chemotherapy Monitoring,1.9,Oncology,U010,F02,2026-08-10 09:00:00,Transfer Approved
P03228,25,Non-Binary,Low,Acute Myocardial Infarction,2.8,EMERGENCY,U012,F03,2026-08-04 23:00:00,Transfer Approved
P03229,90,Female,Low,Pneumonia,3.3,MedSurg,U003,F01,2026-08-01 08:00:00,Admitted
P03230,74,Non-Binary,Medium,Pneumonia,5.0,MedSurg,U013,F03,2026-08-30 13:00:00,Admitted
P03231,90,Female,Low,Pneumonia,3.2,MedSurg,U013,F03,2026-08-12 06:00:00,Admitted
P03232,47,Non-Binary,Medium,Pediatric Asthma,5.4,Pediatrics,U014,F03,2026-08-04 12:00:00,Discharged
P03233,12,Male,Medium,Palliative Care,5.0,MedSurg,U005,F01,2026-08-02 23:00:00,Admitted
P03234,15,Male,Medium,Polytrauma,5.0,EMERGENCY,U002,F01,2026-08-12 09:00:00,Admitted
P03235,33,Female,Low,Pneumonia,2.8,MedSurg,U003,F01,2026-08-09 19:00:00,Admitted
P03236,87,Female,High,Acute Respiratory Distress,6.3,icu,U001,F01,2026-08-16 00:00:00,Admitted
P03237,21,Female,Medium,Chemotherapy Monitoring,3.6,Pediatrics,U005,F01,2026-08-18 21:00:00,Admitted
P03238,68,Male,Critical,Congenital Heart Defect,12.0,Pediatrics,U014,F03,2026-08-28 06:00:00,Admitted
P03239,51,Female,Low,Febrile Neutropenia,2.0,Oncology,U015,F03,2026-08-24 08:00:00,Admitted
P03240,81,Non-Binary,Medium,Cellulitis,3.5,MedSurg,U008,F02,2026-08-17 08:00:00,Admitted
P03241,44,Male,High,Septic Shock,8.2,icu,U006,F02,2026-08-29 09:00:00,Admitted
P03242,14,Male,Low,Multi-organ Dysfunction,3.0,icu,U006,F02,2026-08-13 00:00:00,Admitted
P03243,22,Female,High,Pneumonia,8.1,MedSurg,U013,F03,2026-08-23 07:00:00,Admitted
P03244,72,Male,Medium,Dehydration,3.7,MedSurg,U009,F02,2026-08-02 11:00:00,Admitted
P03245,10,Male,Low,Diabetes Complications,2.5,MedSurg,U008,F02,2026-08-12 04:00:00,Discharged
P03246,47,Non-Binary,,Bronchiolitis,2.5,Pediatrics,U004,F01,2026-08-21 05:00:00,Admitted
P03247,48,Non-Binary,Medium,Severe Abdominal Pain,,EMERGENCY,U012,F03,2026-08-26 00:00:00,Admitted
P03248,13,Female,Medium,Post-Cardiac Arrest,5.3,icu,U001,F01,2026-08-12 19:00:00,Admitted
P03249,60,Male,Low,Diabetes Complications,2.1,MedSurg,U003,F01,2026-08-13 21:00:00,Pending Transfer
P03250,56,Female,Medium,Chemotherapy Monitoring,4.5,Oncology,U005,F01,2026-08-20 07:00:00,Transfer Approved
P03251,64,Female,High,Septic Shock,5.6,icu,U011,F03,2026-08-18 12:00:00,Admitted
P03252,9,Male,Low,Post-Cardiac Arrest,2.4,icu,U001,F01,2026-08-15 00:00:00,Admitted
P03253,53,Male,Medium,Polytrauma,4.6,EMERGENCY,U007,F02,2026-08-23 08:00:00,Admitted
P03254,64,Female,Medium,Chemotherapy Monitoring,5.3,Oncology,U015,F03,2026-08-27 08:00:00,Admitted
P03255,74,Non-Binary,High,Chemotherapy Monitoring,6.4,Oncology,U015,F03,2026-08-29 05:00:00,Admitted
P03256,78,Male,Low,Febrile Neutropenia,1.6,Oncology,U005,F01,2026-08-26 06:00:00,Admitted
P03257,33,Female,Low,Congenital Heart Defect,2.3,Pediatrics,U014,F03,2026-08-31 14:00:00,Admitted
P03258,64,Male,Medium,Multi-organ Dysfunction,3.5,icu,U006,F02,2026-08-27 15:00:00,Admitted
P03259,7,Female,Medium,Dehydration,5.2,Pediatrics,U014,F03,2026-08-22 06:00:00,Discharged
P03260,8,Female,Low,Stroke,3.0,EMERGENCY,U007,F02,2026-08-17 14:00:00,Admitted
P03261,39,Non-Binary,Low,Stroke,1.5,EMERGENCY,U002,F01,2026-08-14 01:00:00,Admitted
P03262,59,Female,High,Pneumonia,6.8,MedSurg,U003,F01,2026-08-08 18:00:00,Admitted
P03263,64,Non-Binary,Critical,Acute Respiratory Distress,13.7,icu,U011,F03,2026-08-05 23:00:00,Pending Transfer
P03264,61,Non-Binary,Low,Multi-organ Dysfunction,3.2,EMERGENCY,U011,F03,2026-08-16 05:00:00,Discharged
P03265,25,Female,Medium,Septic Shock,4.0,icu,U001,F01,2026-08-07 16:00:00,Admitted
P03266,46,Non-Binary,High,Diabetes Complications,7.2,MedSurg,U013,F03,2026-08-02 00:00:00,Admitted
P03267,5,Male,Low,Dehydration,1.8,Pediatrics,U009,F02,2026-08-29 14:00:00,Admitted
P03268,16,Male,Low,Acute Myocardial Infarction,2.6,EMERGENCY,U002,F01,2026-08-10 19:00:00,Admitted
P03269,75,Female,High,Chemotherapy Monitoring,6.3,Oncology,U015,F03,2026-08-11 22:00:00,Admitted
P03270,51,Male,High,Chemotherapy Monitoring,6.1,Oncology,U015,F03,2026-08-12 19:00:00,Admitted
P03271,57,Male,Low,Post-Cardiac Arrest,3.0,icu,U006,F02,2026-08-08 21:00:00,Transfer Approved
P03272,51,Non-Binary,Low,Diabetes Complications,3.4,MedSurg,U008,F02,2026-08-13 04:00:00,Admitted
P03273,76,Non-Binary,Low,Post-Operative Recovery,,MedSurg,U008,F02,2026-08-19 20:00:00,Admitted
P03274,3,Male,Low,Acute Respiratory Distress,1.7,icu,U001,F01,2026-08-31 23:00:00,Admitted
P03275,85,Female,,Chemotherapy Monitoring,4.5,Oncology,U010,F02,2026-08-13 10:00:00,Transfer Approved
P03276,52,Non-Binary,Critical,Congenital Heart Defect,12.0,Pediatrics,U014,F03,2026-08-18 22:00:00,Admitted
P03277,59,Female,Medium,Septic Shock,4.7,icu,U006,F02,2026-08-20 05:00:00,Transfer Approved
P03278,20,Non-Binary,High,Chemotherapy Monitoring,5.5,icu,U005,F01,2026-08-02 19:00:00,Pending Transfer
P03279,1,Female,Medium,Bronchiolitis,3.7,EMERGENCY,U004,F01,2026-08-12 08:00:00,Pending Transfer
P03280,83,Female,Medium,Febrile Neutropenia,4.9,Oncology,U010,F02,2026-08-04 22:00:00,Admitted
P03281,46,Female,Low,Chemotherapy Monitoring,2.8,Oncology,U005,F01,2026-08-21 11:00:00,Admitted
P03282,69,Female,Low,Severe Abdominal Pain,2.7,EMERGENCY,U012,F03,2026-08-18 05:00:00,Admitted
P03283,62,Male,Low,Severe Abdominal Pain,1.7,EMERGENCY,U007,F02,2026-08-20 02:00:00,Pending Transfer
P03284,68,Non-Binary,Medium,Polytrauma,3.7,EMERGENCY,U002,F01,2026-08-19 15:00:00,Admitted
P03285,27,Male,Low,Acute Respiratory Distress,3.1,icu,U006,F02,2026-08-26 20:00:00,Admitted
P03286,42,Male,High,Chemotherapy Monitoring,5.9,icu,U010,F02,2026-08-13 16:00:00,Admitted
P03287,50,Male,High,Pneumonia,7.9,MedSurg,U003,F01,2026-08-01 13:00:00,Admitted
P03288,40,Male,Medium,Acute Myocardial Infarction,3.8,EMERGENCY,U012,F03,2026-08-22 08:00:00,Admitted
P03289,78,Male,High,Febrile Neutropenia,6.7,Pediatrics,U015,F03,2026-08-02 15:00:00,Pending Transfer
P03290,51,Non-Binary,Medium,Cellulitis,4.5,MedSurg,U008,F02,2026-08-11 19:00:00,Admitted
P03291,61,Female,Low,Multi-organ Dysfunction,2.4,icu,U006,F02,2026-08-12 17:00:00,Admitted
P03292,14,Male,Low,Stroke,3.0,EMERGENCY,U012,F03,2026-08-14 02:00:00,Admitted
P03293,28,Male,Medium,Diabetes Complications,3.8,MedSurg,U008,F02,2026-08-11 21:00:00,Discharged
P03294,78,Male,Medium,Febrile Neutropenia,3.6,Oncology,U015,F03,2026-08-12 07:00:00,Admitted
P03295,67,Male,Medium,Febrile Neutropenia,4.0,Oncology,U010,F02,2026-08-27 06:00:00,Admitted
P03296,63,Female,Critical,Acute Respiratory Distress,8.7,icu,U011,F03,2026-08-16 03:00:00,Transfer Approved
P03297,10,Non-Binary,High,Multi-organ Dysfunction,7.5,icu,U001,F01,2026-08-31 01:00:00,Admitted
P03298,74,Male,Critical,Acute Myocardial Infarction,12.0,EMERGENCY,U007,F02,2026-08-02 19:00:00,Transfer Approved
P03299,79,Male,Low,Acute Respiratory Distress,3.1,icu,U006,F02,2026-08-29 17:00:00,Admitted
P03300,79,Male,Low,Tumor Lysis Syndrome,2.2,Oncology,U005,F01,2026-08-07 20:00:00,Admitted
P03301,45,Non-Binary,Critical,Cellulitis,10.0,MedSurg,U003,F01,2026-08-30 19:00:00,Admitted
P03302,51,Female,Low,Acute Respiratory Distress,2.5,icu,U011,F03,2026-08-31 04:00:00,Admitted
P03303,59,Male,Medium,Multi-organ Dysfunction,5.0,icu,U001,F01,2026-08-16 10:00:00,Admitted
P03304,4,Female,Medium,Dehydration,4.2,Oncology,U004,F01,2026-08-21 18:00:00,Admitted
P03305,68,Non-Binary,Medium,Tumor Lysis Syndrome,3.7,Oncology,U005,F01,2026-08-24 21:00:00,Admitted
P03306,69,Non-Binary,Low,Bronchiolitis,2.2,Oncology,U004,F01,2026-08-23 15:00:00,Admitted
P03307,91,Male,Critical,Post-Cardiac Arrest,10.5,icu,U001,F01,2026-08-22 19:00:00,Admitted
P03308,18,Male,Low,Pediatric Asthma,2.4,Pediatrics,U009,F02,2026-08-30 00:00:00,Pending Transfer
P03309,77,Female,Critical,Pneumonia,10.6,MedSurg,U013,F03,2026-08-15 01:00:00,Admitted
P03310,88,Female,Medium,Febrile Neutropenia,3.9,Oncology,U010,F02,2026-08-31 13:00:00,Admitted
P03311,16,Non-Binary,Medium,Cellulitis,4.5,MedSurg,U003,F01,2026-08-17 19:00:00,Admitted
P03312,72,Male,Low,Palliative Care,2.5,Oncology,U005,F01,2026-08-23 15:00:00,Admitted
P03313,18,Female,Critical,Palliative Care,11.6,Oncology,U010,F02,2026-08-06 04:00:00,Admitted
P03314,46,Female,High,Post-Cardiac Arrest,6.8,icu,U011,F03,2026-08-28 14:00:00,Admitted
P03315,54,Non-Binary,Low,Pediatric Asthma,1.9,Pediatrics,U004,F01,2026-08-07 13:00:00,Admitted
P03316,38,Female,Medium,Chemotherapy Monitoring,,MedSurg,U005,F01,2026-08-17 04:00:00,Discharged
P03317,2,Male,Low,Tumor Lysis Syndrome,2.4,Oncology,U005,F01,2026-08-08 02:00:00,Pending Transfer
P03318,46,Male,Medium,Severe Abdominal Pain,4.9,EMERGENCY,U007,F02,2026-08-13 09:00:00,Admitted
P03319,13,Male,High,Septic Shock,6.8,icu,U006,F02,2026-08-11 10:00:00,Admitted
P03320,81,Female,Low,Acute Respiratory Distress,1.5,icu,U001,F01,2026-08-03 13:00:00,Admitted
P03321,52,Female,Low,Diabetes Complications,2.3,MedSurg,U013,F03,2026-08-28 09:00:00,Pending Transfer
P03322,7,Male,Medium,Congenital Heart Defect,4.4,Pediatrics,U009,F02,2026-08-24 18:00:00,Admitted
P03323,55,Male,Low,Acute Myocardial Infarction,3.5,EMERGENCY,U012,F03,2026-08-04 13:00:00,Admitted
P03324,48,Male,Low,Pneumonia,2.5,MedSurg,U003,F01,2026-08-24 22:00:00,Transfer Approved
P03325,71,Female,High,Post-Cardiac Arrest,7.4,icu,U001,F01,2026-08-30 02:00:00,Pending Transfer
P03326,92,Female,Low,Bronchiolitis,3.2,Pediatrics,U004,F01,2026-08-12 17:00:00,Admitted
P03327,29,Female,Low,Bronchiolitis,2.9,Pediatrics,U009,F02,2026-08-07 06:00:00,Admitted
P03328,2,Non-Binary,Low,Febrile Neutropenia,3.5,Oncology,U005,F01,2026-08-13 17:00:00,Transfer Approved
P03329,47,Non-Binary,Medium,Cellulitis,3.8,MedSurg,U008,F02,2026-08-03 01:00:00,Pending Transfer
P03330,22,Female,Critical,Severe Abdominal Pain,11.0,EMERGENCY,U012,F03,2026-08-28 10:00:00,Admitted
P03331,80,Non-Binary,Medium,Febrile Neutropenia,4.3,Oncology,U005,F01,2026-08-14 18:00:00,Admitted
P03332,38,Male,,Pediatric Asthma,8.2,Pediatrics,U004,F01,2026-08-11 07:00:00,Pending Transfer
P03333,79,Non-Binary,Low,Septic Shock,3.1,icu,U006,F02,2026-08-10 13:00:00,Admitted
P03334,67,Female,Low,Tumor Lysis Syndrome,1.8,Oncology,U015,F03,2026-08-30 04:00:00,Transfer Approved
P03335,6,Female,High,Post-Operative Recovery,8.1,MedSurg,U013,F03,2026-08-01 16:00:00,Pending Transfer
P03336,90,Male,Medium,Multi-organ Dysfunction,5.5,icu,U006,F02,2026-08-14 19:00:00,Admitted
P03337,7,Non-Binary,High,Pediatric Asthma,5.9,Pediatrics,U014,F03,2026-08-03 14:00:00,Admitted
P03338,88,Female,Medium,Palliative Care,3.5,Oncology,U010,F02,2026-08-31 17:00:00,Pending Transfer
P03339,21,Non-Binary,Low,Post-Operative Recovery,2.7,MedSurg,U003,F01,2026-08-16 18:00:00,Admitted
P03340,66,Non-Binary,Medium,Dehydration,5.2,icu,U014,F03,2026-08-31 10:00:00,Admitted
P03341,63,Male,Low,Congenital Heart Defect,1.6,Pediatrics,U014,F03,2026-08-09 12:00:00,Admitted
P03342,2,Male,Low,Cellulitis,3.2,Oncology,U008,F02,2026-08-20 16:00:00,Discharged
P03343,92,Non-Binary,Critical,Post-Operative Recovery,10.6,MedSurg,U003,F01,2026-08-17 15:00:00,Admitted
P03344,73,Female,Medium,Septic Shock,3.8,icu,U006,F02,2026-08-21 13:00:00,Admitted
P03345,53,Non-Binary,Medium,Cellulitis,4.7,MedSurg,U013,F03,2026-08-23 08:00:00,Pending Transfer
P03346,6,Male,Low,Palliative Care,2.5,Oncology,U010,F02,2026-08-14 15:00:00,Admitted
P03347,26,Non-Binary,Medium,Bronchiolitis,4.4,Pediatrics,U004,F01,2026-08-14 10:00:00,Admitted
P03348,62,Non-Binary,High,Chemotherapy Monitoring,5.6,Oncology,U005,F01,2026-08-14 10:00:00,Admitted
P03349,70,Non-Binary,Low,Polytrauma,3.3,EMERGENCY,U002,F01,2026-08-21 10:00:00,Admitted
P03350,28,Female,Low,Septic Shock,3.2,icu,U006,F02,2026-08-27 16:00:00,Admitted
P03351,12,Non-Binary,Low,Diabetes Complications,2.4,MedSurg,U003,F01,2026-08-27 01:00:00,Pending Transfer
P03352,52,Male,Medium,Pneumonia,4.6,Pediatrics,U013,F03,2026-08-17 09:00:00,Admitted
P03353,42,Non-Binary,Medium,Palliative Care,5.2,Oncology,U005,F01,2026-08-08 22:00:00,Admitted
P03354,42,Male,Low,Congenital Heart Defect,1.8,Pediatrics,U014,F03,2026-08-20 21:00:00,Admitted
P03355,15,Female,Medium,Bronchiolitis,4.5,Pediatrics,U004,F01,2026-08-16 15:00:00,Pending Transfer
P03356,7,Female,Low,Polytrauma,2.8,EMERGENCY,U007,F02,2026-08-06 21:00:00,Discharged
P03357,78,Male,Low,Bronchiolitis,2.6,Pediatrics,U004,F01,2026-08-21 12:00:00,Admitted
P03358,75,Non-Binary,High,Post-Operative Recovery,8.1,MedSurg,U013,F03,2026-08-16 08:00:00,Transfer Approved
P03359,5,Non-Binary,Medium,Bronchiolitis,4.0,Pediatrics,U009,F02,2026-08-05 16:00:00,Admitted
P03360,45,Female,Medium,Bronchiolitis,5.5,Pediatrics,U014,F03,2026-08-12 16:00:00,Admitted
P03361,15,Male,High,Cellulitis,6.3,MedSurg,U003,F01,2026-08-25 23:00:00,Transfer Approved
P03362,85,Male,Medium,Pneumonia,4.3,icu,U008,F02,2026-08-25 21:00:00,Admitted
P03363,47,Non-Binary,Medium,Chemotherapy Monitoring,3.5,Oncology,U015,F03,2026-08-05 10:00:00,Admitted
P03364,26,Female,Low,Severe Abdominal Pain,2.9,EMERGENCY,U012,F03,2026-08-04 20:00:00,Admitted
P03365,32,Male,Low,Multi-organ Dysfunction,2.3,icu,U006,F02,2026-08-17 02:00:00,Admitted
P03366,3,Female,Medium,Palliative Care,4.4,Oncology,U005,F01,2026-08-13 00:00:00,Admitted
P03367,88,Female,Low,Cellulitis,2.4,MedSurg,U008,F02,2026-08-13 05:00:00,Admitted
P03368,24,Male,Medium,Polytrauma,4.6,EMERGENCY,U012,F03,2026-08-30 05:00:00,Admitted
P03369,39,Non-Binary,Low,Chemotherapy Monitoring,3.0,Oncology,U005,F01,2026-08-16 10:00:00,Transfer Approved
P03370,50,Female,Low,Congenital Heart Defect,1.7,Pediatrics,U009,F02,2026-08-10 02:00:00,Admitted
P03371,4,Non-Binary,Low,Septic Shock,2.8,icu,U001,F01,2026-08-20 12:00:00,Pending Transfer
P03372,33,Non-Binary,Low,Acute Myocardial Infarction,1.9,EMERGENCY,U007,F02,2026-08-14 12:00:00,Admitted
P03373,24,Male,Medium,Palliative Care,5.2,Oncology,U005,F01,2026-08-27 18:00:00,Admitted
P03374,61,Female,Low,Congenital Heart Defect,2.6,Pediatrics,U004,F01,2026-08-27 02:00:00,Admitted
P03375,12,Male,Medium,Post-Operative Recovery,4.2,MedSurg,U013,F03,2026-08-12 16:00:00,Admitted
P03376,64,Non-Binary,Medium,Diabetes Complications,5.0,MedSurg,U008,F02,2026-08-17 12:00:00,Admitted
P03377,72,Female,Low,Acute Respiratory Distress,2.5,icu,U011,F03,2026-08-31 13:00:00,Admitted
P03378,74,Female,High,Bronchiolitis,8.1,Pediatrics,U009,F02,2026-08-26 11:00:00,Admitted
P03379,64,Non-Binary,Low,Acute Respiratory Distress,2.6,icu,U001,F01,2026-08-28 07:00:00,Pending Transfer
P03380,78,Male,High,Severe Abdominal Pain,6.2,EMERGENCY,U002,F01,2026-08-06 20:00:00,Admitted
P03381,39,Male,High,Congenital Heart Defect,7.0,Pediatrics,U004,F01,2026-08-03 06:00:00,Transfer Approved
P03382,75,Male,Medium,Stroke,4.4,EMERGENCY,U002,F01,2026-08-30 19:00:00,Admitted
P03383,13,Female,Medium,Tumor Lysis Syndrome,5.2,Oncology,U010,F02,2026-08-03 15:00:00,Admitted
P03384,74,Non-Binary,Low,Multi-organ Dysfunction,2.0,icu,U011,F03,2026-08-06 07:00:00,Admitted
P03385,45,Male,Low,Post-Cardiac Arrest,1.5,icu,U006,F02,2026-08-22 14:00:00,Admitted
P03386,9,Non-Binary,Low,Pneumonia,3.0,MedSurg,U003,F01,2026-08-08 21:00:00,Discharged
P03387,40,Male,Low,Bronchiolitis,3.5,Pediatrics,U014,F03,2026-08-08 01:00:00,Admitted
P03388,51,Male,High,Acute Myocardial Infarction,6.5,EMERGENCY,U002,F01,2026-08-10 18:00:00,Admitted
P03389,29,Non-Binary,Medium,Chemotherapy Monitoring,4.3,Oncology,U015,F03,2026-08-24 05:00:00,Admitted
P03390,32,Female,Low,Septic Shock,1.5,MedSurg,U006,F02,2026-08-14 03:00:00,Admitted
P03391,63,Male,Medium,Pediatric Asthma,4.4,Pediatrics,U009,F02,2026-08-03 21:00:00,Transfer Approved
P03392,69,Male,Low,Multi-organ Dysfunction,3.5,icu,U001,F01,2026-08-24 22:00:00,Admitted
P03393,80,Male,Medium,Cellulitis,4.3,MedSurg,U008,F02,2026-08-30 21:00:00,Admitted
P03394,21,Non-Binary,Critical,Acute Myocardial Infarction,9.7,EMERGENCY,U002,F01,2026-08-08 05:00:00,Transfer Approved
P03395,50,Non-Binary,Medium,Stroke,4.0,EMERGENCY,U007,F02,2026-08-22 09:00:00,Admitted
P03396,59,Non-Binary,Low,Bronchiolitis,2.0,Pediatrics,U009,F02,2026-08-23 07:00:00,Admitted
P03397,35,Non-Binary,Low,Palliative Care,2.8,Oncology,U005,F01,2026-08-30 22:00:00,Admitted
P03398,17,Male,Medium,Multi-organ Dysfunction,3.9,icu,U011,F03,2026-08-11 20:00:00,Pending Transfer
P03399,58,Male,High,Severe Abdominal Pain,6.0,EMERGENCY,U002,F01,2026-08-08 02:00:00,Admitted
P03400,61,Non-Binary,Low,Stroke,2.0,EMERGENCY,U002,F01,2026-08-07 20:00:00,Pending Transfer
P03401,14,Female,Medium,Pediatric Asthma,4.3,Pediatrics,U009,F02,2026-08-11 19:00:00,Admitted
P03402,4,Male,Medium,Cellulitis,3.8,MedSurg,U003,F01,2026-08-27 09:00:00,Admitted
P03403,68,Non-Binary,Low,Post-Operative Recovery,2.5,MedSurg,U008,F02,2026-08-01 01:00:00,Discharged
P03404,47,Male,High,Bronchiolitis,7.9,Pediatrics,U009,F02,2026-08-27 09:00:00,Transfer Approved
P03405,88,Non-Binary,Critical,Palliative Care,12.3,Oncology,U005,F01,2026-08-16 08:00:00,Admitted
P03406,88,Female,Low,Stroke,2.1,EMERGENCY,U012,F03,2026-08-07 00:00:00,Admitted
P03407,77,Non-Binary,High,Bronchiolitis,6.6,Pediatrics,U009,F02,2026-08-05 02:00:00,Transfer Approved
P03408,88,Non-Binary,Low,Tumor Lysis Syndrome,2.1,Oncology,U015,F03,2026-08-08 03:00:00,Pending Transfer
P03409,33,Male,Low,Tumor Lysis Syndrome,3.0,Oncology,U015,F03,2026-08-09 06:00:00,Admitted
P03410,53,Male,Medium,Chemotherapy Monitoring,3.9,Oncology,U005,F01,2026-08-25 22:00:00,Admitted
P03411,83,Female,Medium,Pediatric Asthma,4.5,Pediatrics,U009,F02,2026-08-23 20:00:00,Admitted
P03412,49,Non-Binary,High,Pneumonia,6.8,MedSurg,U013,F03,2026-08-05 13:00:00,Admitted
P03413,37,Male,Medium,Tumor Lysis Syndrome,4.4,Oncology,U005,F01,2026-08-19 12:00:00,Pending Transfer
P03414,69,Non-Binary,High,Septic Shock,5.7,icu,U001,F01,2026-08-20 10:00:00,Admitted
P03415,19,Female,Low,Post-Operative Recovery,1.6,MedSurg,U013,F03,2026-08-30 07:00:00,Transfer Approved
P03416,41,Female,Critical,Bronchiolitis,13.2,Pediatrics,U014,F03,2026-08-27 01:00:00,Admitted
P03417,14,Female,High,Multi-organ Dysfunction,6.1,Oncology,U011,F03,2026-08-28 08:00:00,Admitted
P03418,83,Non-Binary,High,Congenital Heart Defect,6.6,Pediatrics,U004,F01,2026-08-28 23:00:00,Pending Transfer
P03419,46,Male,Medium,Pneumonia,4.1,MedSurg,U008,F02,2026-08-03 10:00:00,Transfer Approved
P03420,65,Female,Medium,Pneumonia,3.7,MedSurg,U003,F01,2026-08-23 10:00:00,Admitted
P03421,65,Male,Low,Congenital Heart Defect,2.2,Pediatrics,U009,F02,2026-08-03 01:00:00,Admitted
P03422,1,Non-Binary,Low,Febrile Neutropenia,1.6,Oncology,U010,F02,2026-08-07 17:00:00,Pending Transfer
P03423,11,Non-Binary,Low,Multi-organ Dysfunction,2.9,icu,U001,F01,2026-08-28 14:00:00,Admitted
P03424,60,Female,Low,Severe Abdominal Pain,3.0,EMERGENCY,U007,F02,2026-08-29 21:00:00,Admitted
P03425,64,Non-Binary,High,Multi-organ Dysfunction,7.0,icu,U011,F03,2026-08-18 19:00:00,Pending Transfer
P03426,24,Male,Low,Acute Respiratory Distress,99.0,icu,U006,F02,2026-08-24 18:00:00,Admitted
P03427,15,Male,High,Diabetes Complications,7.6,MedSurg,U003,F01,2026-08-13 23:00:00,Pending Transfer
P03428,24,Non-Binary,Medium,Palliative Care,3.9,Oncology,U015,F03,2026-08-17 01:00:00,Admitted
P03429,45,Non-Binary,Critical,Pneumonia,9.0,Oncology,U008,F02,2026-08-23 20:00:00,Admitted
P03430,31,Female,Medium,Severe Abdominal Pain,4.1,EMERGENCY,U007,F02,2026-08-06 08:00:00,Admitted
P03431,53,Male,Critical,Post-Cardiac Arrest,10.0,icu,U006,F02,2026-08-10 00:00:00,Admitted
P03432,87,Female,Low,Bronchiolitis,1.8,Oncology,U014,F03,2026-08-02 06:00:00,Pending Transfer
P03433,69,Female,Medium,Pediatric Asthma,5.0,Pediatrics,U004,F01,2026-08-19 20:00:00,Admitted
P03434,82,Male,High,Acute Myocardial Infarction,7.4,EMERGENCY,U002,F01,2026-08-13 11:00:00,Transfer Approved
P03435,64,Non-Binary,High,Acute Respiratory Distress,8.0,icu,U006,F02,2026-08-28 02:00:00,Admitted
P03436,82,Non-Binary,Medium,Febrile Neutropenia,5.2,Pediatrics,U010,F02,2026-08-10 12:00:00,Admitted
P03437,43,Male,Low,Multi-organ Dysfunction,3.0,icu,U001,F01,2026-08-22 21:00:00,Admitted
P03438,51,Female,High,Congenital Heart Defect,7.3,Pediatrics,U004,F01,2026-08-06 09:00:00,Admitted
P03439,42,Non-Binary,Low,Dehydration,3.5,Pediatrics,U004,F01,2026-08-14 04:00:00,Admitted
P03440,1,Female,Low,Bronchiolitis,2.4,Pediatrics,U009,F02,2026-08-04 19:00:00,Admitted
P03441,25,Female,Low,Cellulitis,3.1,MedSurg,U003,F01,2026-08-02 08:00:00,Pending Transfer
P03442,24,Male,Critical,Stroke,10.6,EMERGENCY,U012,F03,2026-08-07 08:00:00,Admitted
P03443,15,Female,Low,Pneumonia,2.2,MedSurg,U008,F02,2026-08-21 09:00:00,Admitted
P03444,73,Male,Medium,Tumor Lysis Syndrome,4.4,Oncology,U010,F02,2026-08-15 01:00:00,Transfer Approved
P03445,27,Female,Medium,Stroke,5.1,EMERGENCY,U002,F01,2026-08-09 08:00:00,Admitted
P03446,33,Non-Binary,Low,Pneumonia,1.6,MedSurg,U003,F01,2026-08-04 14:00:00,Pending Transfer
P03447,62,Non-Binary,Medium,Pediatric Asthma,4.3,Pediatrics,U014,F03,2026-08-08 17:00:00,Admitted
P03448,58,Male,Low,Polytrauma,99.0,EMERGENCY,U007,F02,2026-08-04 13:00:00,Admitted
P03449,2,Male,High,Diabetes Complications,7.4,MedSurg,U003,F01,2026-08-10 02:00:00,Transfer Approved
P03450,90,Female,Low,Polytrauma,3.3,EMERGENCY,U002,F01,2026-08-10 04:00:00,Admitted
P03451,30,Male,Low,Congenital Heart Defect,3.0,Pediatrics,U009,F02,2026-08-09 07:00:00,Admitted
P03452,21,Female,High,Acute Myocardial Infarction,7.8,EMERGENCY,U012,F03,2026-08-02 22:00:00,Admitted
P03453,70,Non-Binary,Low,Dehydration,1.8,Pediatrics,U004,F01,2026-08-23 12:00:00,Admitted
P03454,5,Non-Binary,Low,Acute Myocardial Infarction,3.3,EMERGENCY,U012,F03,2026-08-25 23:00:00,Admitted
P03455,82,Non-Binary,Low,Severe Abdominal Pain,2.4,EMERGENCY,U002,F01,2026-08-12 14:00:00,Admitted
P03456,29,Female,Critical,Chemotherapy Monitoring,11.1,Oncology,U010,F02,2026-08-08 13:00:00,Transfer Approved
P03457,83,Female,Critical,Stroke,9.1,EMERGENCY,U007,F02,2026-08-18 16:00:00,Pending Transfer
P03458,74,Non-Binary,Medium,Palliative Care,3.7,Oncology,U015,F03,2026-08-02 03:00:00,Pending Transfer
P03459,71,Non-Binary,Low,Severe Abdominal Pain,1.9,EMERGENCY,U007,F02,2026-08-10 22:00:00,Pending Transfer
P03460,57,Male,Low,Septic Shock,3.1,icu,U006,F02,2026-08-10 15:00:00,Admitted
P03461,37,Non-Binary,High,Severe Abdominal Pain,8.1,Pediatrics,U002,F01,2026-08-04 09:00:00,Admitted
P03462,67,Non-Binary,Medium,Palliative Care,4.4,Oncology,U015,F03,2026-08-21 15:00:00,Pending Transfer
P03463,59,Non-Binary,Medium,Dehydration,4.9,Pediatrics,U004,F01,2026-08-03 20:00:00,Admitted
P03464,27,Female,Medium,Pneumonia,4.3,MedSurg,U008,F02,2026-08-06 04:00:00,Admitted
P03465,73,Non-Binary,Medium,Palliative Care,4.1,Oncology,U015,F03,2026-08-01 18:00:00,Admitted
P03466,4,Female,Medium,Multi-organ Dysfunction,5.2,icu,U011,F03,2026-08-10 13:00:00,Pending Transfer
P03467,35,Female,High,Dehydration,6.9,Pediatrics,U009,F02,2026-08-09 01:00:00,Admitted
P03468,45,Male,High,Bronchiolitis,7.6,Pediatrics,U014,F03,2026-08-31 19:00:00,Admitted
P03469,65,Non-Binary,High,Palliative Care,6.4,Oncology,U005,F01,2026-08-03 20:00:00,Admitted
P03470,27,Male,,Severe Abdominal Pain,10.2,EMERGENCY,U007,F02,2026-08-20 16:00:00,Admitted
P03471,58,Female,Low,Post-Operative Recovery,2.4,MedSurg,U003,F01,2026-08-21 19:00:00,Transfer Approved
P03472,50,Non-Binary,Medium,Polytrauma,4.6,EMERGENCY,U002,F01,2026-08-01 18:00:00,Transfer Approved
P03473,79,Non-Binary,Low,Stroke,2.5,Pediatrics,U012,F03,2026-08-21 22:00:00,Pending Transfer
P03474,16,Male,Low,Tumor Lysis Syndrome,3.3,Oncology,U005,F01,2026-08-08 03:00:00,Admitted
P03475,60,Non-Binary,Medium,Acute Myocardial Infarction,4.2,icu,U012,F03,2026-08-18 15:00:00,Admitted
P03476,86,Female,Low,Acute Respiratory Distress,2.1,icu,U001,F01,2026-08-14 03:00:00,Admitted
P03477,49,Male,Low,Post-Operative Recovery,2.6,MedSurg,U003,F01,2026-08-16 06:00:00,Transfer Approved
P03478,20,Non-Binary,Medium,Palliative Care,4.7,Oncology,U010,F02,2026-08-23 06:00:00,Admitted
P03479,78,Female,Medium,Pediatric Asthma,4.9,icu,U014,F03,2026-08-17 12:00:00,Admitted
P03480,15,Female,Low,Post-Cardiac Arrest,2.5,icu,U011,F03,2026-08-26 19:00:00,Pending Transfer
P03481,67,Male,Low,Diabetes Complications,1.7,MedSurg,U008,F02,2026-08-17 16:00:00,Admitted
P03482,70,Non-Binary,Medium,Polytrauma,3.7,EMERGENCY,U007,F02,2026-08-27 01:00:00,Discharged
P03483,90,Female,High,Stroke,6.9,EMERGENCY,U002,F01,2026-08-29 05:00:00,Admitted
P03484,36,Male,Medium,Pediatric Asthma,3.7,Pediatrics,U014,F03,2026-08-21 18:00:00,Discharged
P03485,23,Female,Low,Palliative Care,2.6,Oncology,U010,F02,2026-08-16 23:00:00,Admitted
P03486,73,Female,Medium,Multi-organ Dysfunction,4.2,icu,U011,F03,2026-08-26 02:00:00,Admitted
P03487,80,Female,Low,Cellulitis,2.5,MedSurg,U008,F02,2026-08-29 16:00:00,Transfer Approved
P03488,87,Male,Medium,Acute Myocardial Infarction,4.6,Pediatrics,U002,F01,2026-08-25 18:00:00,Pending Transfer
P03489,57,Female,Low,Bronchiolitis,1.8,Pediatrics,U009,F02,2026-08-11 00:00:00,Pending Transfer
P03490,7,Non-Binary,High,Bronchiolitis,7.8,Pediatrics,U009,F02,2026-08-31 11:00:00,Pending Transfer
P03491,83,Male,Medium,Pediatric Asthma,5.1,Pediatrics,U014,F03,2026-08-04 11:00:00,Discharged
P03492,48,Female,Low,Stroke,2.8,EMERGENCY,U007,F02,2026-08-24 06:00:00,Pending Transfer
P03493,70,Female,Low,Palliative Care,1.6,Oncology,U005,F01,2026-08-18 12:00:00,Admitted
P03494,11,Non-Binary,Low,Polytrauma,3.4,EMERGENCY,U012,F03,2026-08-18 13:00:00,Pending Transfer
P03495,25,Male,Medium,Severe Abdominal Pain,5.1,EMERGENCY,U002,F01,2026-08-19 21:00:00,Admitted
P03496,91,Non-Binary,Medium,Cellulitis,,MedSurg,U008,F02,2026-08-31 08:00:00,Discharged
P03497,7,Female,Medium,Post-Cardiac Arrest,4.9,icu,U006,F02,2026-08-13 01:00:00,Admitted
P03498,91,Non-Binary,Medium,Diabetes Complications,3.7,MedSurg,U013,F03,2026-08-13 18:00:00,Admitted
P03499,53,Non-Binary,High,Tumor Lysis Syndrome,6.6,Oncology,U015,F03,2026-08-20 12:00:00,Admitted
P03500,5,Male,Low,Polytrauma,3.3,EMERGENCY,U012,F03,2026-08-15 07:00:00,Admitted
P03501,59,Male,High,Chemotherapy Monitoring,5.7,Oncology,U010,F02,2026-08-31 00:00:00,Transfer Approved
P03502,64,Female,Medium,Dehydration,5.0,Pediatrics,U004,F01,2026-08-30 11:00:00,Admitted
P03503,31,Female,Low,Chemotherapy Monitoring,2.6,Oncology,U005,F01,2026-08-28 01:00:00,Pending Transfer
P03504,46,Male,High,Dehydration,7.2,Pediatrics,U004,F01,2026-08-14 18:00:00,Transfer Approved
P03505,41,Non-Binary,Critical,Diabetes Complications,12.4,MedSurg,U003,F01,2026-08-05 00:00:00,Admitted
P03506,62,Female,Critical,Bronchiolitis,13.9,Pediatrics,U004,F01,2026-08-02 16:00:00,Discharged
P03507,56,Male,High,Dehydration,7.4,EMERGENCY,U014,F03,2026-08-23 19:00:00,Admitted
P03508,37,Male,Low,Bronchiolitis,2.5,Pediatrics,U009,F02,2026-08-01 13:00:00,Transfer Approved
P03509,50,Male,Low,Diabetes Complications,2.1,MedSurg,U003,F01,2026-08-15 01:00:00,Admitted
P03510,6,Female,Low,Severe Abdominal Pain,3.4,EMERGENCY,U012,F03,2026-08-07 22:00:00,Admitted
P03511,57,Non-Binary,Critical,Chemotherapy Monitoring,9.3,Oncology,U010,F02,2026-08-10 06:00:00,Admitted
P03512,67,Male,High,Severe Abdominal Pain,7.5,EMERGENCY,U007,F02,2026-08-28 17:00:00,Transfer Approved
P03513,46,Female,Medium,Polytrauma,5.5,EMERGENCY,U012,F03,2026-08-17 11:00:00,Admitted
P03514,49,Male,High,Multi-organ Dysfunction,5.7,icu,U011,F03,2026-08-01 16:00:00,Admitted
P03515,40,Non-Binary,Critical,Tumor Lysis Syndrome,11.9,MedSurg,U015,F03,2026-08-07 03:00:00,Admitted
P03516,18,Male,Low,Palliative Care,3.5,Oncology,U005,F01,2026-08-30 06:00:00,Admitted
P03517,36,Male,,Multi-organ Dysfunction,4.0,icu,U001,F01,2026-08-31 22:00:00,Pending Transfer
P03518,38,Non-Binary,,Febrile Neutropenia,5.0,Oncology,U015,F03,2026-08-15 11:00:00,Admitted
P03519,65,Non-Binary,Low,Multi-organ Dysfunction,3.4,icu,U011,F03,2026-08-12 22:00:00,Admitted
P03520,40,Female,,Diabetes Complications,4.6,MedSurg,U003,F01,2026-08-06 12:00:00,Admitted
P03521,58,Male,High,Acute Myocardial Infarction,8.2,EMERGENCY,U002,F01,2026-08-25 18:00:00,Pending Transfer
P03522,79,Non-Binary,Low,Acute Myocardial Infarction,2.0,EMERGENCY,U002,F01,2026-08-10 19:00:00,Discharged
P03523,61,Female,Medium,Acute Myocardial Infarction,4.4,EMERGENCY,U007,F02,2026-08-25 20:00:00,Admitted
P03524,91,Male,Medium,Bronchiolitis,3.6,Pediatrics,U004,F01,2026-08-20 10:00:00,Admitted
P03525,21,Female,Low,Septic Shock,1.6,icu,U011,F03,2026-08-23 21:00:00,Admitted
P03526,30,Male,Low,Palliative Care,2.3,Oncology,U005,F01,2026-08-21 05:00:00,Transfer Approved
P03527,1,Male,Medium,Acute Myocardial Infarction,4.5,EMERGENCY,U002,F01,2026-08-15 10:00:00,Pending Transfer
P03528,26,Female,Medium,Polytrauma,4.3,EMERGENCY,U007,F02,2026-08-25 22:00:00,Transfer Approved
P03529,52,Male,High,Post-Operative Recovery,6.9,MedSurg,U008,F02,2026-08-18 10:00:00,Admitted
P03530,86,Non-Binary,Low,Post-Cardiac Arrest,3.1,MedSurg,U001,F01,2026-08-06 03:00:00,Pending Transfer
P03531,58,Non-Binary,Medium,Bronchiolitis,4.7,Pediatrics,U014,F03,2026-08-29 20:00:00,Admitted
P03532,86,Male,Low,Septic Shock,2.7,icu,U001,F01,2026-08-16 14:00:00,Transfer Approved
P03533,75,Male,Low,Tumor Lysis Syndrome,1.8,Oncology,U015,F03,2026-08-01 07:00:00,Admitted
P03534,68,Female,Low,Pediatric Asthma,2.9,Pediatrics,U009,F02,2026-08-02 06:00:00,Pending Transfer
P03535,51,Female,Low,Severe Abdominal Pain,2.5,EMERGENCY,U002,F01,2026-08-21 14:00:00,Admitted
P03536,20,Female,Medium,Acute Respiratory Distress,4.8,icu,U001,F01,2026-08-01 10:00:00,Admitted
P03537,59,Non-Binary,Medium,Palliative Care,5.1,Oncology,U015,F03,2026-08-10 11:00:00,Admitted
P03538,66,Non-Binary,Critical,Tumor Lysis Syndrome,,Oncology,U015,F03,2026-08-13 12:00:00,Pending Transfer
P03539,75,Male,Low,Multi-organ Dysfunction,,icu,U006,F02,2026-08-29 01:00:00,Admitted
P03540,51,Female,Medium,Stroke,4.1,EMERGENCY,U012,F03,2026-08-09 04:00:00,Admitted
P03541,8,Non-Binary,Medium,Post-Cardiac Arrest,4.1,icu,U006,F02,2026-08-27 10:00:00,Admitted
P03542,13,Non-Binary,Low,Multi-organ Dysfunction,3.4,icu,U001,F01,2026-08-04 03:00:00,Pending Transfer
P03543,16,Non-Binary,High,Stroke,7.6,EMERGENCY,U002,F01,2026-08-15 00:00:00,Admitted
P03544,49,Female,Medium,Febrile Neutropenia,4.0,Oncology,U005,F01,2026-08-28 12:00:00,Admitted
P03545,45,Female,Medium,Acute Myocardial Infarction,3.7,EMERGENCY,U002,F01,2026-08-06 04:00:00,Admitted
P03546,59,Female,Low,Severe Abdominal Pain,2.6,EMERGENCY,U007,F02,2026-08-02 00:00:00,Admitted
P03547,87,Female,Low,Pediatric Asthma,1.5,icu,U009,F02,2026-08-24 14:00:00,Discharged
P03548,77,Male,Low,Congenital Heart Defect,1.9,Pediatrics,U014,F03,2026-08-10 18:00:00,Pending Transfer
P03549,32,Male,Critical,Septic Shock,8.6,MedSurg,U006,F02,2026-08-19 04:00:00,Admitted
P03550,61,Female,Medium,Chemotherapy Monitoring,5.4,Oncology,U015,F03,2026-08-03 14:00:00,Pending Transfer
P03551,50,Female,Medium,Dehydration,4.8,Pediatrics,U004,F01,2026-08-09 21:00:00,Admitted
P03552,86,Male,Low,Palliative Care,1.9,Oncology,U005,F01,2026-08-31 22:00:00,Admitted
P03553,66,Non-Binary,Medium,Post-Cardiac Arrest,4.5,icu,U006,F02,2026-08-11 03:00:00,Admitted
P03554,27,Male,Low,Post-Operative Recovery,2.6,MedSurg,U003,F01,2026-08-27 03:00:00,Transfer Approved
P03555,38,Female,Low,Dehydration,2.8,Pediatrics,U004,F01,2026-08-20 11:00:00,Transfer Approved
P03556,57,Female,High,Dehydration,6.1,Pediatrics,U004,F01,2026-08-13 08:00:00,Pending Transfer
P03557,23,Non-Binary,High,Febrile Neutropenia,7.6,Oncology,U010,F02,2026-08-12 16:00:00,Admitted
P03558,30,Female,Medium,Tumor Lysis Syndrome,4.3,Oncology,U005,F01,2026-08-14 20:00:00,Admitted
P03559,34,Male,Low,Chemotherapy Monitoring,2.3,Oncology,U015,F03,2026-08-10 10:00:00,Transfer Approved
P03560,18,Female,High,Tumor Lysis Syndrome,6.7,Oncology,U005,F01,2026-08-20 06:00:00,Admitted
P03561,49,Female,Critical,Cellulitis,9.3,MedSurg,U003,F01,2026-08-28 02:00:00,Admitted
P03562,59,Non-Binary,High,Diabetes Complications,8.4,MedSurg,U003,F01,2026-08-03 16:00:00,Admitted
P03563,60,Non-Binary,Critical,Post-Operative Recovery,11.7,MedSurg,U013,F03,2026-08-01 08:00:00,Admitted
P03564,32,Non-Binary,Low,Cellulitis,1.9,MedSurg,U008,F02,2026-08-03 20:00:00,Admitted
P03565,8,Male,Low,Post-Operative Recovery,2.8,MedSurg,U013,F03,2026-08-07 14:00:00,Pending Transfer
P03566,13,Female,Medium,Dehydration,4.9,Pediatrics,U009,F02,2026-08-30 21:00:00,Admitted
P03567,83,Female,High,Pneumonia,5.7,Pediatrics,U013,F03,2026-08-19 17:00:00,Admitted
P03568,72,Male,Medium,Stroke,4.8,EMERGENCY,U007,F02,2026-08-19 14:00:00,Admitted
P03569,40,Non-Binary,Low,Acute Respiratory Distress,1.6,icu,U011,F03,2026-08-26 20:00:00,Admitted
P03570,45,Non-Binary,Low,Dehydration,2.4,Pediatrics,U014,F03,2026-08-10 10:00:00,Pending Transfer
P03571,41,Male,Medium,Bronchiolitis,4.3,Pediatrics,U009,F02,2026-08-10 10:00:00,Admitted
P03572,84,Non-Binary,Medium,Severe Abdominal Pain,5.2,EMERGENCY,U002,F01,2026-08-06 10:00:00,Admitted
P03573,26,Male,Low,Diabetes Complications,3.0,Oncology,U003,F01,2026-08-23 20:00:00,Admitted
P03574,76,Male,Medium,Stroke,5.4,EMERGENCY,U007,F02,2026-08-08 01:00:00,Admitted
P03575,44,Non-Binary,Low,Septic Shock,3.2,icu,U011,F03,2026-08-16 02:00:00,Admitted
P03576,75,Non-Binary,Critical,Bronchiolitis,9.8,Pediatrics,U004,F01,2026-08-05 23:00:00,Admitted
P03577,43,Female,Medium,Diabetes Complications,4.2,MedSurg,U003,F01,2026-08-10 02:00:00,Transfer Approved
P03578,25,Male,Medium,Diabetes Complications,4.5,MedSurg,U003,F01,2026-08-18 05:00:00,Admitted
P03579,68,Female,Low,Multi-organ Dysfunction,3.1,icu,U011,F03,2026-08-12 16:00:00,Pending Transfer
P03580,82,Non-Binary,Medium,Acute Myocardial Infarction,4.3,EMERGENCY,U007,F02,2026-08-29 12:00:00,Pending Transfer
P03581,91,Non-Binary,High,Septic Shock,,icu,U011,F03,2026-08-12 14:00:00,Admitted
P03582,60,Non-Binary,Medium,Severe Abdominal Pain,3.7,EMERGENCY,U012,F03,2026-08-26 03:00:00,Admitted
P03583,61,Male,High,Post-Operative Recovery,5.5,MedSurg,U008,F02,2026-08-06 09:00:00,Discharged
P03584,33,Male,Medium,Acute Respiratory Distress,4.7,icu,U001,F01,2026-08-13 09:00:00,Admitted
P03585,83,Female,High,Congenital Heart Defect,5.6,Pediatrics,U014,F03,2026-08-04 13:00:00,Pending Transfer
P03586,34,Female,Low,Polytrauma,1.9,EMERGENCY,U012,F03,2026-08-22 02:00:00,Pending Transfer
P03587,22,Male,Medium,Septic Shock,5.0,icu,U011,F03,2026-08-23 16:00:00,Admitted
P03588,17,Male,Medium,Dehydration,4.3,Pediatrics,U004,F01,2026-08-09 15:00:00,Admitted
P03589,70,Female,High,Tumor Lysis Syndrome,6.5,Oncology,U015,F03,2026-08-19 17:00:00,Transfer Approved
P03590,12,Female,Low,Polytrauma,2.8,EMERGENCY,U002,F01,2026-08-22 01:00:00,Admitted
P03591,30,Non-Binary,Medium,Post-Operative Recovery,,MedSurg,U013,F03,2026-08-28 10:00:00,Admitted
P03592,35,Non-Binary,Low,Multi-organ Dysfunction,1.9,icu,U006,F02,2026-08-20 06:00:00,Admitted
P03593,76,Female,Low,Post-Operative Recovery,2.2,MedSurg,U008,F02,2026-08-05 11:00:00,Admitted
P03594,70,Male,High,Dehydration,8.5,Pediatrics,U009,F02,2026-08-23 12:00:00,Admitted
P03595,90,Female,Low,Cellulitis,3.4,MedSurg,U013,F03,2026-08-21 19:00:00,Admitted
P03596,7,Male,Medium,Congenital Heart Defect,5.0,Pediatrics,U009,F02,2026-08-16 00:00:00,Transfer Approved
P03597,21,Male,Low,Post-Cardiac Arrest,2.8,Pediatrics,U001,F01,2026-08-03 06:00:00,Admitted
P03598,38,Female,Medium,Febrile Neutropenia,3.7,Oncology,U015,F03,2026-08-16 00:00:00,Pending Transfer
P03599,66,Male,High,Septic Shock,6.8,icu,U001,F01,2026-08-01 21:00:00,Admitted
P03600,2,Male,Medium,Chemotherapy Monitoring,5.4,Oncology,U010,F02,2026-08-24 02:00:00,Admitted
P03601,66,Female,Medium,Cellulitis,3.7,MedSurg,U003,F01,2026-08-08 14:00:00,Admitted
P03602,3,Non-Binary,High,Bronchiolitis,8.2,Pediatrics,U004,F01,2026-08-08 01:00:00,Admitted
P03603,18,Male,Low,Febrile Neutropenia,2.4,Oncology,U005,F01,2026-08-16 23:00:00,Admitted
P03604,5,Non-Binary,High,Palliative Care,7.6,Oncology,U005,F01,2026-08-26 00:00:00,Admitted
P03605,4,Non-Binary,Low,Palliative Care,1.6,Oncology,U010,F02,2026-08-05 23:00:00,Admitted
P03606,9,Male,Medium,Tumor Lysis Syndrome,4.9,Oncology,U010,F02,2026-08-12 18:00:00,Admitted
P03607,38,Female,High,Cellulitis,7.0,MedSurg,U008,F02,2026-08-16 21:00:00,Transfer Approved
P03608,11,Non-Binary,High,Acute Respiratory Distress,8.3,icu,U006,F02,2026-08-30 09:00:00,Admitted
P03609,6,Male,Low,Severe Abdominal Pain,2.8,EMERGENCY,U007,F02,2026-08-06 06:00:00,Admitted
P03610,15,Female,Medium,Diabetes Complications,4.6,MedSurg,U008,F02,2026-08-09 16:00:00,Admitted
P03611,65,Female,High,Post-Operative Recovery,8.2,MedSurg,U013,F03,2026-08-19 16:00:00,Admitted
P03612,24,Female,High,Multi-organ Dysfunction,8.0,icu,U001,F01,2026-08-19 08:00:00,Pending Transfer
P03613,61,Male,Medium,Post-Operative Recovery,5.1,MedSurg,U003,F01,2026-08-25 17:00:00,Transfer Approved
P03614,42,Male,Low,Dehydration,2.5,EMERGENCY,U009,F02,2026-08-01 02:00:00,Admitted
P03615,16,Non-Binary,High,Bronchiolitis,7.5,Pediatrics,U009,F02,2026-08-25 17:00:00,Pending Transfer
P03616,45,Male,Low,Multi-organ Dysfunction,2.6,icu,U006,F02,2026-08-16 20:00:00,Admitted
P03617,71,Non-Binary,High,Febrile Neutropenia,7.0,Oncology,U005,F01,2026-08-19 23:00:00,Admitted
P03618,87,Female,Medium,Stroke,5.1,EMERGENCY,U007,F02,2026-08-02 07:00:00,Pending Transfer
P03619,69,Male,High,Pneumonia,7.8,MedSurg,U013,F03,2026-08-26 04:00:00,Admitted
P03620,68,Male,Low,Severe Abdominal Pain,3.1,MedSurg,U002,F01,2026-08-13 12:00:00,Admitted
P03621,86,Female,Medium,Febrile Neutropenia,4.3,Oncology,U005,F01,2026-08-23 18:00:00,Admitted
P03622,88,Female,Low,Chemotherapy Monitoring,2.2,Oncology,U010,F02,2026-08-16 01:00:00,Admitted
P03623,63,Female,Medium,Palliative Care,3.8,Oncology,U015,F03,2026-08-19 01:00:00,Admitted
P03624,14,Female,Medium,Tumor Lysis Syndrome,3.8,Oncology,U010,F02,2026-08-08 18:00:00,Admitted
P03625,46,Male,Low,Bronchiolitis,1.6,MedSurg,U004,F01,2026-08-25 00:00:00,Admitted
P03626,29,Male,Medium,Severe Abdominal Pain,,EMERGENCY,U007,F02,2026-08-30 13:00:00,Pending Transfer
P03627,26,Non-Binary,High,Bronchiolitis,7.5,Pediatrics,U009,F02,2026-08-06 11:00:00,Pending Transfer
P03628,19,Male,High,Pneumonia,6.6,MedSurg,U003,F01,2026-08-09 05:00:00,Pending Transfer
P03629,69,Male,Low,Stroke,1.9,EMERGENCY,U007,F02,2026-08-20 02:00:00,Admitted
P03630,36,Female,High,Multi-organ Dysfunction,8.3,icu,U001,F01,2026-08-20 22:00:00,Pending Transfer
P03631,16,Female,Medium,Acute Respiratory Distress,5.2,icu,U006,F02,2026-08-27 17:00:00,Transfer Approved
P03632,64,Male,Low,Multi-organ Dysfunction,3.4,icu,U011,F03,2026-08-18 09:00:00,Discharged
P03633,57,Female,Low,Palliative Care,1.8,Oncology,U015,F03,2026-08-23 02:00:00,Admitted
P03634,24,Female,Medium,Acute Respiratory Distress,3.6,icu,U001,F01,2026-08-22 19:00:00,Admitted
P03635,17,Female,Medium,Febrile Neutropenia,4.5,Oncology,U005,F01,2026-08-19 03:00:00,Pending Transfer
P03636,48,Male,Low,Dehydration,2.4,Pediatrics,U014,F03,2026-08-18 11:00:00,Admitted
P03637,1,Female,High,Septic Shock,5.8,icu,U006,F02,2026-08-03 16:00:00,Admitted
P03638,12,Non-Binary,Medium,Palliative Care,5.0,Oncology,U015,F03,2026-08-06 07:00:00,Admitted
P03639,61,Male,Low,Polytrauma,2.4,EMERGENCY,U012,F03,2026-08-26 07:00:00,Pending Transfer
P03640,26,Female,Medium,Acute Myocardial Infarction,4.7,EMERGENCY,U012,F03,2026-08-13 17:00:00,Admitted
P03641,10,Female,Critical,Cellulitis,10.8,MedSurg,U003,F01,2026-08-01 03:00:00,Admitted
P03642,85,Female,High,Acute Respiratory Distress,6.9,icu,U006,F02,2026-08-07 21:00:00,Pending Transfer
P03643,88,Non-Binary,Low,Post-Cardiac Arrest,2.1,icu,U001,F01,2026-08-19 05:00:00,Pending Transfer
P03644,54,Male,Medium,Cellulitis,4.5,MedSurg,U008,F02,2026-08-01 11:00:00,Admitted
P03645,15,Female,High,Septic Shock,6.1,icu,U006,F02,2026-08-06 04:00:00,Admitted
P03646,3,Male,Low,Pediatric Asthma,1.9,Pediatrics,U004,F01,2026-08-07 20:00:00,Admitted
P03647,79,Non-Binary,Medium,Polytrauma,4.5,EMERGENCY,U002,F01,2026-08-13 05:00:00,Admitted
P03648,82,Non-Binary,Low,Severe Abdominal Pain,1.9,EMERGENCY,U002,F01,2026-08-05 00:00:00,Admitted
P03649,5,Female,Low,Pediatric Asthma,3.2,Pediatrics,U014,F03,2026-08-24 07:00:00,Admitted
P03650,33,Male,Low,Post-Operative Recovery,3.5,MedSurg,U008,F02,2026-08-19 07:00:00,Pending Transfer
P03651,26,Male,Medium,Polytrauma,5.4,EMERGENCY,U007,F02,2026-08-17 19:00:00,Admitted
P03652,34,Female,Low,Post-Operative Recovery,1.5,icu,U008,F02,2026-08-25 08:00:00,Admitted
P03653,15,Non-Binary,Low,Bronchiolitis,3.4,Pediatrics,U004,F01,2026-08-08 16:00:00,Admitted
P03654,53,Male,Medium,Palliative Care,5.0,Oncology,U005,F01,2026-08-13 16:00:00,Admitted
P03655,65,Female,High,Multi-organ Dysfunction,8.2,icu,U006,F02,2026-08-26 23:00:00,Admitted
P03656,88,Female,Medium,Septic Shock,4.4,icu,U006,F02,2026-08-21 14:00:00,Admitted
P03657,68,Female,Low,Post-Operative Recovery,3.0,MedSurg,U003,F01,2026-08-21 14:00:00,Discharged
P03658,45,Male,Low,Congenital Heart Defect,3.0,Pediatrics,U014,F03,2026-08-28 01:00:00,Admitted
P03659,18,Non-Binary,High,Bronchiolitis,6.4,MedSurg,U009,F02,2026-08-06 20:00:00,Admitted
P03660,40,Non-Binary,Medium,Bronchiolitis,5.2,Pediatrics,U004,F01,2026-08-15 21:00:00,Admitted
P03661,51,Male,High,Post-Cardiac Arrest,6.5,icu,U011,F03,2026-08-03 23:00:00,Admitted
P03662,66,Female,Medium,Palliative Care,5.3,Oncology,U015,F03,2026-08-03 14:00:00,Admitted
P03663,87,Non-Binary,Low,Pediatric Asthma,2.9,Pediatrics,U014,F03,2026-08-12 10:00:00,Admitted
P03664,56,Non-Binary,Medium,Acute Myocardial Infarction,4.3,EMERGENCY,U002,F01,2026-08-01 06:00:00,Pending Transfer
P03665,51,Female,High,Stroke,99.0,EMERGENCY,U002,F01,2026-08-26 18:00:00,Admitted
P03666,53,Male,Critical,Post-Operative Recovery,13.9,MedSurg,U008,F02,2026-08-19 02:00:00,Pending Transfer
P03667,32,Female,Medium,Febrile Neutropenia,4.2,Oncology,U010,F02,2026-08-04 09:00:00,Pending Transfer
P03668,13,Female,Medium,Septic Shock,5.2,Oncology,U006,F02,2026-08-04 22:00:00,Admitted
P03669,77,Female,High,Dehydration,6.1,Pediatrics,U014,F03,2026-08-12 13:00:00,Pending Transfer
P03670,26,Male,High,Chemotherapy Monitoring,6.3,Pediatrics,U005,F01,2026-08-11 21:00:00,Admitted
P03671,14,Non-Binary,Critical,Stroke,10.0,EMERGENCY,U012,F03,2026-08-26 19:00:00,Admitted
P03672,12,Non-Binary,Critical,Febrile Neutropenia,13.3,Oncology,U010,F02,2026-08-02 16:00:00,Admitted
P03673,28,Non-Binary,High,Cellulitis,7.6,MedSurg,U013,F03,2026-08-04 13:00:00,Admitted
P03674,40,Female,Low,Acute Respiratory Distress,1.6,icu,U006,F02,2026-08-18 04:00:00,Pending Transfer
P03675,44,Non-Binary,Critical,Pneumonia,11.4,MedSurg,U003,F01,2026-08-24 18:00:00,Admitted
P03676,89,Male,Low,Polytrauma,1.7,EMERGENCY,U002,F01,2026-08-07 22:00:00,Admitted
P03677,45,Female,Low,Bronchiolitis,3.0,Pediatrics,U014,F03,2026-08-05 10:00:00,Pending Transfer
P03678,79,Non-Binary,High,Acute Respiratory Distress,5.8,Pediatrics,U006,F02,2026-08-25 07:00:00,Discharged
P03679,88,Female,Medium,Dehydration,4.8,Pediatrics,U014,F03,2026-08-21 00:00:00,Admitted
P03680,16,Non-Binary,Medium,Septic Shock,4.2,icu,U001,F01,2026-08-19 16:00:00,Admitted
P03681,19,Male,Critical,Post-Operative Recovery,9.8,MedSurg,U003,F01,2026-08-11 17:00:00,Admitted
P03682,48,Non-Binary,Low,Post-Cardiac Arrest,3.2,icu,U001,F01,2026-08-04 09:00:00,Admitted
P03683,22,Male,Critical,Chemotherapy Monitoring,11.2,Oncology,U005,F01,2026-08-03 17:00:00,Admitted
P03684,82,Non-Binary,High,Pediatric Asthma,7.6,EMERGENCY,U014,F03,2026-08-15 10:00:00,Admitted
P03685,3,Non-Binary,Critical,Cellulitis,13.3,MedSurg,U013,F03,2026-08-15 06:00:00,Admitted
P03686,40,Male,,Acute Respiratory Distress,3.5,icu,U001,F01,2026-08-29 10:00:00,Admitted
P03687,34,Non-Binary,Medium,Tumor Lysis Syndrome,4.7,Oncology,U010,F02,2026-08-24 15:00:00,Pending Transfer
P03688,10,Non-Binary,,Palliative Care,1.6,Oncology,U015,F03,2026-08-01 08:00:00,Admitted
P03689,72,Female,Medium,Acute Myocardial Infarction,3.7,EMERGENCY,U012,F03,2026-08-30 15:00:00,Admitted
P03690,39,Female,Low,Post-Operative Recovery,2.4,MedSurg,U003,F01,2026-08-08 05:00:00,Admitted
P03691,20,Non-Binary,Critical,Polytrauma,8.6,EMERGENCY,U002,F01,2026-08-01 16:00:00,Admitted
P03692,24,Female,Low,Septic Shock,2.7,icu,U006,F02,2026-08-03 04:00:00,Pending Transfer
P03693,43,Non-Binary,Medium,Congenital Heart Defect,3.8,Pediatrics,U014,F03,2026-08-24 18:00:00,Discharged
P03694,88,Non-Binary,High,Congenital Heart Defect,5.6,Pediatrics,U009,F02,2026-08-16 19:00:00,Admitted
P03695,29,Male,High,Multi-organ Dysfunction,7.7,icu,U011,F03,2026-08-06 05:00:00,Admitted
P03696,31,Male,Medium,Palliative Care,5.3,Oncology,U015,F03,2026-08-17 02:00:00,Transfer Approved
P03697,50,Male,Medium,Palliative Care,5.1,Pediatrics,U010,F02,2026-08-21 02:00:00,Transfer Approved
P03698,37,Male,High,Febrile Neutropenia,5.9,Oncology,U005,F01,2026-08-02 17:00:00,Admitted
P03699,64,Female,Low,Multi-organ Dysfunction,2.4,icu,U006,F02,2026-08-23 17:00:00,Admitted
P03700,26,Non-Binary,Medium,Multi-organ Dysfunction,3.6,icu,U011,F03,2026-08-21 08:00:00,Admitted
P03701,17,Male,Medium,Dehydration,5.4,Pediatrics,U009,F02,2026-08-06 00:00:00,Admitted
P03702,87,Non-Binary,Low,Acute Myocardial Infarction,2.2,EMERGENCY,U012,F03,2026-08-04 12:00:00,Admitted
P03703,74,Non-Binary,High,Acute Myocardial Infarction,6.7,EMERGENCY,U012,F03,2026-08-31 23:00:00,Admitted
P03704,86,Non-Binary,Low,Post-Operative Recovery,3.0,MedSurg,U013,F03,2026-08-15 21:00:00,Admitted
P03705,20,Male,Medium,Acute Respiratory Distress,4.4,icu,U011,F03,2026-08-29 00:00:00,Admitted
P03706,7,Female,Low,Chemotherapy Monitoring,2.4,Oncology,U015,F03,2026-08-25 08:00:00,Admitted
P03707,49,Male,Medium,Febrile Neutropenia,4.3,Oncology,U005,F01,2026-08-21 06:00:00,Transfer Approved
P03708,6,Female,Medium,Post-Cardiac Arrest,5.1,icu,U006,F02,2026-08-21 09:00:00,Pending Transfer
P03709,8,Male,Low,Post-Operative Recovery,2.4,MedSurg,U013,F03,2026-08-01 23:00:00,Admitted
P03710,19,Non-Binary,Low,Septic Shock,2.3,icu,U001,F01,2026-08-19 22:00:00,Admitted
P03711,20,Non-Binary,High,Bronchiolitis,8.3,Pediatrics,U009,F02,2026-08-13 04:00:00,Admitted
P03712,18,Non-Binary,Low,Septic Shock,3.2,icu,U001,F01,2026-08-14 19:00:00,Pending Transfer
P03713,73,Non-Binary,Medium,Septic Shock,5.4,icu,U001,F01,2026-08-19 15:00:00,Admitted
P03714,92,Non-Binary,Medium,Acute Myocardial Infarction,5.0,EMERGENCY,U007,F02,2026-08-11 19:00:00,Admitted
P03715,90,Non-Binary,Critical,Polytrauma,9.8,EMERGENCY,U012,F03,2026-08-14 11:00:00,Admitted
P03716,72,Non-Binary,Low,Febrile Neutropenia,3.2,Oncology,U010,F02,2026-08-13 11:00:00,Admitted
P03717,10,Female,Low,Post-Operative Recovery,2.9,MedSurg,U008,F02,2026-08-10 21:00:00,Admitted
P03718,62,Non-Binary,Low,Pediatric Asthma,3.3,Pediatrics,U004,F01,2026-08-27 15:00:00,Admitted
P03719,32,Male,Medium,Pediatric Asthma,5.1,Pediatrics,U004,F01,2026-08-26 09:00:00,Transfer Approved
P03720,83,Female,Medium,Pediatric Asthma,3.9,Pediatrics,U014,F03,2026-08-21 14:00:00,Admitted
P03721,76,Male,Low,Pneumonia,1.9,MedSurg,U008,F02,2026-08-27 03:00:00,Admitted
P03722,11,Male,Low,Post-Cardiac Arrest,2.9,icu,U006,F02,2026-08-06 16:00:00,Admitted
P03723,67,Non-Binary,,Palliative Care,3.2,Oncology,U015,F03,2026-08-12 03:00:00,Admitted
P03724,10,Non-Binary,Critical,Chemotherapy Monitoring,11.2,Oncology,U010,F02,2026-08-10 20:00:00,Admitted
P03725,47,Female,Medium,Tumor Lysis Syndrome,5.3,Oncology,U005,F01,2026-08-30 22:00:00,Pending Transfer
P03726,18,Female,Medium,Chemotherapy Monitoring,3.8,Oncology,U015,F03,2026-08-17 21:00:00,Admitted
P03727,86,Non-Binary,Low,Bronchiolitis,3.5,Pediatrics,U014,F03,2026-08-08 06:00:00,Pending Transfer
P03728,42,Male,Low,Post-Operative Recovery,2.0,MedSurg,U003,F01,2026-08-30 03:00:00,Admitted
P03729,37,Non-Binary,Low,Polytrauma,3.4,EMERGENCY,U012,F03,2026-08-11 00:00:00,Admitted
P03730,31,Male,Low,Post-Cardiac Arrest,1.5,icu,U006,F02,2026-08-06 00:00:00,Admitted
P03731,3,Male,High,Stroke,6.2,EMERGENCY,U007,F02,2026-08-16 03:00:00,Admitted
P03732,5,Male,Medium,Acute Respiratory Distress,3.8,icu,U006,F02,2026-08-04 04:00:00,Admitted
P03733,57,Female,Low,Congenital Heart Defect,3.2,EMERGENCY,U004,F01,2026-08-30 11:00:00,Discharged
P03734,37,Male,Critical,Septic Shock,11.0,icu,U011,F03,2026-08-24 15:00:00,Admitted
P03735,21,Non-Binary,Critical,Cellulitis,13.4,MedSurg,U003,F01,2026-08-06 18:00:00,Pending Transfer
P03736,30,Male,High,Pneumonia,7.1,Pediatrics,U013,F03,2026-08-17 15:00:00,Pending Transfer
P03737,31,Male,Medium,Acute Myocardial Infarction,3.8,EMERGENCY,U002,F01,2026-08-06 08:00:00,Admitted
P03738,27,Female,High,Tumor Lysis Syndrome,8.3,Oncology,U005,F01,2026-08-05 16:00:00,Admitted
P03739,82,Male,Medium,Polytrauma,3.9,EMERGENCY,U007,F02,2026-08-31 04:00:00,Admitted
P03740,14,Female,Low,Cellulitis,3.0,MedSurg,U008,F02,2026-08-18 09:00:00,Admitted
P03741,6,Female,Low,Acute Myocardial Infarction,2.9,Oncology,U012,F03,2026-08-21 19:00:00,Admitted
P03742,49,Female,,Cellulitis,3.9,MedSurg,U003,F01,2026-08-21 00:00:00,Admitted
P03743,38,Male,Medium,Febrile Neutropenia,4.3,Oncology,U010,F02,2026-08-22 03:00:00,Transfer Approved
P03744,54,Non-Binary,,Congenital Heart Defect,7.6,Pediatrics,U014,F03,2026-08-31 19:00:00,Discharged
P03745,84,Male,High,Febrile Neutropenia,6.5,Oncology,U005,F01,2026-08-26 12:00:00,Admitted
P03746,48,Non-Binary,High,Cellulitis,8.1,MedSurg,U003,F01,2026-08-02 02:00:00,Admitted
P03747,45,Non-Binary,Critical,Pneumonia,10.2,MedSurg,U008,F02,2026-08-03 16:00:00,Pending Transfer
P03748,6,Non-Binary,,Diabetes Complications,4.9,MedSurg,U008,F02,2026-08-06 00:00:00,Admitted
P03749,70,Male,High,Congenital Heart Defect,7.9,Oncology,U004,F01,2026-08-04 06:00:00,Admitted
P03750,30,Female,Low,Cellulitis,1.9,MedSurg,U008,F02,2026-08-19 19:00:00,Admitted
P03751,44,Female,High,Cellulitis,6.6,MedSurg,U013,F03,2026-08-17 19:00:00,Admitted
P03752,55,Female,Critical,Acute Myocardial Infarction,9.8,EMERGENCY,U007,F02,2026-08-03 04:00:00,Pending Transfer
P03753,92,Female,,Dehydration,4.4,MedSurg,U004,F01,2026-08-06 05:00:00,Admitted
P03754,64,Female,High,Post-Operative Recovery,6.2,MedSurg,U013,F03,2026-08-10 07:00:00,Admitted
P03755,64,Non-Binary,Medium,Diabetes Complications,3.6,MedSurg,U013,F03,2026-08-02 22:00:00,Admitted
P03756,13,Male,Medium,Febrile Neutropenia,5.3,Oncology,U005,F01,2026-08-12 14:00:00,Admitted
P03757,49,Male,Low,Pneumonia,3.1,MedSurg,U013,F03,2026-08-05 11:00:00,Pending Transfer
P03758,79,Non-Binary,Medium,Cellulitis,4.0,MedSurg,U008,F02,2026-08-01 10:00:00,Admitted
P03759,69,Non-Binary,Medium,Post-Operative Recovery,3.9,MedSurg,U003,F01,2026-08-03 20:00:00,Admitted
P03760,14,Male,Medium,Post-Cardiac Arrest,3.7,icu,U011,F03,2026-08-23 07:00:00,Admitted
P03761,57,Female,Low,Febrile Neutropenia,3.0,Oncology,U015,F03,2026-08-14 05:00:00,Admitted
P03762,66,Non-Binary,Low,Post-Cardiac Arrest,2.0,icu,U011,F03,2026-08-14 06:00:00,Admitted
P03763,18,Non-Binary,Medium,Septic Shock,4.8,icu,U001,F01,2026-08-11 21:00:00,Admitted
P03764,67,Non-Binary,Medium,Congenital Heart Defect,5.2,Pediatrics,U004,F01,2026-08-27 04:00:00,Admitted
P03765,56,Female,High,Tumor Lysis Syndrome,5.6,Oncology,U005,F01,2026-08-07 08:00:00,Admitted
P03766,70,Male,Low,Dehydration,3.1,Pediatrics,U004,F01,2026-08-11 11:00:00,Admitted
P03767,5,Female,Medium,Tumor Lysis Syndrome,4.9,Oncology,U010,F02,2026-08-25 00:00:00,Admitted
P03768,23,Non-Binary,Medium,Multi-organ Dysfunction,5.0,icu,U006,F02,2026-08-25 06:00:00,Admitted
P03769,54,Female,High,Dehydration,6.8,Pediatrics,U004,F01,2026-08-05 10:00:00,Admitted
P03770,73,Female,Medium,Polytrauma,3.5,EMERGENCY,U002,F01,2026-08-18 18:00:00,Transfer Approved
P03771,13,Non-Binary,Medium,Febrile Neutropenia,5.4,Oncology,U010,F02,2026-08-16 00:00:00,Admitted
P03772,4,Non-Binary,Medium,Post-Operative Recovery,4.0,MedSurg,U013,F03,2026-08-07 20:00:00,Admitted
P03773,48,Male,High,Multi-organ Dysfunction,7.3,icu,U006,F02,2026-08-06 05:00:00,Admitted
P03774,74,Female,Low,Cellulitis,1.6,MedSurg,U008,F02,2026-08-05 14:00:00,Admitted
P03775,36,Non-Binary,Medium,Febrile Neutropenia,5.1,Oncology,U010,F02,2026-08-10 22:00:00,Admitted
P03776,42,Male,High,Severe Abdominal Pain,6.7,EMERGENCY,U012,F03,2026-08-30 05:00:00,Admitted
P03777,61,Female,High,Pediatric Asthma,6.4,Pediatrics,U014,F03,2026-08-09 20:00:00,Admitted
P03778,62,Female,High,Febrile Neutropenia,6.8,Oncology,U010,F02,2026-08-17 12:00:00,Discharged
P03779,2,Male,Medium,Chemotherapy Monitoring,4.4,Oncology,U010,F02,2026-08-06 18:00:00,Transfer Approved
P03780,61,Female,Critical,Polytrauma,13.9,EMERGENCY,U002,F01,2026-08-13 18:00:00,Admitted
P03781,81,Non-Binary,Low,Post-Operative Recovery,2.1,MedSurg,U003,F01,2026-08-07 03:00:00,Admitted
P03782,14,Non-Binary,Low,Post-Cardiac Arrest,2.6,icu,U011,F03,2026-08-22 11:00:00,Admitted
P03783,23,Female,Medium,Multi-organ Dysfunction,4.5,icu,U006,F02,2026-08-15 03:00:00,Admitted
P03784,86,Male,Low,Pneumonia,3.3,MedSurg,U008,F02,2026-08-28 20:00:00,Admitted
P03785,26,Non-Binary,High,Post-Operative Recovery,7.3,MedSurg,U003,F01,2026-08-07 10:00:00,Admitted
P03786,9,Non-Binary,Medium,Multi-organ Dysfunction,4.3,icu,U011,F03,2026-08-07 21:00:00,Admitted
P03787,60,Female,Medium,Stroke,5.4,EMERGENCY,U007,F02,2026-08-03 14:00:00,Admitted
P03788,17,Male,Low,Cellulitis,2.2,MedSurg,U013,F03,2026-08-20 07:00:00,Admitted
P03789,6,Female,Low,Stroke,1.9,EMERGENCY,U002,F01,2026-08-07 08:00:00,Transfer Approved
P03790,19,Male,High,Acute Myocardial Infarction,7.9,EMERGENCY,U002,F01,2026-08-16 17:00:00,Pending Transfer
P03791,29,Female,Critical,Chemotherapy Monitoring,10.3,Oncology,U010,F02,2026-08-16 17:00:00,Pending Transfer
P03792,75,Male,Low,Dehydration,3.4,Pediatrics,U014,F03,2026-08-16 01:00:00,Admitted
P03793,41,Non-Binary,Low,Palliative Care,3.4,Oncology,U010,F02,2026-08-31 20:00:00,Admitted
P03794,51,Non-Binary,Critical,Post-Operative Recovery,9.1,MedSurg,U013,F03,2026-08-20 01:00:00,Pending Transfer
P03795,83,Non-Binary,Low,Pneumonia,2.9,MedSurg,U003,F01,2026-08-06 08:00:00,Admitted
P03796,81,Female,Medium,Post-Operative Recovery,3.8,MedSurg,U013,F03,2026-08-14 18:00:00,Admitted
P03797,64,Female,Low,Diabetes Complications,2.3,MedSurg,U003,F01,2026-08-10 09:00:00,Pending Transfer
P03798,54,Male,Low,Bronchiolitis,2.3,Pediatrics,U004,F01,2026-08-07 11:00:00,Transfer Approved
P03799,13,Non-Binary,Low,Chemotherapy Monitoring,2.9,Oncology,U015,F03,2026-08-13 09:00:00,Pending Transfer
P03800,84,Female,High,Acute Myocardial Infarction,8.4,EMERGENCY,U002,F01,2026-08-12 01:00:00,Admitted
P03801,2,Non-Binary,Low,Pneumonia,3.4,MedSurg,U003,F01,2026-08-25 05:00:00,Pending Transfer
P03802,38,Male,Low,Post-Cardiac Arrest,1.5,icu,U011,F03,2026-08-15 14:00:00,Transfer Approved
P03803,12,Male,Critical,Polytrauma,9.1,EMERGENCY,U002,F01,2026-08-16 14:00:00,Admitted
P03804,47,Male,Low,Acute Respiratory Distress,2.1,icu,U011,F03,2026-08-22 15:00:00,Admitted
P03805,21,Non-Binary,Low,Tumor Lysis Syndrome,3.1,Oncology,U015,F03,2026-08-26 07:00:00,Admitted
P03806,1,Male,High,Acute Respiratory Distress,8.0,icu,U006,F02,2026-08-02 21:00:00,Admitted
P03807,70,Male,High,Septic Shock,6.7,icu,U001,F01,2026-08-15 18:00:00,Admitted
P03808,21,Male,,Cellulitis,2.3,MedSurg,U008,F02,2026-08-09 20:00:00,Admitted
P03809,47,Male,Critical,Stroke,10.8,EMERGENCY,U002,F01,2026-08-09 21:00:00,Admitted
P03810,6,Non-Binary,High,Dehydration,7.7,Pediatrics,U004,F01,2026-08-10 13:00:00,Admitted
P03811,26,Male,High,Post-Cardiac Arrest,6.1,MedSurg,U001,F01,2026-08-27 18:00:00,Admitted
P03812,33,Non-Binary,Low,Pediatric Asthma,3.0,Pediatrics,U004,F01,2026-08-22 12:00:00,Pending Transfer
P03813,41,Female,Low,Tumor Lysis Syndrome,1.5,Oncology,U015,F03,2026-08-02 22:00:00,Admitted
P03814,48,Male,Low,Cellulitis,3.5,MedSurg,U003,F01,2026-08-03 02:00:00,Admitted
P03815,6,Male,Low,Tumor Lysis Syndrome,2.7,Oncology,U010,F02,2026-08-20 06:00:00,Admitted
P03816,67,Non-Binary,Low,Post-Cardiac Arrest,2.4,icu,U001,F01,2026-08-16 17:00:00,Discharged
P03817,58,Female,Low,Pneumonia,2.1,MedSurg,U003,F01,2026-08-19 17:00:00,Admitted
P03818,64,Male,Low,Septic Shock,1.7,icu,U011,F03,2026-08-23 17:00:00,Admitted
P03819,58,Non-Binary,Medium,Polytrauma,4.9,EMERGENCY,U012,F03,2026-08-03 09:00:00,Admitted
P03820,8,Male,Critical,Cellulitis,13.3,MedSurg,U003,F01,2026-08-16 09:00:00,Admitted
P03821,35,Non-Binary,Medium,Febrile Neutropenia,4.1,Oncology,U010,F02,2026-08-25 09:00:00,Transfer Approved
P03822,10,Male,Low,Severe Abdominal Pain,1.8,Oncology,U007,F02,2026-08-03 04:00:00,Admitted
P03823,31,Female,Low,Severe Abdominal Pain,1.7,EMERGENCY,U012,F03,2026-08-22 06:00:00,Pending Transfer
P03824,17,Non-Binary,Critical,Acute Myocardial Infarction,11.7,icu,U002,F01,2026-08-09 15:00:00,Admitted
P03825,29,Male,Medium,Post-Operative Recovery,3.7,MedSurg,U008,F02,2026-08-16 03:00:00,Discharged
P03826,42,Male,Medium,Septic Shock,4.7,icu,U006,F02,2026-08-31 07:00:00,Admitted
P03827,3,Female,High,Post-Cardiac Arrest,5.6,Oncology,U006,F02,2026-08-02 03:00:00,Pending Transfer
P03828,30,Female,Critical,Cellulitis,10.3,MedSurg,U013,F03,2026-08-19 04:00:00,Admitted
P03829,5,Male,Medium,Febrile Neutropenia,5.0,Oncology,U015,F03,2026-08-06 18:00:00,Transfer Approved
P03830,34,Female,,Diabetes Complications,4.9,MedSurg,U008,F02,2026-08-15 18:00:00,Admitted
P03831,56,Female,High,Dehydration,8.4,Pediatrics,U009,F02,2026-08-29 16:00:00,Pending Transfer
P03832,35,Female,Critical,Polytrauma,9.2,EMERGENCY,U002,F01,2026-08-18 22:00:00,Admitted
P03833,70,Male,High,Bronchiolitis,7.6,icu,U009,F02,2026-08-28 00:00:00,Pending Transfer
P03834,65,Male,Medium,Diabetes Complications,3.7,MedSurg,U013,F03,2026-08-30 08:00:00,Admitted
P03835,80,Non-Binary,Low,Febrile Neutropenia,3.1,Oncology,U015,F03,2026-08-10 22:00:00,Transfer Approved
P03836,14,Non-Binary,Low,Bronchiolitis,3.4,Pediatrics,U014,F03,2026-08-21 11:00:00,Admitted
P03837,67,Non-Binary,Low,Acute Respiratory Distress,1.7,icu,U011,F03,2026-08-17 00:00:00,Admitted
P03838,74,Non-Binary,Medium,Dehydration,4.2,Pediatrics,U004,F01,2026-08-03 03:00:00,Admitted
P03839,24,Non-Binary,Medium,Stroke,3.6,EMERGENCY,U007,F02,2026-08-17 13:00:00,Transfer Approved
P03840,22,Non-Binary,Critical,Febrile Neutropenia,12.8,MedSurg,U005,F01,2026-08-17 04:00:00,Admitted
P03841,78,Male,Medium,Pneumonia,5.4,MedSurg,U013,F03,2026-08-13 20:00:00,Admitted
P03842,3,Male,Medium,Cellulitis,5.0,MedSurg,U008,F02,2026-08-24 13:00:00,Admitted
P03843,92,Female,Medium,Bronchiolitis,4.6,Pediatrics,U004,F01,2026-08-09 05:00:00,Admitted
P03844,43,Male,Critical,Tumor Lysis Syndrome,13.6,Oncology,U005,F01,2026-08-13 08:00:00,Transfer Approved
P03845,21,Male,,Stroke,3.6,EMERGENCY,U002,F01,2026-08-01 16:00:00,Admitted
P03846,19,Male,Medium,Bronchiolitis,3.7,Pediatrics,U009,F02,2026-08-02 06:00:00,Admitted
P03847,79,Female,Medium,Acute Respiratory Distress,3.7,icu,U011,F03,2026-08-04 17:00:00,Transfer Approved
P03848,56,Male,Medium,Post-Operative Recovery,3.9,MedSurg,U008,F02,2026-08-13 14:00:00,Admitted
P03849,58,Male,High,Chemotherapy Monitoring,5.8,Oncology,U010,F02,2026-08-26 15:00:00,Admitted
P03850,4,Female,High,Multi-organ Dysfunction,7.6,icu,U011,F03,2026-08-17 17:00:00,Admitted
P03851,64,Non-Binary,Medium,Diabetes Complications,3.6,MedSurg,U003,F01,2026-08-06 09:00:00,Pending Transfer
P03852,89,Male,Medium,Post-Cardiac Arrest,3.9,icu,U001,F01,2026-08-07 23:00:00,Admitted
P03853,64,Non-Binary,High,Diabetes Complications,6.6,Oncology,U003,F01,2026-08-10 10:00:00,Transfer Approved
P03854,59,Female,Medium,Palliative Care,5.0,Oncology,U015,F03,2026-08-20 15:00:00,Admitted
P03855,30,Female,Medium,Septic Shock,4.8,icu,U006,F02,2026-08-09 12:00:00,Admitted
P03856,65,Non-Binary,Low,Septic Shock,2.0,icu,U006,F02,2026-08-01 07:00:00,Admitted
P03857,11,Non-Binary,Low,Dehydration,2.3,Pediatrics,U009,F02,2026-08-10 09:00:00,Pending Transfer
P03858,84,Female,Low,Post-Cardiac Arrest,2.5,icu,U011,F03,2026-08-20 10:00:00,Admitted
P03859,40,Female,Low,Dehydration,2.8,EMERGENCY,U004,F01,2026-08-20 13:00:00,Admitted
P03860,47,Male,Medium,Pediatric Asthma,5.4,Pediatrics,U009,F02,2026-08-26 07:00:00,Pending Transfer
P03861,9,Non-Binary,Medium,Diabetes Complications,4.6,MedSurg,U008,F02,2026-08-21 13:00:00,Admitted
P03862,3,Male,Medium,Dehydration,4.1,Pediatrics,U014,F03,2026-08-01 17:00:00,Admitted
P03863,25,Non-Binary,Critical,Stroke,9.6,EMERGENCY,U007,F02,2026-08-12 00:00:00,Transfer Approved
P03864,46,Male,Low,Febrile Neutropenia,3.3,Oncology,U005,F01,2026-08-05 12:00:00,Pending Transfer
P03865,88,Female,Medium,Acute Respiratory Distress,4.2,icu,U011,F03,2026-08-13 01:00:00,Admitted
P03866,57,Female,Low,Cellulitis,2.6,MedSurg,U003,F01,2026-08-15 07:00:00,Admitted
P03867,61,Non-Binary,Medium,Febrile Neutropenia,4.7,Oncology,U005,F01,2026-08-02 10:00:00,Admitted
P03868,28,Female,Low,Multi-organ Dysfunction,3.4,icu,U001,F01,2026-08-18 06:00:00,Admitted
P03869,48,Male,Critical,Post-Operative Recovery,12.5,MedSurg,U013,F03,2026-08-25 12:00:00,Admitted
P03870,75,Male,Low,Severe Abdominal Pain,1.9,EMERGENCY,U002,F01,2026-08-17 22:00:00,Admitted
P03871,33,Female,Medium,Post-Operative Recovery,3.8,MedSurg,U003,F01,2026-08-27 00:00:00,Admitted
P03872,70,Female,Low,Acute Respiratory Distress,3.2,icu,U006,F02,2026-08-01 11:00:00,Admitted
P03873,59,Non-Binary,Medium,Cellulitis,3.5,MedSurg,U008,F02,2026-08-04 05:00:00,Admitted
P03874,60,Female,Low,Congenital Heart Defect,1.8,Pediatrics,U014,F03,2026-08-26 22:00:00,Admitted
P03875,34,Non-Binary,Low,Diabetes Complications,2.3,MedSurg,U003,F01,2026-08-01 03:00:00,Pending Transfer
P03876,61,Non-Binary,Low,Diabetes Complications,1.8,MedSurg,U008,F02,2026-08-17 00:00:00,Admitted
P03877,59,Non-Binary,Low,Multi-organ Dysfunction,2.5,icu,U006,F02,2026-08-22 06:00:00,Pending Transfer
P03878,40,Male,Critical,Cellulitis,9.6,MedSurg,U003,F01,2026-08-29 23:00:00,Admitted
P03879,22,Male,High,Severe Abdominal Pain,6.3,EMERGENCY,U002,F01,2026-08-27 04:00:00,Admitted
P03880,23,Female,,Pneumonia,7.0,MedSurg,U003,F01,2026-08-04 11:00:00,Discharged
P03881,9,Female,High,Post-Operative Recovery,7.2,MedSurg,U008,F02,2026-08-22 02:00:00,Admitted
P03882,15,Male,High,Diabetes Complications,6.4,MedSurg,U013,F03,2026-08-30 19:00:00,Admitted
P03883,72,Non-Binary,Low,Palliative Care,2.8,Oncology,U005,F01,2026-08-12 17:00:00,Admitted
P03884,3,Male,Medium,Multi-organ Dysfunction,3.7,icu,U006,F02,2026-08-21 18:00:00,Admitted
P03885,81,Female,Low,Febrile Neutropenia,1.8,MedSurg,U015,F03,2026-08-23 23:00:00,Admitted
P03886,26,Non-Binary,Medium,Congenital Heart Defect,4.2,Pediatrics,U004,F01,2026-08-21 20:00:00,Admitted
P03887,50,Male,Medium,Tumor Lysis Syndrome,4.9,Oncology,U005,F01,2026-08-28 10:00:00,Pending Transfer
P03888,19,Female,High,Stroke,6.4,EMERGENCY,U007,F02,2026-08-04 02:00:00,Admitted
P03889,38,Male,High,Febrile Neutropenia,6.6,Oncology,U005,F01,2026-08-23 19:00:00,Admitted
P03890,75,Male,High,Stroke,6.1,EMERGENCY,U012,F03,2026-08-16 05:00:00,Admitted
P03891,48,Female,High,Severe Abdominal Pain,8.4,EMERGENCY,U002,F01,2026-08-04 22:00:00,Admitted
P03892,29,Female,Low,Diabetes Complications,,MedSurg,U008,F02,2026-08-24 04:00:00,Transfer Approved
P03893,49,Non-Binary,High,Post-Operative Recovery,5.8,MedSurg,U013,F03,2026-08-05 07:00:00,Admitted
P03894,69,Non-Binary,Medium,Post-Cardiac Arrest,4.0,icu,U001,F01,2026-08-28 14:00:00,Admitted
P03895,71,Female,Medium,Acute Myocardial Infarction,4.1,EMERGENCY,U002,F01,2026-08-29 16:00:00,Pending Transfer
P03896,90,Male,Medium,Multi-organ Dysfunction,4.5,icu,U001,F01,2026-08-07 07:00:00,Admitted
P03897,89,Non-Binary,Low,Chemotherapy Monitoring,2.2,Oncology,U010,F02,2026-08-25 17:00:00,Admitted
P03898,25,Female,Medium,Congenital Heart Defect,4.7,Pediatrics,U014,F03,2026-08-30 21:00:00,Admitted
P03899,62,Non-Binary,Low,Post-Operative Recovery,2.6,MedSurg,U008,F02,2026-08-08 16:00:00,Admitted
P03900,75,Female,Low,Palliative Care,1.9,Oncology,U015,F03,2026-08-25 10:00:00,Pending Transfer
P03901,11,Male,Medium,Stroke,4.1,EMERGENCY,U007,F02,2026-08-10 00:00:00,Pending Transfer
P03902,28,Male,Medium,Severe Abdominal Pain,4.4,EMERGENCY,U012,F03,2026-08-27 17:00:00,Pending Transfer
P03903,88,Female,High,Chemotherapy Monitoring,6.5,Oncology,U015,F03,2026-08-26 04:00:00,Discharged
P03904,52,Non-Binary,Critical,Post-Cardiac Arrest,13.3,icu,U006,F02,2026-08-23 09:00:00,Admitted
P03905,32,Male,Medium,Febrile Neutropenia,3.7,Oncology,U005,F01,2026-08-16 00:00:00,Admitted
P03906,89,Male,High,Multi-organ Dysfunction,7.0,icu,U006,F02,2026-08-17 05:00:00,Admitted
P03907,87,Non-Binary,Medium,Pediatric Asthma,4.9,Pediatrics,U004,F01,2026-08-30 02:00:00,Admitted
P03908,34,Male,Medium,Febrile Neutropenia,4.7,Oncology,U015,F03,2026-08-16 22:00:00,Admitted
P03909,66,Male,Low,Pneumonia,2.5,MedSurg,U013,F03,2026-08-15 01:00:00,Admitted
P03910,61,Non-Binary,High,Polytrauma,7.9,EMERGENCY,U002,F01,2026-08-04 12:00:00,Transfer Approved
P03911,13,Female,Low,Diabetes Complications,1.6,MedSurg,U003,F01,2026-08-28 03:00:00,Pending Transfer
P03912,60,Male,Low,Febrile Neutropenia,3.4,Oncology,U010,F02,2026-08-01 20:00:00,Admitted
P03913,45,Female,Low,Tumor Lysis Syndrome,2.9,Oncology,U010,F02,2026-08-02 22:00:00,Admitted
P03914,33,Non-Binary,Critical,Pediatric Asthma,,Pediatrics,U004,F01,2026-08-23 18:00:00,Admitted
P03915,43,Male,Medium,Cellulitis,3.9,MedSurg,U003,F01,2026-08-08 14:00:00,Admitted
P03916,89,Male,High,Palliative Care,7.1,Oncology,U015,F03,2026-08-30 16:00:00,Pending Transfer
P03917,6,Non-Binary,High,Septic Shock,6.9,icu,U011,F03,2026-08-05 16:00:00,Discharged
P03918,24,Female,,Post-Operative Recovery,2.2,MedSurg,U008,F02,2026-08-31 22:00:00,Transfer Approved
P03919,11,Female,Medium,Polytrauma,4.6,EMERGENCY,U007,F02,2026-08-18 12:00:00,Pending Transfer
P03920,11,Male,Low,Diabetes Complications,1.5,MedSurg,U003,F01,2026-08-14 01:00:00,Admitted
P03921,64,Non-Binary,Medium,Diabetes Complications,4.0,MedSurg,U003,F01,2026-08-08 18:00:00,Admitted
P03922,88,Non-Binary,Medium,Chemotherapy Monitoring,3.9,Oncology,U005,F01,2026-08-20 17:00:00,Transfer Approved
P03923,74,Non-Binary,Low,Acute Myocardial Infarction,1.5,EMERGENCY,U012,F03,2026-08-24 13:00:00,Admitted
P03924,51,Male,Low,Pneumonia,3.1,MedSurg,U008,F02,2026-08-12 17:00:00,Transfer Approved
P03925,57,Male,Medium,Post-Operative Recovery,4.7,MedSurg,U003,F01,2026-08-13 00:00:00,Admitted
P03926,56,Female,Medium,Palliative Care,4.8,Oncology,U015,F03,2026-08-14 03:00:00,Admitted
P03927,90,Non-Binary,High,Acute Myocardial Infarction,8.3,EMERGENCY,U002,F01,2026-08-13 09:00:00,Admitted
P03928,58,Non-Binary,Low,Cellulitis,2.3,MedSurg,U003,F01,2026-08-16 14:00:00,Admitted
P03929,90,Non-Binary,Medium,Diabetes Complications,5.3,MedSurg,U003,F01,2026-08-19 03:00:00,Admitted
P03930,45,Female,Medium,Stroke,4.0,EMERGENCY,U007,F02,2026-08-02 15:00:00,Admitted
P03931,63,Non-Binary,Medium,Bronchiolitis,3.9,Pediatrics,U009,F02,2026-08-11 04:00:00,Admitted
P03932,53,Female,Medium,Multi-organ Dysfunction,3.8,icu,U006,F02,2026-08-18 22:00:00,Admitted
P03933,52,Female,Medium,Post-Operative Recovery,4.8,MedSurg,U008,F02,2026-08-09 01:00:00,Pending Transfer
P03934,24,Non-Binary,High,Tumor Lysis Syndrome,6.5,Oncology,U010,F02,2026-08-01 11:00:00,Admitted
P03935,3,Male,Critical,Tumor Lysis Syndrome,10.9,Oncology,U010,F02,2026-08-19 05:00:00,Pending Transfer
P03936,60,Male,Low,Multi-organ Dysfunction,1.7,icu,U006,F02,2026-08-19 04:00:00,Pending Transfer
P03937,12,Male,High,Severe Abdominal Pain,6.0,EMERGENCY,U012,F03,2026-08-21 21:00:00,Admitted
P03938,73,Female,Critical,Polytrauma,12.1,EMERGENCY,U007,F02,2026-08-25 14:00:00,Discharged
P03939,32,Female,Medium,Septic Shock,5.2,icu,U006,F02,2026-08-23 06:00:00,Admitted
P03940,34,Non-Binary,Low,Stroke,3.5,EMERGENCY,U012,F03,2026-08-08 23:00:00,Discharged
P03941,41,Male,Low,Acute Myocardial Infarction,1.6,EMERGENCY,U002,F01,2026-08-25 08:00:00,Admitted
P03942,19,Non-Binary,Low,Dehydration,3.1,Oncology,U004,F01,2026-08-15 10:00:00,Admitted
P03943,2,Non-Binary,Low,Tumor Lysis Syndrome,1.9,Oncology,U015,F03,2026-08-21 15:00:00,Admitted
P03944,60,Non-Binary,Medium,Cellulitis,5.0,MedSurg,U013,F03,2026-08-22 17:00:00,Pending Transfer
P03945,5,Male,Low,Febrile Neutropenia,3.2,Oncology,U005,F01,2026-08-04 10:00:00,Admitted
P03946,81,Female,High,Pneumonia,8.4,MedSurg,U003,F01,2026-08-03 08:00:00,Admitted
P03947,58,Male,Low,Multi-organ Dysfunction,2.3,icu,U006,F02,2026-08-03 18:00:00,Admitted
P03948,92,Female,Low,Tumor Lysis Syndrome,2.3,Oncology,U005,F01,2026-08-14 17:00:00,Admitted
P03949,77,Female,Medium,Chemotherapy Monitoring,5.0,Oncology,U005,F01,2026-08-10 22:00:00,Admitted
P03950,85,Female,Low,Palliative Care,2.3,Oncology,U010,F02,2026-08-31 03:00:00,Admitted
P03951,54,Male,Medium,Post-Cardiac Arrest,4.3,icu,U011,F03,2026-08-13 22:00:00,Admitted
P03952,65,Male,Medium,Septic Shock,4.2,icu,U011,F03,2026-08-22 05:00:00,Pending Transfer
P03953,34,Non-Binary,Medium,Stroke,4.4,EMERGENCY,U007,F02,2026-08-08 09:00:00,Admitted
P03954,89,Female,High,Severe Abdominal Pain,6.6,EMERGENCY,U007,F02,2026-08-25 07:00:00,Admitted
P03955,8,Male,Medium,Tumor Lysis Syndrome,5.4,Oncology,U010,F02,2026-08-25 07:00:00,Admitted
P03956,74,Male,High,Stroke,8.2,EMERGENCY,U007,F02,2026-08-17 12:00:00,Pending Transfer
P03957,3,Male,Low,Palliative Care,,Oncology,U015,F03,2026-08-23 13:00:00,Admitted
P03958,74,Non-Binary,Low,Febrile Neutropenia,2.4,Oncology,U010,F02,2026-08-07 21:00:00,Transfer Approved
P03959,46,Non-Binary,Low,Tumor Lysis Syndrome,2.6,Oncology,U005,F01,2026-08-25 01:00:00,Admitted
P03960,70,Male,High,Congenital Heart Defect,8.0,Pediatrics,U014,F03,2026-08-25 19:00:00,Admitted
P03961,48,Male,Medium,Dehydration,3.9,Pediatrics,U004,F01,2026-08-15 08:00:00,Admitted
P03962,18,Non-Binary,Critical,Tumor Lysis Syndrome,8.9,Oncology,U010,F02,2026-08-19 08:00:00,Admitted
P03963,18,Male,Medium,Multi-organ Dysfunction,4.0,icu,U001,F01,2026-08-09 09:00:00,Admitted
P03964,53,Female,Low,Polytrauma,2.7,EMERGENCY,U012,F03,2026-08-26 20:00:00,Admitted
P03965,78,Non-Binary,Low,Bronchiolitis,2.9,Pediatrics,U009,F02,2026-08-28 01:00:00,Admitted
P03966,58,Male,Medium,Acute Myocardial Infarction,4.7,EMERGENCY,U007,F02,2026-08-11 17:00:00,Admitted
P03967,48,Male,Medium,Cellulitis,3.5,MedSurg,U013,F03,2026-08-16 02:00:00,Admitted
P03968,13,Female,High,Polytrauma,6.5,EMERGENCY,U002,F01,2026-08-11 04:00:00,Admitted
P03969,69,Female,High,Septic Shock,5.9,icu,U006,F02,2026-08-05 05:00:00,Transfer Approved
P03970,51,Male,Medium,Dehydration,4.4,Pediatrics,U014,F03,2026-08-28 23:00:00,Discharged
P03971,79,Non-Binary,Medium,Multi-organ Dysfunction,3.8,icu,U001,F01,2026-08-15 11:00:00,Admitted
P03972,90,Non-Binary,Low,Palliative Care,2.4,Oncology,U005,F01,2026-08-29 03:00:00,Admitted
P03973,29,Female,Critical,Stroke,13.3,MedSurg,U012,F03,2026-08-28 17:00:00,Admitted
P03974,66,Non-Binary,High,Bronchiolitis,8.5,Pediatrics,U004,F01,2026-08-12 03:00:00,Admitted
P03975,78,Male,Low,Post-Cardiac Arrest,2.6,icu,U011,F03,2026-08-30 08:00:00,Discharged
P03976,35,Non-Binary,Low,Dehydration,1.6,Pediatrics,U004,F01,2026-08-30 14:00:00,Pending Transfer
P03977,11,Female,Low,Septic Shock,2.4,MedSurg,U001,F01,2026-08-25 19:00:00,Pending Transfer
P03978,62,Non-Binary,Low,Pneumonia,2.3,MedSurg,U003,F01,2026-08-11 03:00:00,Admitted
P03979,79,Non-Binary,High,Dehydration,5.8,Pediatrics,U009,F02,2026-08-20 19:00:00,Pending Transfer
P03980,8,Female,Critical,Acute Myocardial Infarction,13.3,Pediatrics,U002,F01,2026-08-28 18:00:00,Discharged
P03981,33,Female,Low,Pneumonia,3.0,MedSurg,U013,F03,2026-08-28 10:00:00,Transfer Approved
P03982,28,Non-Binary,Medium,Congenital Heart Defect,3.8,Pediatrics,U014,F03,2026-08-28 23:00:00,Admitted
P03983,60,Male,Critical,Tumor Lysis Syndrome,9.7,Oncology,U005,F01,2026-08-01 08:00:00,Discharged
P03984,54,Non-Binary,Low,Multi-organ Dysfunction,3.2,icu,U006,F02,2026-08-05 00:00:00,Admitted
P03985,46,Female,Low,Multi-organ Dysfunction,3.4,icu,U006,F02,2026-08-06 20:00:00,Admitted
P03986,68,Female,High,Pneumonia,8.3,MedSurg,U013,F03,2026-08-21 07:00:00,Transfer Approved
P03987,21,Female,Low,Post-Cardiac Arrest,2.8,icu,U006,F02,2026-08-06 03:00:00,Pending Transfer
P03988,34,Female,Medium,Bronchiolitis,3.7,Pediatrics,U004,F01,2026-08-17 17:00:00,Admitted
P03989,45,Female,Medium,Cellulitis,4.2,MedSurg,U013,F03,2026-08-19 15:00:00,Admitted
P03990,57,Non-Binary,Medium,Congenital Heart Defect,3.9,Pediatrics,U014,F03,2026-08-11 22:00:00,Admitted
P03991,9,Male,Medium,Stroke,3.6,MedSurg,U002,F01,2026-08-13 05:00:00,Admitted
P03992,43,Female,Medium,Bronchiolitis,4.7,Pediatrics,U009,F02,2026-08-20 19:00:00,Admitted
P03993,79,Female,Medium,Acute Respiratory Distress,4.6,EMERGENCY,U011,F03,2026-08-16 22:00:00,Pending Transfer
P03994,31,Female,High,Post-Operative Recovery,6.2,MedSurg,U013,F03,2026-08-04 06:00:00,Admitted
P03995,42,Non-Binary,Low,Cellulitis,2.0,MedSurg,U003,F01,2026-08-19 03:00:00,Transfer Approved
P03996,48,Female,Medium,Severe Abdominal Pain,4.4,Oncology,U007,F02,2026-08-03 07:00:00,Admitted
P03997,17,Male,High,Palliative Care,6.4,Oncology,U005,F01,2026-08-06 01:00:00,Admitted
P03998,26,Female,Low,Tumor Lysis Syndrome,3.0,Oncology,U005,F01,2026-08-09 04:00:00,Admitted
P03999,64,Female,Medium,Severe Abdominal Pain,4.2,Pediatrics,U007,F02,2026-08-12 15:00:00,Admitted
P04000,6,Female,Low,Palliative Care,3.1,Oncology,U015,F03,2026-08-07 10:00:00,Pending Transfer
P04001,42,Female,High,Multi-organ Dysfunction,6.3,icu,U001,F01,2026-08-29 15:00:00,Admitted
P04002,42,Non-Binary,High,Cellulitis,5.6,MedSurg,U008,F02,2026-08-04 02:00:00,Admitted
P04003,89,Female,Critical,Pneumonia,10.0,MedSurg,U003,F01,2026-08-14 14:00:00,Admitted
P04004,8,Non-Binary,Medium,Congenital Heart Defect,3.6,Pediatrics,U009,F02,2026-08-31 11:00:00,Admitted
P04005,40,Female,Low,Dehydration,1.8,Pediatrics,U009,F02,2026-08-11 20:00:00,Transfer Approved
P04006,36,Female,Medium,Febrile Neutropenia,4.6,Oncology,U015,F03,2026-08-01 13:00:00,Pending Transfer
P04007,85,Male,Medium,Palliative Care,5.2,icu,U010,F02,2026-08-20 00:00:00,Admitted
P04008,27,Non-Binary,High,Chemotherapy Monitoring,7.1,Oncology,U015,F03,2026-08-23 10:00:00,Admitted
P04009,92,Male,Critical,Severe Abdominal Pain,12.9,EMERGENCY,U007,F02,2026-08-26 12:00:00,Admitted
P04010,87,Male,Medium,Stroke,5.0,EMERGENCY,U002,F01,2026-08-24 22:00:00,Admitted
P04011,15,Male,High,Tumor Lysis Syndrome,6.2,Oncology,U015,F03,2026-08-03 17:00:00,Admitted
P04012,62,Non-Binary,Low,Multi-organ Dysfunction,2.7,icu,U006,F02,2026-08-17 15:00:00,Admitted
P04013,2,Female,High,Severe Abdominal Pain,5.9,Oncology,U012,F03,2026-08-21 00:00:00,Admitted
P04014,7,Male,Low,Post-Operative Recovery,2.6,EMERGENCY,U003,F01,2026-08-15 20:00:00,Admitted
P04015,10,Male,High,Cellulitis,7.5,MedSurg,U008,F02,2026-08-04 15:00:00,Admitted
P04016,40,Male,High,Pneumonia,6.8,MedSurg,U008,F02,2026-08-06 20:00:00,Admitted
P04017,89,Non-Binary,Medium,Cellulitis,5.4,MedSurg,U013,F03,2026-08-31 13:00:00,Pending Transfer
P04018,68,Female,Low,Pneumonia,1.6,MedSurg,U003,F01,2026-08-22 20:00:00,Admitted
P04019,62,Female,High,Acute Myocardial Infarction,8.4,EMERGENCY,U012,F03,2026-08-24 07:00:00,Admitted
P04020,84,Non-Binary,High,Stroke,5.6,EMERGENCY,U002,F01,2026-08-31 13:00:00,Admitted
P04021,78,Non-Binary,Low,Chemotherapy Monitoring,2.7,Oncology,U015,F03,2026-08-11 10:00:00,Admitted
P04022,49,Male,Medium,Pediatric Asthma,4.4,Pediatrics,U009,F02,2026-08-30 05:00:00,Admitted
P04023,40,Female,Low,Diabetes Complications,3.2,MedSurg,U013,F03,2026-08-21 23:00:00,Admitted
P04024,79,Female,Medium,Post-Cardiac Arrest,5.0,icu,U011,F03,2026-08-15 11:00:00,Admitted
P04025,47,Male,High,Multi-organ Dysfunction,6.0,icu,U011,F03,2026-08-31 21:00:00,Admitted
P04026,87,Non-Binary,High,Multi-organ Dysfunction,6.7,icu,U006,F02,2026-08-20 05:00:00,Admitted
P04027,71,Female,High,Congenital Heart Defect,8.3,Pediatrics,U009,F02,2026-08-02 05:00:00,Admitted
P04028,58,Female,Medium,Post-Operative Recovery,4.9,MedSurg,U008,F02,2026-08-06 10:00:00,Transfer Approved
P04029,42,Female,High,Diabetes Complications,6.6,MedSurg,U013,F03,2026-08-25 03:00:00,Admitted
P04030,56,Female,Low,Pediatric Asthma,2.8,Pediatrics,U009,F02,2026-08-20 07:00:00,Discharged
P04031,38,Female,Low,Diabetes Complications,2.6,MedSurg,U013,F03,2026-08-11 05:00:00,Admitted
P04032,51,Male,Low,Severe Abdominal Pain,3.5,EMERGENCY,U012,F03,2026-08-28 06:00:00,Discharged
P04033,86,Male,Medium,Post-Cardiac Arrest,5.4,icu,U011,F03,2026-08-09 13:00:00,Pending Transfer
P04034,20,Female,High,Febrile Neutropenia,6.2,Oncology,U010,F02,2026-08-11 12:00:00,Discharged
P04035,88,Male,High,Palliative Care,6.2,Oncology,U010,F02,2026-08-20 02:00:00,Admitted
P04036,36,Non-Binary,Medium,Bronchiolitis,,Pediatrics,U009,F02,2026-08-25 18:00:00,Admitted
P04037,84,Female,High,Severe Abdominal Pain,6.0,EMERGENCY,U007,F02,2026-08-21 17:00:00,Admitted
P04038,40,Non-Binary,Low,Palliative Care,2.5,Oncology,U015,F03,2026-08-25 12:00:00,Admitted
P04039,83,Non-Binary,Critical,Stroke,10.5,EMERGENCY,U012,F03,2026-08-10 01:00:00,Pending Transfer
P04040,7,Male,Low,Chemotherapy Monitoring,2.1,Oncology,U015,F03,2026-08-16 08:00:00,Transfer Approved
P04041,77,Non-Binary,Medium,Febrile Neutropenia,3.8,Oncology,U015,F03,2026-08-28 08:00:00,Admitted
P04042,89,Male,Low,Pneumonia,3.0,icu,U003,F01,2026-08-23 23:00:00,Admitted
P04043,81,Non-Binary,Low,Tumor Lysis Syndrome,3.0,Oncology,U015,F03,2026-08-17 05:00:00,Admitted
P04044,16,Male,Critical,Multi-organ Dysfunction,11.9,icu,U011,F03,2026-08-09 15:00:00,Admitted
P04045,1,Female,Low,Chemotherapy Monitoring,1.8,Oncology,U005,F01,2026-08-31 06:00:00,Admitted
P04046,19,Male,Medium,Chemotherapy Monitoring,3.9,Oncology,U005,F01,2026-08-18 12:00:00,Admitted
P04047,36,Female,Low,Multi-organ Dysfunction,1.5,icu,U001,F01,2026-08-22 22:00:00,Admitted
P04048,24,Male,Low,Palliative Care,2.7,Oncology,U010,F02,2026-08-07 08:00:00,Pending Transfer
P04049,55,Female,Low,Polytrauma,1.7,EMERGENCY,U012,F03,2026-08-20 03:00:00,Transfer Approved
P04050,62,Non-Binary,Medium,Acute Respiratory Distress,4.3,icu,U001,F01,2026-08-16 02:00:00,Admitted
P04051,37,Male,High,Stroke,6.8,EMERGENCY,U007,F02,2026-08-21 14:00:00,Transfer Approved
P04052,9,Male,Low,Congenital Heart Defect,3.2,Pediatrics,U009,F02,2026-08-19 11:00:00,Admitted
P04053,39,Female,Low,Bronchiolitis,2.1,Pediatrics,U014,F03,2026-08-08 02:00:00,Pending Transfer
P04054,56,Male,Medium,Congenital Heart Defect,4.1,Pediatrics,U004,F01,2026-08-01 13:00:00,Admitted
P04055,15,Male,High,Bronchiolitis,7.1,icu,U009,F02,2026-08-23 16:00:00,Admitted
P04056,91,Male,High,Acute Respiratory Distress,6.4,icu,U006,F02,2026-08-22 05:00:00,Admitted
P04057,90,Male,High,Acute Respiratory Distress,,icu,U001,F01,2026-08-18 21:00:00,Pending Transfer
P04058,90,Female,Medium,Diabetes Complications,4.9,MedSurg,U013,F03,2026-08-10 00:00:00,Transfer Approved
P04059,21,Male,Medium,Dehydration,4.2,EMERGENCY,U004,F01,2026-08-05 17:00:00,Admitted
P04060,-5,Non-Binary,Medium,Cellulitis,4.2,MedSurg,U003,F01,2026-08-19 02:00:00,Pending Transfer
P04061,83,Non-Binary,High,Post-Cardiac Arrest,6.8,icu,U006,F02,2026-08-16 10:00:00,Admitted
P04062,68,Female,Critical,Post-Operative Recovery,11.1,MedSurg,U013,F03,2026-08-29 05:00:00,Admitted
P04063,24,Female,Medium,Post-Cardiac Arrest,4.4,icu,U001,F01,2026-08-08 16:00:00,Admitted
P04064,22,Female,Low,Diabetes Complications,3.5,MedSurg,U008,F02,2026-08-27 21:00:00,Admitted
P04065,34,Male,Low,Diabetes Complications,2.3,MedSurg,U013,F03,2026-08-27 08:00:00,Admitted
P04066,41,Female,High,Tumor Lysis Syndrome,7.2,Oncology,U005,F01,2026-08-13 02:00:00,Transfer Approved
P04067,50,Female,Low,Acute Myocardial Infarction,1.8,EMERGENCY,U007,F02,2026-08-16 14:00:00,Admitted
P04068,78,Non-Binary,Medium,Multi-organ Dysfunction,3.8,icu,U001,F01,2026-08-23 14:00:00,Admitted
P04069,48,Male,Low,Stroke,3.4,EMERGENCY,U002,F01,2026-08-12 17:00:00,Admitted
P04070,27,Female,Low,Acute Respiratory Distress,2.8,MedSurg,U001,F01,2026-08-08 13:00:00,Admitted
P04071,36,Male,High,Stroke,8.1,Oncology,U007,F02,2026-08-07 17:00:00,Admitted
P04072,92,Female,Low,Acute Myocardial Infarction,2.1,EMERGENCY,U002,F01,2026-08-22 21:00:00,Admitted
P04073,6,Female,High,Dehydration,6.0,Pediatrics,U009,F02,2026-08-23 10:00:00,Pending Transfer
P04074,40,Male,High,Multi-organ Dysfunction,5.7,icu,U006,F02,2026-08-11 18:00:00,Admitted
P04075,4,Female,Medium,Multi-organ Dysfunction,4.7,icu,U001,F01,2026-08-01 18:00:00,Pending Transfer
P04076,4,Non-Binary,Low,Multi-organ Dysfunction,2.7,icu,U006,F02,2026-08-07 09:00:00,Admitted
P04077,33,Male,Medium,Pediatric Asthma,5.4,Pediatrics,U009,F02,2026-08-02 15:00:00,Admitted
P04078,76,Non-Binary,High,Septic Shock,7.0,icu,U011,F03,2026-08-30 23:00:00,Pending Transfer
P04079,85,Female,High,Pediatric Asthma,8.0,Pediatrics,U014,F03,2026-08-02 16:00:00,Admitted
P04080,10,Male,Low,Tumor Lysis Syndrome,2.0,Oncology,U005,F01,2026-08-17 21:00:00,Pending Transfer
P04081,54,Female,Low,Palliative Care,3.1,Oncology,U010,F02,2026-08-14 18:00:00,Admitted
P04082,56,Female,Medium,Severe Abdominal Pain,4.6,EMERGENCY,U007,F02,2026-08-16 03:00:00,Admitted
P04083,5,Female,Medium,Septic Shock,4.3,icu,U006,F02,2026-08-14 21:00:00,Admitted
P04084,59,Non-Binary,Low,Acute Respiratory Distress,3.0,icu,U011,F03,2026-08-09 05:00:00,Admitted
P04085,15,Male,Low,Febrile Neutropenia,2.3,Oncology,U010,F02,2026-08-01 20:00:00,Pending Transfer
P04086,82,Male,Medium,Acute Respiratory Distress,4.0,icu,U011,F03,2026-08-16 23:00:00,Admitted
P04087,3,Female,Critical,Bronchiolitis,13.4,Pediatrics,U014,F03,2026-08-31 22:00:00,Admitted
P04088,36,Non-Binary,High,Pneumonia,5.6,MedSurg,U003,F01,2026-08-15 00:00:00,Transfer Approved
P04089,30,Female,High,Pediatric Asthma,6.5,Pediatrics,U004,F01,2026-08-23 07:00:00,Admitted
P04090,65,Female,Medium,Post-Cardiac Arrest,5.0,icu,U001,F01,2026-08-22 20:00:00,Admitted
P04091,4,Female,Low,Pediatric Asthma,2.1,Pediatrics,U009,F02,2026-08-07 20:00:00,Admitted
P04092,67,Female,Medium,Diabetes Complications,5.0,MedSurg,U008,F02,2026-08-01 19:00:00,Admitted
P04093,33,Male,Low,Tumor Lysis Syndrome,3.2,Oncology,U015,F03,2026-08-30 12:00:00,Pending Transfer
P04094,29,Male,High,Pediatric Asthma,6.4,Pediatrics,U014,F03,2026-08-03 01:00:00,Admitted
P04095,15,Non-Binary,High,Pediatric Asthma,5.9,Pediatrics,U009,F02,2026-08-15 05:00:00,Admitted
P04096,90,Male,High,Stroke,8.4,EMERGENCY,U002,F01,2026-08-19 01:00:00,Admitted
P04097,92,Non-Binary,Low,Stroke,2.0,EMERGENCY,U012,F03,2026-08-20 22:00:00,Admitted
P04098,28,Female,,Diabetes Complications,3.4,MedSurg,U013,F03,2026-08-20 18:00:00,Admitted
P04099,20,Non-Binary,High,Cellulitis,8.1,MedSurg,U003,F01,2026-08-08 23:00:00,Admitted
P04100,33,Non-Binary,Low,Cellulitis,3.5,MedSurg,U013,F03,2026-08-26 01:00:00,Admitted
P04101,49,Female,Low,Tumor Lysis Syndrome,1.7,Oncology,U005,F01,2026-08-20 08:00:00,Admitted
P04102,52,Male,Critical,Dehydration,9.7,Pediatrics,U014,F03,2026-08-12 02:00:00,Admitted
P04103,83,Female,Medium,Diabetes Complications,4.2,MedSurg,U013,F03,2026-08-12 07:00:00,Admitted
P04104,92,Non-Binary,Low,Septic Shock,3.2,icu,U006,F02,2026-08-27 05:00:00,Admitted
P04105,63,Female,Low,Cellulitis,1.9,MedSurg,U013,F03,2026-08-02 04:00:00,Admitted
P04106,50,Non-Binary,Critical,Post-Cardiac Arrest,13.0,icu,U006,F02,2026-08-09 13:00:00,Admitted
P04107,61,Male,Low,Stroke,1.7,EMERGENCY,U007,F02,2026-08-23 08:00:00,Admitted
P04108,50,Female,Low,Septic Shock,2.9,Pediatrics,U001,F01,2026-08-09 01:00:00,Pending Transfer
P04109,31,Male,Low,Septic Shock,3.3,icu,U001,F01,2026-08-14 07:00:00,Admitted
P04110,85,Female,Medium,Dehydration,4.3,Pediatrics,U004,F01,2026-08-07 18:00:00,Admitted
P04111,58,Male,Low,Chemotherapy Monitoring,2.4,Oncology,U005,F01,2026-08-02 20:00:00,Pending Transfer
P04112,24,Non-Binary,Medium,Congenital Heart Defect,4.1,Pediatrics,U014,F03,2026-08-03 04:00:00,Admitted
P04113,65,Male,Critical,Diabetes Complications,13.7,MedSurg,U008,F02,2026-08-25 14:00:00,Discharged
P04114,19,Female,Low,Acute Respiratory Distress,2.6,icu,U001,F01,2026-08-10 22:00:00,Admitted
P04115,2,Female,High,Pneumonia,6.2,MedSurg,U013,F03,2026-08-11 11:00:00,Transfer Approved
P04116,84,Non-Binary,Medium,Acute Respiratory Distress,4.9,icu,U001,F01,2026-08-07 09:00:00,Transfer Approved
P04117,13,Female,Medium,Multi-organ Dysfunction,4.7,icu,U001,F01,2026-08-09 02:00:00,Pending Transfer
P04118,73,Female,Medium,Acute Respiratory Distress,4.8,icu,U011,F03,2026-08-15 23:00:00,Admitted
P04119,40,Female,Low,Febrile Neutropenia,3.5,Oncology,U005,F01,2026-08-06 01:00:00,Admitted
P04120,9,Non-Binary,Medium,Dehydration,3.8,Pediatrics,U009,F02,2026-08-02 00:00:00,Pending Transfer
P04121,26,Female,,Acute Myocardial Infarction,4.7,EMERGENCY,U012,F03,2026-08-26 05:00:00,Admitted
P04122,62,Non-Binary,Medium,Multi-organ Dysfunction,3.5,icu,U006,F02,2026-08-04 21:00:00,Pending Transfer
P04123,18,Female,High,Febrile Neutropenia,6.3,Oncology,U015,F03,2026-08-01 20:00:00,Admitted
P04124,71,Non-Binary,Low,Febrile Neutropenia,2.6,Oncology,U015,F03,2026-08-08 23:00:00,Admitted
P04125,44,Male,Medium,Pneumonia,3.8,MedSurg,U008,F02,2026-08-12 01:00:00,Pending Transfer
P04126,35,Female,Low,Diabetes Complications,1.8,MedSurg,U003,F01,2026-08-18 13:00:00,Admitted
P04127,66,Female,Medium,Tumor Lysis Syndrome,4.0,Oncology,U005,F01,2026-08-02 02:00:00,Admitted
P04128,29,Female,Critical,Pneumonia,11.1,MedSurg,U013,F03,2026-08-10 06:00:00,Transfer Approved
P04129,18,Male,Medium,Acute Myocardial Infarction,3.9,EMERGENCY,U002,F01,2026-08-29 13:00:00,Admitted
P04130,8,Male,Low,Febrile Neutropenia,1.6,Pediatrics,U010,F02,2026-08-18 13:00:00,Admitted
P04131,21,Male,High,Severe Abdominal Pain,6.3,EMERGENCY,U012,F03,2026-08-01 08:00:00,Admitted
P04132,12,Male,Critical,Diabetes Complications,10.3,MedSurg,U008,F02,2026-08-05 22:00:00,Admitted
P04133,46,Non-Binary,Medium,Chemotherapy Monitoring,3.7,Oncology,U010,F02,2026-08-09 18:00:00,Pending Transfer
P04134,40,Male,Low,Pneumonia,3.0,MedSurg,U003,F01,2026-08-06 11:00:00,Discharged
P04135,55,Female,High,Acute Myocardial Infarction,7.0,EMERGENCY,U002,F01,2026-08-13 14:00:00,Transfer Approved
P04136,43,Non-Binary,Medium,Severe Abdominal Pain,5.4,EMERGENCY,U007,F02,2026-08-01 01:00:00,Admitted
P04137,29,Female,Medium,Dehydration,5.2,Pediatrics,U014,F03,2026-08-20 02:00:00,Pending Transfer
P04138,74,Female,Low,Acute Myocardial Infarction,1.9,EMERGENCY,U007,F02,2026-08-30 01:00:00,Transfer Approved
P04139,41,Female,High,Acute Myocardial Infarction,7.6,EMERGENCY,U007,F02,2026-08-21 07:00:00,Transfer Approved
P04140,64,Female,Medium,Dehydration,4.3,Pediatrics,U014,F03,2026-08-05 13:00:00,Transfer Approved
P04141,5,Male,Low,Cellulitis,2.7,MedSurg,U008,F02,2026-08-25 12:00:00,Admitted
P04142,53,Male,Medium,Bronchiolitis,4.0,icu,U014,F03,2026-08-14 23:00:00,Pending Transfer
P04143,46,Non-Binary,Low,Severe Abdominal Pain,3.5,EMERGENCY,U012,F03,2026-08-09 19:00:00,Admitted
P04144,49,Male,Low,Febrile Neutropenia,2.3,Oncology,U010,F02,2026-08-25 04:00:00,Transfer Approved
P04145,77,Female,Ultra-Critical,Bronchiolitis,8.0,Pediatrics,U004,F01,2026-08-06 05:00:00,Admitted
P04146,83,Female,Medium,Dehydration,3.8,Pediatrics,U009,F02,2026-08-09 21:00:00,Pending Transfer
P04147,34,Male,Medium,Septic Shock,4.7,icu,U011,F03,2026-08-13 05:00:00,Admitted
P04148,79,Female,High,Stroke,6.7,EMERGENCY,U002,F01,2026-08-31 23:00:00,Admitted
P04149,57,Female,Medium,Dehydration,3.8,Pediatrics,U004,F01,2026-08-03 03:00:00,Admitted
P04150,44,Female,Medium,Diabetes Complications,3.9,MedSurg,U013,F03,2026-08-15 12:00:00,Pending Transfer
P04151,51,Female,Low,Acute Myocardial Infarction,3.3,EMERGENCY,U012,F03,2026-08-10 12:00:00,Admitted
P04152,20,Female,Low,Pediatric Asthma,1.8,Pediatrics,U004,F01,2026-08-30 15:00:00,Admitted
P04153,56,Female,Medium,Pneumonia,4.0,MedSurg,U008,F02,2026-08-02 02:00:00,Pending Transfer
P04154,12,Female,Low,Congenital Heart Defect,3.0,icu,U014,F03,2026-08-27 16:00:00,Admitted
P04155,28,Male,High,Tumor Lysis Syndrome,6.1,Oncology,U010,F02,2026-08-26 01:00:00,Admitted
P04156,54,Female,Medium,Tumor Lysis Syndrome,5.3,Oncology,U015,F03,2026-08-16 06:00:00,Admitted
P04157,51,Female,Medium,Acute Myocardial Infarction,3.5,EMERGENCY,U002,F01,2026-08-24 11:00:00,Pending Transfer
P04158,9,Female,Medium,Pediatric Asthma,4.6,Pediatrics,U009,F02,2026-08-07 11:00:00,Admitted
P04159,2,Male,Medium,Acute Respiratory Distress,3.9,icu,U011,F03,2026-08-27 04:00:00,Transfer Approved
P04160,17,Female,High,Polytrauma,7.5,EMERGENCY,U002,F01,2026-08-12 20:00:00,Admitted
P04161,89,Non-Binary,Medium,Septic Shock,3.5,icu,U006,F02,2026-08-10 14:00:00,Admitted
P04162,39,Female,Medium,Palliative Care,3.8,MedSurg,U015,F03,2026-08-25 02:00:00,Admitted
P04163,31,Female,Medium,Acute Myocardial Infarction,4.0,EMERGENCY,U002,F01,2026-08-23 21:00:00,Admitted
P04164,64,Female,Medium,Congenital Heart Defect,4.4,Pediatrics,U004,F01,2026-08-02 16:00:00,Transfer Approved
P04165,24,Non-Binary,Low,Acute Respiratory Distress,3.4,icu,U011,F03,2026-08-02 06:00:00,Pending Transfer
P04166,24,Male,Low,Palliative Care,2.7,Oncology,U015,F03,2026-08-19 23:00:00,Admitted
P04167,26,Non-Binary,High,Congenital Heart Defect,7.4,Pediatrics,U014,F03,2026-08-14 00:00:00,Discharged
P04168,10,Female,Medium,Congenital Heart Defect,99.0,Pediatrics,U014,F03,2026-08-25 16:00:00,Admitted
P04169,10,Non-Binary,Critical,Congenital Heart Defect,13.8,Pediatrics,U004,F01,2026-08-17 23:00:00,Pending Transfer
P04170,72,Male,Medium,Multi-organ Dysfunction,4.9,icu,U011,F03,2026-08-09 09:00:00,Discharged
P04171,47,Non-Binary,Medium,Pneumonia,4.9,MedSurg,U013,F03,2026-08-14 03:00:00,Admitted
P04172,59,Non-Binary,Low,Acute Respiratory Distress,3.3,icu,U006,F02,2026-08-11 14:00:00,Admitted
P04173,55,Male,High,Post-Operative Recovery,6.9,MedSurg,U008,F02,2026-08-27 15:00:00,Admitted
P04174,26,Female,High,Congenital Heart Defect,6.3,Pediatrics,U014,F03,2026-08-26 00:00:00,Admitted
P04175,26,Non-Binary,Low,Congenital Heart Defect,2.6,Pediatrics,U009,F02,2026-08-06 09:00:00,Admitted
P04176,77,Female,Low,Cellulitis,2.7,MedSurg,U008,F02,2026-08-08 21:00:00,Pending Transfer
P04177,23,Non-Binary,Medium,Congenital Heart Defect,4.5,Oncology,U014,F03,2026-08-30 10:00:00,Admitted
P04178,26,Non-Binary,Medium,Pediatric Asthma,4.6,Pediatrics,U014,F03,2026-08-04 12:00:00,Admitted
P04179,16,Male,Medium,Congenital Heart Defect,5.4,Pediatrics,U009,F02,2026-08-31 15:00:00,Transfer Approved
P04180,49,Non-Binary,Low,Dehydration,2.8,Pediatrics,U014,F03,2026-08-16 09:00:00,Transfer Approved
P04181,68,Non-Binary,Critical,Multi-organ Dysfunction,13.2,icu,U011,F03,2026-08-29 11:00:00,Admitted
P04182,57,Male,High,Acute Myocardial Infarction,6.5,EMERGENCY,U012,F03,2026-08-29 06:00:00,Admitted
P04183,76,Male,High,Febrile Neutropenia,6.3,Oncology,U005,F01,2026-08-30 15:00:00,Pending Transfer
P04184,23,Non-Binary,Low,Febrile Neutropenia,3.4,Oncology,U005,F01,2026-08-05 01:00:00,Admitted
P04185,18,Non-Binary,Medium,Cellulitis,4.5,MedSurg,U008,F02,2026-08-03 20:00:00,Pending Transfer
P04186,39,Female,Medium,Polytrauma,3.8,EMERGENCY,U012,F03,2026-08-14 05:00:00,Admitted
P04187,83,Female,Low,Bronchiolitis,1.8,Pediatrics,U009,F02,2026-08-06 23:00:00,Pending Transfer
P04188,34,Male,Medium,Acute Respiratory Distress,4.2,icu,U006,F02,2026-08-10 19:00:00,Admitted
P04189,87,Non-Binary,Low,Acute Respiratory Distress,2.1,Pediatrics,U006,F02,2026-08-18 10:00:00,Pending Transfer
P04190,79,Male,Critical,Pneumonia,8.6,MedSurg,U008,F02,2026-08-03 07:00:00,Admitted
P04191,30,Male,Low,Post-Cardiac Arrest,1.6,icu,U011,F03,2026-08-01 09:00:00,Admitted
P04192,19,Male,Low,Pediatric Asthma,3.3,Pediatrics,U009,F02,2026-08-12 22:00:00,Admitted
P04193,87,Male,Medium,Post-Operative Recovery,4.7,MedSurg,U013,F03,2026-08-01 17:00:00,Admitted
P04194,22,Female,Medium,Multi-organ Dysfunction,5.4,icu,U001,F01,2026-08-10 04:00:00,Discharged
P04195,6,Non-Binary,High,Septic Shock,6.7,MedSurg,U011,F03,2026-08-08 09:00:00,Pending Transfer
P04196,38,Female,Low,Post-Cardiac Arrest,1.9,icu,U011,F03,2026-08-12 09:00:00,Admitted
P04197,8,Male,Critical,Palliative Care,11.9,Oncology,U005,F01,2026-08-24 04:00:00,Admitted
P04198,46,Non-Binary,Low,Pediatric Asthma,3.2,Pediatrics,U009,F02,2026-08-02 18:00:00,Admitted
P04199,52,Male,Critical,Palliative Care,9.2,Oncology,U015,F03,2026-08-26 12:00:00,Admitted
P04200,38,Non-Binary,Critical,Pneumonia,13.5,MedSurg,U003,F01,2026-08-23 01:00:00,Admitted
P04201,61,Female,Low,Diabetes Complications,1.7,MedSurg,U013,F03,2026-08-16 19:00:00,Admitted
P04202,3,Male,,Acute Respiratory Distress,3.6,icu,U006,F02,2026-08-10 16:00:00,Admitted
P04203,55,Female,Low,Multi-organ Dysfunction,2.0,icu,U006,F02,2026-08-29 10:00:00,Discharged
P04204,18,Non-Binary,Medium,Pneumonia,3.9,MedSurg,U003,F01,2026-08-02 18:00:00,Pending Transfer
P04205,66,Female,Low,Cellulitis,1.9,MedSurg,U008,F02,2026-08-16 08:00:00,Transfer Approved
P04206,76,Female,Critical,Dehydration,13.1,Pediatrics,U004,F01,2026-08-31 22:00:00,Admitted
P04207,91,Male,High,Pneumonia,6.1,MedSurg,U013,F03,2026-08-12 01:00:00,Discharged
P04208,59,Male,Medium,Pneumonia,4.1,MedSurg,U013,F03,2026-08-06 17:00:00,Admitted
P04209,38,Non-Binary,Medium,Bronchiolitis,4.9,MedSurg,U004,F01,2026-08-07 20:00:00,Admitted
P04210,89,Non-Binary,Low,Palliative Care,3.2,Oncology,U005,F01,2026-08-29 22:00:00,Admitted
P04211,86,Non-Binary,Medium,Acute Myocardial Infarction,5.1,EMERGENCY,U007,F02,2026-08-18 11:00:00,Admitted
P04212,15,Male,Medium,Congenital Heart Defect,4.2,Pediatrics,U014,F03,2026-08-30 15:00:00,Admitted
P04213,84,Male,Critical,Pneumonia,12.0,MedSurg,U008,F02,2026-08-03 18:00:00,Admitted
P04214,25,Male,Low,Chemotherapy Monitoring,,Oncology,U005,F01,2026-08-27 05:00:00,Transfer Approved
P04215,34,Male,Medium,Diabetes Complications,4.1,MedSurg,U013,F03,2026-08-02 08:00:00,Admitted
P04216,21,Female,,Chemotherapy Monitoring,6.6,Oncology,U015,F03,2026-08-11 02:00:00,Admitted
P04217,69,Male,High,Cellulitis,7.6,MedSurg,U003,F01,2026-08-22 15:00:00,Admitted
P04218,34,Male,High,Post-Cardiac Arrest,8.5,icu,U001,F01,2026-08-30 17:00:00,Transfer Approved
P04219,38,Female,Medium,Post-Operative Recovery,4.7,MedSurg,U013,F03,2026-08-21 18:00:00,Admitted
P04220,80,Female,Medium,Acute Respiratory Distress,4.3,icu,U001,F01,2026-08-26 11:00:00,Admitted
P04221,26,Male,Low,Palliative Care,3.0,Oncology,U010,F02,2026-08-31 09:00:00,Admitted
P04222,74,Female,High,Acute Respiratory Distress,6.4,icu,U006,F02,2026-08-07 11:00:00,Pending Transfer
P04223,67,Male,Low,Congenital Heart Defect,2.7,Pediatrics,U009,F02,2026-08-09 16:00:00,Admitted
P04224,20,Male,Medium,Severe Abdominal Pain,3.6,EMERGENCY,U012,F03,2026-08-08 09:00:00,Pending Transfer
P04225,21,Non-Binary,Medium,Cellulitis,4.0,MedSurg,U008,F02,2026-08-10 08:00:00,Pending Transfer
P04226,36,Male,Low,Severe Abdominal Pain,2.8,EMERGENCY,U007,F02,2026-08-31 10:00:00,Admitted
P04227,91,Non-Binary,High,Chemotherapy Monitoring,6.2,Oncology,U015,F03,2026-08-05 06:00:00,Admitted
P04228,75,Female,Low,Chemotherapy Monitoring,2.6,Oncology,U005,F01,2026-08-13 18:00:00,Admitted
P04229,21,Male,Medium,Acute Myocardial Infarction,4.5,EMERGENCY,U002,F01,2026-08-03 23:00:00,Admitted
P04230,35,Female,Low,Palliative Care,2.4,Oncology,U005,F01,2026-08-28 23:00:00,Pending Transfer
P04231,58,Female,Low,Post-Cardiac Arrest,3.0,MedSurg,U001,F01,2026-08-02 07:00:00,Admitted
P04232,42,Female,High,Post-Cardiac Arrest,7.7,icu,U001,F01,2026-08-18 05:00:00,Admitted
P04233,91,Male,Medium,Febrile Neutropenia,5.4,Oncology,U005,F01,2026-08-13 16:00:00,Admitted
P04234,67,Female,Medium,Bronchiolitis,4.0,Pediatrics,U004,F01,2026-08-16 09:00:00,Admitted
P04235,80,Female,Low,Post-Cardiac Arrest,2.4,icu,U011,F03,2026-08-17 05:00:00,Admitted
P04236,57,Female,Medium,Diabetes Complications,4.2,MedSurg,U003,F01,2026-08-24 18:00:00,Admitted
P04237,15,Male,Medium,Pneumonia,4.3,MedSurg,U003,F01,2026-08-02 21:00:00,Discharged
P04238,14,Non-Binary,High,Cellulitis,7.7,MedSurg,U003,F01,2026-08-06 04:00:00,Admitted
P04239,73,Female,Critical,Post-Cardiac Arrest,8.6,Pediatrics,U011,F03,2026-08-16 14:00:00,Admitted
P04240,5,Male,Medium,Congenital Heart Defect,5.4,Pediatrics,U004,F01,2026-08-05 20:00:00,Pending Transfer
P04241,53,Non-Binary,Medium,Multi-organ Dysfunction,5.1,icu,U001,F01,2026-08-15 10:00:00,Admitted
P04242,20,Female,Low,Acute Myocardial Infarction,2.7,EMERGENCY,U002,F01,2026-08-26 07:00:00,Transfer Approved
P04243,3,Female,,Cellulitis,5.2,MedSurg,U003,F01,2026-08-27 17:00:00,Pending Transfer
P04244,33,Female,Medium,Bronchiolitis,5.4,Pediatrics,U009,F02,2026-08-05 05:00:00,Admitted
P04245,34,Female,Medium,Acute Respiratory Distress,4.2,icu,U006,F02,2026-08-17 12:00:00,Admitted
P04246,16,Female,Medium,Dehydration,4.4,MedSurg,U014,F03,2026-08-05 18:00:00,Pending Transfer
P04247,73,Non-Binary,Medium,Congenital Heart Defect,3.7,Pediatrics,U009,F02,2026-08-08 10:00:00,Admitted
P04248,56,Non-Binary,Medium,Severe Abdominal Pain,4.4,EMERGENCY,U007,F02,2026-08-20 05:00:00,Admitted
P04249,44,Non-Binary,Medium,Tumor Lysis Syndrome,4.9,Oncology,U010,F02,2026-08-04 05:00:00,Admitted
P04250,77,Non-Binary,Critical,Bronchiolitis,10.1,Pediatrics,U014,F03,2026-08-06 07:00:00,Admitted
P04251,52,Male,Medium,Bronchiolitis,5.1,Pediatrics,U004,F01,2026-08-02 17:00:00,Admitted
P04252,7,Non-Binary,Low,Multi-organ Dysfunction,1.6,icu,U001,F01,2026-08-28 07:00:00,Admitted
P04253,52,Male,Low,Septic Shock,2.4,icu,U006,F02,2026-08-17 08:00:00,Admitted
P04254,46,Non-Binary,High,Pneumonia,7.3,MedSurg,U013,F03,2026-08-28 08:00:00,Admitted
P04255,7,Male,Medium,Acute Myocardial Infarction,4.0,EMERGENCY,U007,F02,2026-08-06 01:00:00,Admitted
P04256,90,Male,Low,Acute Myocardial Infarction,2.6,EMERGENCY,U007,F02,2026-08-26 14:00:00,Admitted
P04257,76,Non-Binary,,Septic Shock,3.6,Oncology,U011,F03,2026-08-31 07:00:00,Admitted
P04258,53,Female,Low,Tumor Lysis Syndrome,2.9,Oncology,U010,F02,2026-08-10 19:00:00,Admitted
P04259,41,Female,High,Palliative Care,7.7,Oncology,U010,F02,2026-08-10 18:00:00,Admitted
P04260,77,Male,Low,Post-Cardiac Arrest,1.5,icu,U001,F01,2026-08-22 06:00:00,Pending Transfer
P04261,72,Male,Critical,Post-Cardiac Arrest,9.1,icu,U001,F01,2026-08-18 21:00:00,Admitted
P04262,23,Non-Binary,Low,Multi-organ Dysfunction,2.7,icu,U006,F02,2026-08-06 07:00:00,Admitted
P04263,12,Male,Medium,Congenital Heart Defect,4.1,Pediatrics,U004,F01,2026-08-29 11:00:00,Admitted
P04264,78,Female,Low,Post-Cardiac Arrest,2.2,icu,U006,F02,2026-08-30 14:00:00,Transfer Approved
P04265,45,Non-Binary,Medium,Diabetes Complications,4.1,MedSurg,U003,F01,2026-08-27 06:00:00,Admitted
P04266,51,Female,Low,Diabetes Complications,2.4,MedSurg,U008,F02,2026-08-25 00:00:00,Transfer Approved
P04267,53,Female,High,Congenital Heart Defect,5.7,Pediatrics,U014,F03,2026-08-07 04:00:00,Discharged
P04268,86,Non-Binary,Medium,Post-Cardiac Arrest,4.9,EMERGENCY,U006,F02,2026-08-04 22:00:00,Discharged
P04269,45,Female,,Acute Respiratory Distress,4.2,icu,U001,F01,2026-08-19 12:00:00,Transfer Approved
P04270,7,Female,High,Tumor Lysis Syndrome,8.3,Oncology,U005,F01,2026-08-13 12:00:00,Admitted
P04271,34,Non-Binary,Medium,Dehydration,5.2,Pediatrics,U009,F02,2026-08-16 00:00:00,Pending Transfer
P04272,65,Male,Critical,Septic Shock,13.6,icu,U001,F01,2026-08-30 19:00:00,Admitted
P04273,85,Non-Binary,Medium,Pediatric Asthma,4.1,Pediatrics,U014,F03,2026-08-27 14:00:00,Pending Transfer
P04274,9,Female,Medium,Septic Shock,4.7,icu,U001,F01,2026-08-14 00:00:00,Admitted
P04275,40,Non-Binary,Low,Chemotherapy Monitoring,2.8,Oncology,U015,F03,2026-08-20 13:00:00,Admitted
P04276,39,Female,Low,Cellulitis,2.1,MedSurg,U008,F02,2026-08-04 22:00:00,Admitted
P04277,60,Female,Medium,Severe Abdominal Pain,5.1,EMERGENCY,U007,F02,2026-08-19 20:00:00,Admitted
P04278,63,Female,Medium,Severe Abdominal Pain,4.3,EMERGENCY,U012,F03,2026-08-23 09:00:00,Admitted
P04279,81,Non-Binary,Low,Polytrauma,,EMERGENCY,U007,F02,2026-08-01 04:00:00,Admitted
P04280,60,Female,High,Multi-organ Dysfunction,5.7,Oncology,U001,F01,2026-08-28 12:00:00,Pending Transfer
P04281,59,Female,Medium,Congenital Heart Defect,3.9,Pediatrics,U009,F02,2026-08-20 02:00:00,Admitted
P04282,16,Male,Medium,Tumor Lysis Syndrome,4.5,Oncology,U010,F02,2026-08-18 14:00:00,Transfer Approved
P04283,76,Female,Medium,Pneumonia,5.3,MedSurg,U013,F03,2026-08-01 11:00:00,Admitted
P04284,73,Male,High,Chemotherapy Monitoring,6.2,Oncology,U010,F02,2026-08-30 15:00:00,Admitted
P04285,88,Non-Binary,Critical,Septic Shock,13.6,icu,U006,F02,2026-08-25 11:00:00,Pending Transfer
P04286,7,Non-Binary,Low,Febrile Neutropenia,2.8,Oncology,U010,F02,2026-08-25 06:00:00,Admitted
P04287,26,Female,Medium,Severe Abdominal Pain,3.8,EMERGENCY,U012,F03,2026-08-05 07:00:00,Pending Transfer
P04288,34,Female,Medium,Febrile Neutropenia,5.2,Oncology,U015,F03,2026-08-07 03:00:00,Admitted
P04289,86,Male,High,Febrile Neutropenia,6.4,Oncology,U010,F02,2026-08-28 12:00:00,Admitted
P04290,79,Female,Medium,Post-Cardiac Arrest,5.0,icu,U011,F03,2026-08-07 18:00:00,Pending Transfer
P04291,3,Male,High,Multi-organ Dysfunction,8.0,icu,U006,F02,2026-08-10 22:00:00,Discharged
P04292,32,Female,High,Stroke,7.4,EMERGENCY,U002,F01,2026-08-17 23:00:00,Admitted
P04293,1,Male,Medium,Pneumonia,3.9,MedSurg,U008,F02,2026-08-16 10:00:00,Admitted
P04294,78,Male,High,Polytrauma,7.8,EMERGENCY,U007,F02,2026-08-24 04:00:00,Discharged
P04295,76,Non-Binary,High,Tumor Lysis Syndrome,7.6,Pediatrics,U005,F01,2026-08-06 01:00:00,Admitted
P04296,12,Female,High,Dehydration,7.3,Pediatrics,U009,F02,2026-08-07 15:00:00,Transfer Approved
P04297,53,Male,Low,Septic Shock,2.9,icu,U006,F02,2026-08-25 12:00:00,Admitted
P04298,74,Female,,Post-Operative Recovery,3.5,MedSurg,U008,F02,2026-08-17 06:00:00,Admitted
P04299,10,Male,Medium,Tumor Lysis Syndrome,3.7,icu,U005,F01,2026-08-18 06:00:00,Admitted
P04300,21,Female,High,Pediatric Asthma,7.2,Pediatrics,U009,F02,2026-08-06 03:00:00,Pending Transfer
P04301,73,Female,Medium,Acute Respiratory Distress,4.8,icu,U001,F01,2026-08-24 21:00:00,Admitted
P04302,77,Male,High,Post-Operative Recovery,6.7,MedSurg,U013,F03,2026-08-16 03:00:00,Discharged
P04303,26,Female,High,Septic Shock,5.7,icu,U006,F02,2026-08-31 04:00:00,Pending Transfer
P04304,18,Female,Critical,Palliative Care,13.0,EMERGENCY,U015,F03,2026-08-13 23:00:00,Admitted
P04305,39,Female,Low,Palliative Care,1.9,Oncology,U015,F03,2026-08-04 13:00:00,Admitted
P04306,58,Male,Low,Acute Respiratory Distress,2.5,icu,U006,F02,2026-08-14 15:00:00,Admitted
P04307,74,Female,Medium,Cellulitis,4.8,MedSurg,U013,F03,2026-08-24 22:00:00,Admitted
P04308,34,Female,High,Acute Myocardial Infarction,7.8,EMERGENCY,U012,F03,2026-08-30 05:00:00,Admitted
P04309,68,Male,Critical,Acute Respiratory Distress,8.8,icu,U011,F03,2026-08-29 16:00:00,Admitted
P04310,91,Male,Medium,Dehydration,4.0,EMERGENCY,U004,F01,2026-08-06 17:00:00,Pending Transfer
P04311,49,Non-Binary,Medium,Acute Respiratory Distress,4.7,icu,U001,F01,2026-08-27 23:00:00,Admitted
P04312,26,Non-Binary,Medium,Acute Myocardial Infarction,4.7,EMERGENCY,U007,F02,2026-08-22 03:00:00,Transfer Approved
P04313,62,Non-Binary,High,Pneumonia,5.9,MedSurg,U008,F02,2026-08-03 17:00:00,Admitted
P04314,10,Female,Medium,Acute Myocardial Infarction,3.8,EMERGENCY,U007,F02,2026-08-18 04:00:00,Admitted
P04315,9,Male,Low,Acute Myocardial Infarction,2.8,EMERGENCY,U002,F01,2026-08-11 13:00:00,Admitted
P04316,55,Male,Medium,Polytrauma,4.7,EMERGENCY,U002,F01,2026-08-02 03:00:00,Admitted
P04317,51,Female,High,Pediatric Asthma,7.8,Pediatrics,U004,F01,2026-08-26 09:00:00,Admitted
P04318,58,Non-Binary,Low,Diabetes Complications,2.9,MedSurg,U013,F03,2026-08-22 21:00:00,Admitted
P04319,82,Non-Binary,Low,Post-Operative Recovery,1.9,MedSurg,U003,F01,2026-08-19 06:00:00,Pending Transfer
P04320,34,Female,Critical,Septic Shock,12.3,icu,U011,F03,2026-08-14 13:00:00,Pending Transfer
P04321,6,Male,Medium,Cellulitis,3.5,MedSurg,U013,F03,2026-08-18 22:00:00,Admitted
P04322,8,Male,Medium,Congenital Heart Defect,4.0,Pediatrics,U014,F03,2026-08-08 06:00:00,Admitted
P04323,78,Female,Medium,Acute Myocardial Infarction,5.4,EMERGENCY,U007,F02,2026-08-15 12:00:00,Admitted
P04324,22,Female,Medium,Congenital Heart Defect,4.4,Pediatrics,U014,F03,2026-08-14 22:00:00,Pending Transfer
P04325,90,Non-Binary,Medium,Acute Myocardial Infarction,4.8,EMERGENCY,U012,F03,2026-08-22 14:00:00,Pending Transfer
P04326,50,Male,Low,Bronchiolitis,1.9,Pediatrics,U014,F03,2026-08-05 06:00:00,Admitted
P04327,84,Male,Low,Cellulitis,3.0,MedSurg,U013,F03,2026-08-08 14:00:00,Transfer Approved
P04328,28,Non-Binary,High,Pediatric Asthma,6.1,Pediatrics,U004,F01,2026-08-23 17:00:00,Admitted
P04329,20,Male,Medium,Post-Cardiac Arrest,5.1,MedSurg,U011,F03,2026-08-11 18:00:00,Pending Transfer
P04330,3,Male,Medium,Tumor Lysis Syndrome,4.4,Oncology,U005,F01,2026-08-20 16:00:00,Admitted
P04331,76,Non-Binary,High,Pediatric Asthma,6.1,Pediatrics,U014,F03,2026-08-03 16:00:00,Admitted
P04332,75,Male,Critical,Congenital Heart Defect,10.3,Pediatrics,U009,F02,2026-08-23 13:00:00,Discharged
P04333,6,Non-Binary,High,Pediatric Asthma,6.3,Pediatrics,U009,F02,2026-08-21 20:00:00,Admitted
P04334,36,Male,Low,Tumor Lysis Syndrome,3.5,Oncology,U010,F02,2026-08-09 03:00:00,Discharged
P04335,2,Non-Binary,Medium,Palliative Care,4.2,Oncology,U010,F02,2026-08-24 12:00:00,Admitted
P04336,75,Non-Binary,High,Congenital Heart Defect,7.8,Pediatrics,U009,F02,2026-08-23 00:00:00,Pending Transfer
P04337,28,Male,Low,Palliative Care,1.9,Oncology,U015,F03,2026-08-26 05:00:00,Admitted
P04338,12,Female,Medium,Diabetes Complications,4.5,MedSurg,U013,F03,2026-08-30 08:00:00,Pending Transfer
P04339,89,Non-Binary,High,Severe Abdominal Pain,6.4,EMERGENCY,U007,F02,2026-08-03 14:00:00,Admitted
P04340,63,Non-Binary,Medium,Febrile Neutropenia,4.7,Oncology,U010,F02,2026-08-04 16:00:00,Admitted
P04341,70,Male,Low,Acute Myocardial Infarction,1.8,EMERGENCY,U007,F02,2026-08-19 04:00:00,Pending Transfer
P04342,81,Non-Binary,Low,Post-Operative Recovery,2.5,MedSurg,U003,F01,2026-08-15 01:00:00,Admitted
P04343,67,Non-Binary,Low,Pediatric Asthma,1.8,Pediatrics,U014,F03,2026-08-01 19:00:00,Admitted
P04344,81,Male,Critical,Severe Abdominal Pain,9.4,EMERGENCY,U007,F02,2026-08-21 03:00:00,Admitted
P04345,15,Female,Low,Tumor Lysis Syndrome,2.9,Oncology,U005,F01,2026-08-05 21:00:00,Discharged
P04346,85,Female,Low,Acute Myocardial Infarction,2.3,EMERGENCY,U007,F02,2026-08-23 15:00:00,Admitted
P04347,77,Female,High,Cellulitis,6.5,MedSurg,U013,F03,2026-08-06 14:00:00,Admitted
P04348,63,Non-Binary,Low,Polytrauma,2.4,EMERGENCY,U007,F02,2026-08-21 13:00:00,Admitted
P04349,16,Female,Medium,Chemotherapy Monitoring,3.8,Oncology,U010,F02,2026-08-05 09:00:00,Admitted
P04350,50,Female,Medium,Bronchiolitis,4.4,Pediatrics,U014,F03,2026-08-07 00:00:00,Admitted
P04351,73,Male,Medium,Diabetes Complications,5.4,MedSurg,U013,F03,2026-08-31 09:00:00,Pending Transfer
P04352,30,Male,Medium,Cellulitis,4.2,MedSurg,U003,F01,2026-08-12 06:00:00,Transfer Approved
P04353,23,Male,,Acute Respiratory Distress,1.8,icu,U001,F01,2026-08-08 09:00:00,Pending Transfer
P04354,88,Male,,Post-Cardiac Arrest,6.7,icu,U006,F02,2026-08-26 03:00:00,Transfer Approved
P04355,55,Female,Low,Acute Myocardial Infarction,2.8,EMERGENCY,U007,F02,2026-08-31 17:00:00,Admitted
P04356,52,Male,Medium,Acute Respiratory Distress,4.2,icu,U011,F03,2026-08-22 09:00:00,Admitted
P04357,71,Non-Binary,Low,Polytrauma,2.9,Oncology,U002,F01,2026-08-19 20:00:00,Admitted
P04358,78,Non-Binary,Low,Dehydration,1.6,Pediatrics,U014,F03,2026-08-29 08:00:00,Transfer Approved
P04359,68,Female,Medium,Chemotherapy Monitoring,5.0,Oncology,U010,F02,2026-08-26 20:00:00,Admitted
P04360,76,Male,Medium,Bronchiolitis,4.0,Pediatrics,U014,F03,2026-08-25 04:00:00,Admitted
P04361,78,Male,Medium,Acute Myocardial Infarction,3.6,EMERGENCY,U007,F02,2026-08-27 10:00:00,Admitted
P04362,35,Male,Medium,Polytrauma,4.9,EMERGENCY,U002,F01,2026-08-20 23:00:00,Admitted
P04363,10,Male,Low,Pneumonia,2.3,MedSurg,U013,F03,2026-08-14 08:00:00,Pending Transfer
P04364,75,Male,High,Pediatric Asthma,7.9,icu,U004,F01,2026-08-25 12:00:00,Admitted
P04365,47,Non-Binary,Low,Dehydration,1.5,icu,U009,F02,2026-08-16 09:00:00,Discharged
P04366,46,Female,Medium,Tumor Lysis Syndrome,5.3,Oncology,U015,F03,2026-08-07 13:00:00,Transfer Approved
P04367,92,Non-Binary,Low,Tumor Lysis Syndrome,3.2,Oncology,U015,F03,2026-08-04 12:00:00,Admitted
P04368,10,Male,Medium,Polytrauma,3.6,EMERGENCY,U012,F03,2026-08-22 10:00:00,Admitted
P04369,70,Female,Medium,Pediatric Asthma,3.9,Pediatrics,U009,F02,2026-08-12 18:00:00,Pending Transfer
P04370,3,Non-Binary,Low,Pneumonia,2.0,MedSurg,U008,F02,2026-08-28 13:00:00,Transfer Approved
P04371,80,Non-Binary,Medium,Severe Abdominal Pain,4.8,EMERGENCY,U012,F03,2026-08-17 11:00:00,Admitted
P04372,24,Male,Medium,Chemotherapy Monitoring,5.3,Oncology,U010,F02,2026-08-01 08:00:00,Pending Transfer
P04373,79,Non-Binary,Critical,Stroke,11.3,EMERGENCY,U002,F01,2026-08-07 07:00:00,Admitted
P04374,22,Female,Medium,Multi-organ Dysfunction,3.6,icu,U006,F02,2026-08-03 16:00:00,Admitted
P04375,83,Male,Medium,Post-Cardiac Arrest,5.3,icu,U011,F03,2026-08-20 17:00:00,Pending Transfer
P04376,47,Male,Low,Multi-organ Dysfunction,3.5,icu,U001,F01,2026-08-07 14:00:00,Admitted
P04377,48,Male,Medium,Pediatric Asthma,3.5,Pediatrics,U004,F01,2026-08-21 03:00:00,Admitted
P04378,52,Non-Binary,Low,Polytrauma,2.9,MedSurg,U007,F02,2026-08-17 05:00:00,Pending Transfer
P04379,82,Male,High,Chemotherapy Monitoring,7.3,Oncology,U010,F02,2026-08-13 04:00:00,Pending Transfer
P04380,39,Non-Binary,Low,Post-Operative Recovery,2.6,MedSurg,U013,F03,2026-08-14 19:00:00,Admitted
P04381,79,Female,High,Post-Operative Recovery,6.8,MedSurg,U013,F03,2026-08-17 07:00:00,Admitted
P04382,21,Non-Binary,Medium,Pneumonia,3.8,MedSurg,U003,F01,2026-08-23 23:00:00,Pending Transfer
P04383,79,Male,Low,Diabetes Complications,1.8,MedSurg,U013,F03,2026-08-02 21:00:00,Admitted
P04384,7,Male,High,Palliative Care,7.7,Oncology,U010,F02,2026-08-18 09:00:00,Pending Transfer
P04385,21,Female,Critical,Polytrauma,12.6,EMERGENCY,U002,F01,2026-08-11 23:00:00,Discharged
P04386,83,Non-Binary,Low,Palliative Care,2.8,Oncology,U010,F02,2026-08-23 13:00:00,Transfer Approved
P04387,20,Female,Medium,Stroke,5.3,EMERGENCY,U007,F02,2026-08-14 21:00:00,Admitted
P04388,87,Female,Critical,Pediatric Asthma,9.7,EMERGENCY,U004,F01,2026-08-01 18:00:00,Admitted
P04389,50,Male,Low,Pediatric Asthma,2.6,Pediatrics,U014,F03,2026-08-01 08:00:00,Pending Transfer
P04390,79,Non-Binary,High,Bronchiolitis,7.3,Pediatrics,U004,F01,2026-08-21 16:00:00,Admitted
P04391,42,Female,Low,Dehydration,1.5,Pediatrics,U009,F02,2026-08-12 02:00:00,Admitted
P04392,18,Female,Medium,Palliative Care,4.8,Oncology,U015,F03,2026-08-16 11:00:00,Admitted
P04393,74,Female,Low,Multi-organ Dysfunction,2.1,icu,U001,F01,2026-08-24 01:00:00,Admitted
P04394,4,Female,Medium,Diabetes Complications,5.0,MedSurg,U008,F02,2026-08-10 18:00:00,Admitted
P04395,3,Non-Binary,Low,Pediatric Asthma,3.1,Pediatrics,U009,F02,2026-08-11 20:00:00,Discharged
P04396,31,Non-Binary,High,Post-Operative Recovery,6.5,icu,U013,F03,2026-08-24 19:00:00,Discharged
P04397,78,Male,Medium,Post-Operative Recovery,4.8,icu,U003,F01,2026-08-08 15:00:00,Admitted
P04398,83,Female,Low,Acute Myocardial Infarction,2.4,EMERGENCY,U002,F01,2026-08-22 00:00:00,Transfer Approved
P04399,66,Male,Medium,Post-Operative Recovery,3.6,MedSurg,U003,F01,2026-08-23 01:00:00,Admitted
P04400,-5,Non-Binary,High,Tumor Lysis Syndrome,6.9,icu,U015,F03,2026-08-05 13:00:00,Admitted
P04401,64,Female,Medium,Tumor Lysis Syndrome,4.6,Oncology,U015,F03,2026-08-20 04:00:00,Admitted
P04402,47,Female,Medium,Palliative Care,3.6,Oncology,U010,F02,2026-08-16 20:00:00,Transfer Approved
P04403,16,Female,Medium,Chemotherapy Monitoring,4.6,Oncology,U015,F03,2026-08-03 18:00:00,Admitted
P04404,19,Female,Critical,Diabetes Complications,11.6,MedSurg,U003,F01,2026-08-10 05:00:00,Admitted
P04405,90,Non-Binary,Medium,Multi-organ Dysfunction,4.1,icu,U006,F02,2026-08-30 00:00:00,Admitted
P04406,60,Male,Low,Tumor Lysis Syndrome,3.3,Oncology,U010,F02,2026-08-13 01:00:00,Discharged
P04407,50,Female,Medium,Acute Respiratory Distress,3.9,icu,U006,F02,2026-08-25 09:00:00,Transfer Approved
P04408,76,Female,Low,Cellulitis,3.0,MedSurg,U013,F03,2026-08-31 10:00:00,Admitted
P04409,85,Non-Binary,Low,Palliative Care,3.0,Oncology,U010,F02,2026-08-17 20:00:00,Pending Transfer
P04410,76,Non-Binary,Medium,Palliative Care,3.7,Oncology,U015,F03,2026-08-23 02:00:00,Pending Transfer
P04411,5,Non-Binary,High,Chemotherapy Monitoring,6.2,Oncology,U010,F02,2026-08-09 21:00:00,Admitted
P04412,20,Female,Medium,Bronchiolitis,5.2,Pediatrics,U004,F01,2026-08-24 15:00:00,Transfer Approved
P04413,17,Female,Medium,Congenital Heart Defect,4.3,MedSurg,U004,F01,2026-08-09 00:00:00,Admitted
P04414,27,Female,Low,Pneumonia,2.5,MedSurg,U008,F02,2026-08-03 06:00:00,Admitted
P04415,87,Non-Binary,Low,Diabetes Complications,2.3,MedSurg,U013,F03,2026-08-06 05:00:00,Admitted
P04416,70,Non-Binary,Low,Post-Operative Recovery,3.2,MedSurg,U013,F03,2026-08-03 10:00:00,Admitted
P04417,51,Male,Medium,Palliative Care,5.0,Oncology,U010,F02,2026-08-21 15:00:00,Admitted
P04418,1,Male,High,Diabetes Complications,7.5,MedSurg,U008,F02,2026-08-26 09:00:00,Admitted
P04419,20,Male,Medium,Congenital Heart Defect,5.4,Pediatrics,U009,F02,2026-08-15 20:00:00,Admitted
P04420,59,Female,Critical,Palliative Care,10.2,Oncology,U010,F02,2026-08-25 09:00:00,Admitted
P04421,51,Male,Low,Palliative Care,2.8,Oncology,U010,F02,2026-08-18 13:00:00,Transfer Approved
P04422,27,Female,Medium,Congenital Heart Defect,3.7,Pediatrics,U009,F02,2026-08-09 18:00:00,Admitted
P04423,30,Female,Medium,Bronchiolitis,5.2,Pediatrics,U004,F01,2026-08-12 15:00:00,Admitted
P04424,58,Non-Binary,Medium,Cellulitis,4.3,MedSurg,U003,F01,2026-08-18 12:00:00,Admitted
P04425,18,Male,High,Tumor Lysis Syndrome,5.9,Oncology,U005,F01,2026-08-21 10:00:00,Pending Transfer
P04426,43,Male,Medium,Febrile Neutropenia,4.3,Oncology,U005,F01,2026-08-24 02:00:00,Admitted
P04427,4,Female,Medium,Pneumonia,3.8,MedSurg,U013,F03,2026-08-20 03:00:00,Admitted
P04428,19,Female,Medium,Congenital Heart Defect,5.1,Pediatrics,U004,F01,2026-08-19 13:00:00,Discharged
P04429,7,Non-Binary,Low,Stroke,1.7,EMERGENCY,U007,F02,2026-08-12 06:00:00,Admitted
P04430,39,Non-Binary,High,Septic Shock,7.5,icu,U006,F02,2026-08-11 05:00:00,Pending Transfer
P04431,2,Non-Binary,Critical,Palliative Care,9.7,Oncology,U005,F01,2026-08-04 22:00:00,Admitted
P04432,31,Female,Medium,Acute Respiratory Distress,4.4,icu,U011,F03,2026-08-13 19:00:00,Pending Transfer
P04433,40,Non-Binary,Low,Acute Respiratory Distress,2.5,icu,U001,F01,2026-08-10 14:00:00,Admitted
P04434,85,Non-Binary,Medium,Stroke,5.0,EMERGENCY,U007,F02,2026-08-15 08:00:00,Admitted
P04435,34,Female,Medium,Acute Respiratory Distress,4.0,icu,U006,F02,2026-08-31 13:00:00,Pending Transfer
P04436,1,Male,Critical,Acute Myocardial Infarction,13.9,EMERGENCY,U007,F02,2026-08-29 23:00:00,Admitted
P04437,17,Non-Binary,High,Multi-organ Dysfunction,8.1,Oncology,U001,F01,2026-08-21 07:00:00,Pending Transfer
P04438,46,Non-Binary,Low,Acute Respiratory Distress,3.3,icu,U006,F02,2026-08-05 13:00:00,Admitted
P04439,34,Male,Low,Febrile Neutropenia,2.7,Oncology,U005,F01,2026-08-01 02:00:00,Admitted
P04440,80,Female,High,Dehydration,6.8,Pediatrics,U004,F01,2026-08-27 23:00:00,Pending Transfer
P04441,67,Female,Low,Congenital Heart Defect,3.2,Pediatrics,U004,F01,2026-08-07 17:00:00,Admitted
P04442,86,Male,Low,Palliative Care,2.8,Oncology,U005,F01,2026-08-05 07:00:00,Pending Transfer
P04443,84,Female,Low,Pneumonia,3.1,MedSurg,U003,F01,2026-08-28 13:00:00,Admitted
P04444,8,Female,Medium,Chemotherapy Monitoring,4.8,Oncology,U005,F01,2026-08-01 01:00:00,Pending Transfer
P04445,8,Non-Binary,,Congenital Heart Defect,5.1,Pediatrics,U009,F02,2026-08-10 17:00:00,Admitted
P04446,5,Female,Medium,Multi-organ Dysfunction,5.3,icu,U001,F01,2026-08-01 22:00:00,Admitted
P04447,52,Female,Medium,Congenital Heart Defect,4.1,Pediatrics,U014,F03,2026-08-08 05:00:00,Discharged
P04448,82,Male,Low,Diabetes Complications,2.7,MedSurg,U008,F02,2026-08-18 01:00:00,Admitted
P04449,68,Non-Binary,Low,Post-Cardiac Arrest,2.3,icu,U006,F02,2026-08-29 08:00:00,Admitted
P04450,91,Female,Low,Pneumonia,2.2,MedSurg,U013,F03,2026-08-12 14:00:00,Admitted
P04451,18,Male,Medium,Severe Abdominal Pain,5.4,EMERGENCY,U007,F02,2026-08-26 14:00:00,Admitted
P04452,71,Non-Binary,High,Polytrauma,7.8,EMERGENCY,U012,F03,2026-08-20 13:00:00,Admitted
P04453,79,Non-Binary,High,Acute Myocardial Infarction,6.3,EMERGENCY,U002,F01,2026-08-13 04:00:00,Admitted
P04454,90,Female,High,Acute Myocardial Infarction,7.4,EMERGENCY,U012,F03,2026-08-28 07:00:00,Admitted
P04455,15,Male,Low,Acute Respiratory Distress,2.8,icu,U006,F02,2026-08-03 17:00:00,Admitted
P04456,72,Non-Binary,Low,Cellulitis,1.9,MedSurg,U013,F03,2026-08-21 05:00:00,Admitted
P04457,90,Male,Low,Dehydration,3.1,Pediatrics,U009,F02,2026-08-13 04:00:00,Discharged
P04458,65,Female,Medium,Polytrauma,5.5,EMERGENCY,U007,F02,2026-08-16 06:00:00,Admitted
P04459,59,Female,Critical,Post-Cardiac Arrest,9.8,icu,U006,F02,2026-08-27 23:00:00,Admitted
P04460,24,Female,High,Diabetes Complications,8.2,MedSurg,U003,F01,2026-08-01 23:00:00,Admitted
P04461,69,Female,Low,Post-Operative Recovery,2.8,MedSurg,U013,F03,2026-08-09 11:00:00,Pending Transfer
P04462,70,Female,Low,Tumor Lysis Syndrome,2.7,Oncology,U005,F01,2026-08-04 00:00:00,Pending Transfer
P04463,8,Non-Binary,,Multi-organ Dysfunction,4.9,icu,U006,F02,2026-08-24 08:00:00,Admitted
P04464,51,Non-Binary,Medium,Pneumonia,3.5,MedSurg,U008,F02,2026-08-15 14:00:00,Admitted
P04465,85,Non-Binary,Critical,Severe Abdominal Pain,13.8,EMERGENCY,U012,F03,2026-08-17 17:00:00,Admitted
P04466,31,Non-Binary,Medium,Bronchiolitis,5.4,icu,U004,F01,2026-08-27 22:00:00,Admitted
P04467,37,Female,Low,Post-Cardiac Arrest,3.2,icu,U006,F02,2026-08-05 11:00:00,Admitted
P04468,51,Male,High,Palliative Care,6.3,Oncology,U010,F02,2026-08-24 12:00:00,Admitted
P04469,71,Non-Binary,Medium,Cellulitis,4.8,EMERGENCY,U008,F02,2026-08-11 09:00:00,Pending Transfer
P04470,27,Male,Low,Congenital Heart Defect,3.2,Pediatrics,U004,F01,2026-08-07 17:00:00,Admitted
P04471,58,Female,Low,Dehydration,3.2,Pediatrics,U014,F03,2026-08-25 17:00:00,Admitted
P04472,29,Non-Binary,Low,Polytrauma,1.5,icu,U012,F03,2026-08-13 17:00:00,Discharged
P04473,77,Female,Medium,Cellulitis,4.6,MedSurg,U008,F02,2026-08-17 15:00:00,Admitted
P04474,57,Male,Low,Acute Respiratory Distress,2.6,icu,U011,F03,2026-08-12 12:00:00,Admitted
P04475,3,Non-Binary,Low,Dehydration,1.6,Pediatrics,U004,F01,2026-08-19 17:00:00,Admitted
P04476,29,Male,Low,Bronchiolitis,2.7,Pediatrics,U009,F02,2026-08-05 03:00:00,Admitted
P04477,16,Non-Binary,High,Febrile Neutropenia,5.9,Oncology,U015,F03,2026-08-14 23:00:00,Admitted
P04478,23,Non-Binary,Medium,Polytrauma,5.1,EMERGENCY,U007,F02,2026-08-28 18:00:00,Admitted
P04479,58,Male,Medium,Acute Respiratory Distress,3.6,icu,U006,F02,2026-08-27 18:00:00,Admitted
P04480,90,Female,Medium,Stroke,5.5,icu,U002,F01,2026-08-09 10:00:00,Transfer Approved
P04481,49,Male,High,Congenital Heart Defect,7.9,Pediatrics,U004,F01,2026-08-26 08:00:00,Admitted
P04482,18,Male,Medium,Acute Myocardial Infarction,3.9,EMERGENCY,U002,F01,2026-08-24 17:00:00,Admitted
P04483,79,Female,,Acute Myocardial Infarction,4.0,EMERGENCY,U012,F03,2026-08-01 00:00:00,Pending Transfer
P04484,56,Female,Low,Polytrauma,2.3,Pediatrics,U002,F01,2026-08-03 16:00:00,Admitted
P04485,89,Male,Medium,Dehydration,4.6,Pediatrics,U009,F02,2026-08-31 17:00:00,Admitted
P04486,80,Male,Medium,Severe Abdominal Pain,4.7,EMERGENCY,U012,F03,2026-08-23 10:00:00,Admitted
P04487,40,Female,Low,Chemotherapy Monitoring,2.5,Pediatrics,U010,F02,2026-08-04 17:00:00,Admitted
P04488,73,Male,Medium,Palliative Care,3.6,Oncology,U010,F02,2026-08-19 19:00:00,Admitted
P04489,20,Female,Medium,Cellulitis,4.7,MedSurg,U003,F01,2026-08-02 20:00:00,Admitted
P04490,71,Non-Binary,High,Post-Cardiac Arrest,6.8,icu,U006,F02,2026-08-28 21:00:00,Transfer Approved
P04491,46,Female,Low,Pediatric Asthma,2.2,Pediatrics,U014,F03,2026-08-18 15:00:00,Admitted
P04492,49,Male,Medium,Septic Shock,4.3,icu,U011,F03,2026-08-23 04:00:00,Admitted
P04493,37,Female,Low,Multi-organ Dysfunction,3.0,Oncology,U006,F02,2026-08-03 23:00:00,Pending Transfer
P04494,21,Female,Medium,Cellulitis,5.3,MedSurg,U008,F02,2026-08-25 05:00:00,Admitted
P04495,91,Female,Low,Tumor Lysis Syndrome,1.8,Oncology,U010,F02,2026-08-05 07:00:00,Admitted
P04496,58,Non-Binary,Medium,Bronchiolitis,5.3,Pediatrics,U004,F01,2026-08-24 01:00:00,Pending Transfer
P04497,90,Female,Medium,Congenital Heart Defect,4.5,MedSurg,U004,F01,2026-08-27 12:00:00,Admitted
P04498,91,Female,Low,Septic Shock,2.3,icu,U006,F02,2026-08-15 19:00:00,Admitted
P04499,61,Non-Binary,Low,Chemotherapy Monitoring,2.3,Oncology,U010,F02,2026-08-14 23:00:00,Admitted
P04500,14,Female,Medium,Palliative Care,4.1,Oncology,U005,F01,2026-08-24 01:00:00,Discharged
P04501,81,Non-Binary,Critical,Acute Myocardial Infarction,10.6,icu,U012,F03,2026-08-04 20:00:00,Admitted
P04502,79,Non-Binary,High,Multi-organ Dysfunction,7.6,icu,U006,F02,2026-08-04 03:00:00,Admitted
P04503,45,Non-Binary,High,Septic Shock,7.2,icu,U001,F01,2026-08-06 20:00:00,Admitted
P04504,27,Female,Low,Pediatric Asthma,3.0,Pediatrics,U014,F03,2026-08-09 23:00:00,Admitted
P04505,47,Male,Medium,Acute Myocardial Infarction,4.7,EMERGENCY,U007,F02,2026-08-04 21:00:00,Admitted
P04506,80,Male,Critical,Pneumonia,11.4,icu,U003,F01,2026-08-14 03:00:00,Admitted
P04507,91,Non-Binary,Low,Chemotherapy Monitoring,2.7,Oncology,U010,F02,2026-08-15 11:00:00,Admitted
P04508,34,Female,Low,Cellulitis,2.0,MedSurg,U003,F01,2026-08-16 00:00:00,Admitted
P04509,81,Non-Binary,Medium,Acute Myocardial Infarction,4.9,EMERGENCY,U007,F02,2026-08-18 18:00:00,Admitted
P04510,65,Non-Binary,High,Acute Myocardial Infarction,7.3,EMERGENCY,U012,F03,2026-08-29 00:00:00,Admitted
P04511,11,Male,High,Dehydration,5.9,Pediatrics,U004,F01,2026-08-30 09:00:00,Admitted
P04512,50,Male,Medium,Pediatric Asthma,4.7,Pediatrics,U014,F03,2026-08-05 16:00:00,Admitted
P04513,79,Female,Medium,Post-Cardiac Arrest,,icu,U001,F01,2026-08-14 14:00:00,Pending Transfer
P04514,22,Non-Binary,Low,Diabetes Complications,2.1,MedSurg,U013,F03,2026-08-07 10:00:00,Admitted
P04515,16,Non-Binary,Medium,Post-Operative Recovery,5.4,MedSurg,U003,F01,2026-08-15 00:00:00,Admitted
P04516,17,Female,Ultra-Critical,Stroke,5.4,EMERGENCY,U012,F03,2026-08-21 16:00:00,Admitted
P04517,55,Female,High,Acute Myocardial Infarction,6.5,EMERGENCY,U012,F03,2026-08-17 09:00:00,Admitted
P04518,41,Male,Critical,Congenital Heart Defect,9.7,Pediatrics,U014,F03,2026-08-29 11:00:00,Admitted
P04519,23,Female,Medium,Palliative Care,4.4,Oncology,U010,F02,2026-08-13 01:00:00,Admitted
P04520,31,Female,Low,Pediatric Asthma,1.9,Pediatrics,U004,F01,2026-08-28 00:00:00,Transfer Approved
P04521,57,Non-Binary,High,Acute Respiratory Distress,7.1,icu,U011,F03,2026-08-09 05:00:00,Admitted
P04522,30,Male,Medium,Palliative Care,4.8,Oncology,U010,F02,2026-08-20 22:00:00,Admitted
P04523,35,Female,Medium,Febrile Neutropenia,4.0,Oncology,U015,F03,2026-08-06 00:00:00,Admitted
P04524,70,Male,Medium,Pediatric Asthma,3.5,Pediatrics,U014,F03,2026-08-31 01:00:00,Admitted
P04525,79,Male,Medium,Severe Abdominal Pain,5.3,EMERGENCY,U007,F02,2026-08-01 14:00:00,Admitted
P04526,38,Female,Medium,Palliative Care,4.0,Oncology,U015,F03,2026-08-21 03:00:00,Admitted
P04527,7,Male,Medium,Tumor Lysis Syndrome,3.7,Oncology,U005,F01,2026-08-14 05:00:00,Admitted
P04528,57,Male,Medium,Cellulitis,5.3,MedSurg,U003,F01,2026-08-08 15:00:00,Admitted
P04529,52,Male,Low,Polytrauma,3.2,EMERGENCY,U002,F01,2026-08-17 00:00:00,Pending Transfer
P04530,3,Male,Medium,Congenital Heart Defect,5.5,Pediatrics,U009,F02,2026-08-19 00:00:00,Pending Transfer
P04531,54,Male,Low,Pediatric Asthma,2.3,Pediatrics,U009,F02,2026-08-22 19:00:00,Admitted
P04532,65,Male,Critical,Severe Abdominal Pain,9.1,EMERGENCY,U002,F01,2026-08-30 01:00:00,Transfer Approved
P04533,65,Female,Medium,Acute Respiratory Distress,4.6,icu,U011,F03,2026-08-20 13:00:00,Admitted
P04534,89,Female,Medium,Dehydration,3.7,Pediatrics,U014,F03,2026-08-30 09:00:00,Pending Transfer
P04535,76,Non-Binary,Low,Acute Respiratory Distress,2.3,icu,U001,F01,2026-08-24 11:00:00,Admitted
P04536,52,Non-Binary,Medium,Febrile Neutropenia,5.5,Oncology,U005,F01,2026-08-13 01:00:00,Transfer Approved
P04537,61,Female,Medium,Stroke,5.3,EMERGENCY,U007,F02,2026-08-16 04:00:00,Admitted
P04538,53,Female,Critical,Post-Cardiac Arrest,12.9,icu,U011,F03,2026-08-04 01:00:00,Pending Transfer
P04539,91,Non-Binary,Low,Acute Myocardial Infarction,1.6,EMERGENCY,U007,F02,2026-08-19 20:00:00,Admitted
P04540,51,Non-Binary,Medium,Stroke,3.9,EMERGENCY,U007,F02,2026-08-19 13:00:00,Admitted
P04541,8,Male,Low,Dehydration,3.0,Pediatrics,U009,F02,2026-08-24 03:00:00,Pending Transfer
P04542,57,Female,Medium,Dehydration,4.4,Pediatrics,U014,F03,2026-08-25 07:00:00,Admitted
P04543,67,Female,High,Febrile Neutropenia,8.4,Oncology,U010,F02,2026-08-30 22:00:00,Transfer Approved
P04544,4,Non-Binary,Critical,Diabetes Complications,11.5,MedSurg,U013,F03,2026-08-13 12:00:00,Admitted
P04545,57,Female,Medium,Multi-organ Dysfunction,4.6,icu,U001,F01,2026-08-03 06:00:00,Admitted
P04546,74,Female,Medium,Pneumonia,4.4,MedSurg,U003,F01,2026-08-05 03:00:00,Admitted
P04547,70,Female,Low,Palliative Care,2.2,Oncology,U010,F02,2026-08-22 01:00:00,Admitted
P04548,24,Non-Binary,High,Severe Abdominal Pain,8.4,EMERGENCY,U012,F03,2026-08-15 07:00:00,Admitted
P04549,61,Non-Binary,Low,Palliative Care,3.1,Oncology,U005,F01,2026-08-12 04:00:00,Admitted
P04550,80,Female,Low,Tumor Lysis Syndrome,3.3,Oncology,U005,F01,2026-08-02 09:00:00,Pending Transfer
P04551,20,Female,High,Severe Abdominal Pain,8.0,EMERGENCY,U007,F02,2026-08-11 19:00:00,Pending Transfer
P04552,43,Male,Low,Chemotherapy Monitoring,2.6,Oncology,U010,F02,2026-08-31 13:00:00,Admitted
P04553,26,Female,High,Diabetes Complications,6.4,MedSurg,U003,F01,2026-08-14 16:00:00,Admitted
P04554,48,Male,Medium,Dehydration,4.5,Oncology,U014,F03,2026-08-04 11:00:00,Transfer Approved
P04555,71,Female,Low,Chemotherapy Monitoring,3.2,Oncology,U010,F02,2026-08-21 04:00:00,Admitted
P04556,7,Female,Low,Acute Myocardial Infarction,2.8,EMERGENCY,U012,F03,2026-08-22 04:00:00,Discharged
P04557,31,Non-Binary,Medium,Congenital Heart Defect,4.3,MedSurg,U009,F02,2026-08-10 06:00:00,Admitted
P04558,15,Male,Low,Pediatric Asthma,3.3,Pediatrics,U004,F01,2026-08-27 07:00:00,Discharged
P04559,58,Male,Medium,Cellulitis,5.1,Pediatrics,U003,F01,2026-08-24 23:00:00,Admitted
P04560,82,Male,Medium,Tumor Lysis Syndrome,4.1,Oncology,U015,F03,2026-08-05 07:00:00,Admitted
P04561,71,Male,Critical,Severe Abdominal Pain,12.9,EMERGENCY,U002,F01,2026-08-24 03:00:00,Pending Transfer
P04562,29,Non-Binary,Low,Palliative Care,3.0,Oncology,U015,F03,2026-08-17 16:00:00,Admitted
P04563,7,Female,Low,Chemotherapy Monitoring,3.4,Oncology,U005,F01,2026-08-31 04:00:00,Admitted
P04564,37,Non-Binary,Medium,Febrile Neutropenia,4.0,Oncology,U015,F03,2026-08-01 13:00:00,Discharged
P04565,84,Male,High,Pediatric Asthma,8.2,Pediatrics,U014,F03,2026-08-15 17:00:00,Admitted
P04566,58,Non-Binary,High,Bronchiolitis,6.1,Pediatrics,U004,F01,2026-08-08 05:00:00,Admitted
P04567,15,Female,Low,Multi-organ Dysfunction,2.3,icu,U006,F02,2026-08-24 06:00:00,Pending Transfer
P04568,17,Female,High,Pediatric Asthma,6.6,Pediatrics,U009,F02,2026-08-24 04:00:00,Admitted
P04569,51,Female,Medium,Acute Myocardial Infarction,5.2,EMERGENCY,U012,F03,2026-08-13 02:00:00,Admitted
P04570,40,Female,High,Pediatric Asthma,6.7,Oncology,U004,F01,2026-08-07 15:00:00,Admitted
P04571,20,Female,High,Dehydration,7.7,Pediatrics,U004,F01,2026-08-28 22:00:00,Transfer Approved
P04572,6,Male,High,Acute Myocardial Infarction,6.6,EMERGENCY,U002,F01,2026-08-18 16:00:00,Admitted
P04573,50,Female,Medium,Bronchiolitis,3.9,Pediatrics,U014,F03,2026-08-28 17:00:00,Admitted
P04574,74,Male,Medium,Post-Cardiac Arrest,4.7,icu,U001,F01,2026-08-25 02:00:00,Admitted
P04575,61,Non-Binary,Low,Palliative Care,1.9,Oncology,U005,F01,2026-08-19 14:00:00,Admitted
P04576,60,Male,Low,Dehydration,1.5,Pediatrics,U014,F03,2026-08-31 00:00:00,Pending Transfer
P04577,85,Non-Binary,Medium,Septic Shock,3.6,icu,U011,F03,2026-08-15 11:00:00,Admitted
P04578,74,Non-Binary,Medium,Polytrauma,5.3,EMERGENCY,U012,F03,2026-08-04 00:00:00,Admitted
P04579,39,Female,Low,Post-Operative Recovery,2.9,MedSurg,U003,F01,2026-08-31 16:00:00,Admitted
P04580,18,Non-Binary,Low,Tumor Lysis Syndrome,1.6,Oncology,U015,F03,2026-08-19 13:00:00,Admitted
P04581,21,Non-Binary,Medium,Post-Operative Recovery,3.6,MedSurg,U013,F03,2026-08-11 21:00:00,Admitted
P04582,29,Male,Critical,Tumor Lysis Syndrome,10.2,Oncology,U010,F02,2026-08-04 15:00:00,Transfer Approved
P04583,14,Non-Binary,Low,Congenital Heart Defect,3.5,Pediatrics,U009,F02,2026-08-12 03:00:00,Admitted
P04584,33,Male,Low,Febrile Neutropenia,1.5,Oncology,U010,F02,2026-08-09 02:00:00,Admitted
P04585,62,Male,Critical,Stroke,10.5,EMERGENCY,U007,F02,2026-08-17 20:00:00,Admitted
P04586,31,Male,Medium,Acute Myocardial Infarction,3.5,EMERGENCY,U012,F03,2026-08-21 18:00:00,Admitted
P04587,90,Non-Binary,Low,Cellulitis,2.5,MedSurg,U013,F03,2026-08-10 07:00:00,Admitted
P04588,7,Male,High,Congenital Heart Defect,6.0,Pediatrics,U009,F02,2026-08-05 08:00:00,Transfer Approved
P04589,35,Female,Medium,Palliative Care,4.8,Oncology,U005,F01,2026-08-08 15:00:00,Admitted
P04590,85,Non-Binary,Medium,Acute Myocardial Infarction,4.4,EMERGENCY,U002,F01,2026-08-31 00:00:00,Admitted
P04591,39,Non-Binary,High,Bronchiolitis,7.8,Pediatrics,U014,F03,2026-08-31 10:00:00,Pending Transfer
P04592,38,Male,Medium,Multi-organ Dysfunction,4.9,icu,U006,F02,2026-08-04 08:00:00,Pending Transfer
P04593,46,Male,Medium,Dehydration,4.0,Pediatrics,U004,F01,2026-08-20 17:00:00,Pending Transfer
P04594,51,Female,Medium,Post-Cardiac Arrest,4.1,icu,U011,F03,2026-08-31 01:00:00,Admitted
P04595,11,Female,Medium,Severe Abdominal Pain,5.4,EMERGENCY,U007,F02,2026-08-29 01:00:00,Discharged
P04596,38,Non-Binary,Medium,Dehydration,5.0,Pediatrics,U009,F02,2026-08-15 16:00:00,Admitted
P04597,75,Non-Binary,Low,Severe Abdominal Pain,3.1,Oncology,U012,F03,2026-08-19 07:00:00,Admitted
P04598,44,Male,Low,Acute Respiratory Distress,3.5,icu,U001,F01,2026-08-06 21:00:00,Admitted
P04599,20,Male,Medium,Post-Operative Recovery,4.6,MedSurg,U003,F01,2026-08-06 21:00:00,Admitted
P04600,84,Non-Binary,Low,Tumor Lysis Syndrome,,Oncology,U005,F01,2026-08-15 11:00:00,Pending Transfer
P04601,90,Female,Low,Dehydration,2.5,Pediatrics,U014,F03,2026-08-21 18:00:00,Admitted
P04602,63,Non-Binary,Medium,Acute Respiratory Distress,5.4,icu,U006,F02,2026-08-02 21:00:00,Admitted
P04603,72,Female,Medium,Congenital Heart Defect,4.6,Pediatrics,U009,F02,2026-08-22 13:00:00,Admitted
P04604,13,Female,Low,Polytrauma,3.5,EMERGENCY,U007,F02,2026-08-02 23:00:00,Admitted
P04605,46,Female,Medium,Cellulitis,4.0,MedSurg,U013,F03,2026-08-28 13:00:00,Admitted
P04606,26,Male,Medium,Dehydration,5.1,Pediatrics,U009,F02,2026-08-24 04:00:00,Admitted
P04607,5,Male,High,Post-Operative Recovery,7.0,Pediatrics,U003,F01,2026-08-11 05:00:00,Transfer Approved
P04608,91,Female,Low,Diabetes Complications,2.1,MedSurg,U003,F01,2026-08-31 06:00:00,Admitted
P04609,6,Male,Medium,Acute Myocardial Infarction,3.7,EMERGENCY,U007,F02,2026-08-02 14:00:00,Admitted
P04610,79,Non-Binary,High,Bronchiolitis,7.1,Pediatrics,U009,F02,2026-08-21 13:00:00,Pending Transfer
P04611,25,Male,Medium,Febrile Neutropenia,3.7,Oncology,U005,F01,2026-08-15 22:00:00,Admitted
P04612,11,Non-Binary,High,Pneumonia,7.4,MedSurg,U008,F02,2026-08-04 21:00:00,Admitted
P04613,11,Non-Binary,High,Polytrauma,6.9,Pediatrics,U007,F02,2026-08-15 20:00:00,Pending Transfer
P04614,72,Male,Low,Cellulitis,3.2,MedSurg,U008,F02,2026-08-12 03:00:00,Admitted
P04615,5,Non-Binary,Low,Polytrauma,3.4,EMERGENCY,U002,F01,2026-08-27 02:00:00,Admitted
P04616,26,Non-Binary,High,Dehydration,5.9,Pediatrics,U014,F03,2026-08-30 10:00:00,Admitted
P04617,80,Female,Low,Acute Respiratory Distress,2.7,icu,U006,F02,2026-08-05 07:00:00,Admitted
P04618,27,Female,High,Post-Cardiac Arrest,6.1,icu,U001,F01,2026-08-21 10:00:00,Admitted
P04619,7,Male,Low,Septic Shock,3.3,icu,U011,F03,2026-08-26 16:00:00,Admitted
P04620,57,Non-Binary,Low,Chemotherapy Monitoring,1.5,Oncology,U015,F03,2026-08-01 06:00:00,Transfer Approved
P04621,27,Female,High,Diabetes Complications,6.7,EMERGENCY,U013,F03,2026-08-26 16:00:00,Transfer Approved
P04622,79,Non-Binary,High,Chemotherapy Monitoring,5.6,Oncology,U015,F03,2026-08-23 14:00:00,Admitted
P04623,76,Male,Medium,Febrile Neutropenia,5.2,Oncology,U015,F03,2026-08-31 10:00:00,Admitted
P04624,14,Female,Low,Cellulitis,3.0,MedSurg,U013,F03,2026-08-30 13:00:00,Admitted
P04625,15,Non-Binary,Low,Stroke,2.3,EMERGENCY,U002,F01,2026-08-21 08:00:00,Admitted
P04626,12,Male,Medium,Post-Cardiac Arrest,5.1,icu,U011,F03,2026-08-04 14:00:00,Admitted
P04627,73,Male,Medium,Acute Respiratory Distress,5.0,icu,U001,F01,2026-08-17 00:00:00,Admitted
P04628,19,Female,Low,Acute Myocardial Infarction,2.8,EMERGENCY,U002,F01,2026-08-14 01:00:00,Admitted
P04629,1,Non-Binary,High,Congenital Heart Defect,7.9,Pediatrics,U014,F03,2026-08-05 10:00:00,Admitted
P04630,56,Non-Binary,Critical,Severe Abdominal Pain,9.0,icu,U012,F03,2026-08-11 21:00:00,Admitted
P04631,11,Non-Binary,Low,Tumor Lysis Syndrome,2.4,Oncology,U010,F02,2026-08-25 05:00:00,Admitted
P04632,55,Male,Medium,Diabetes Complications,5.4,MedSurg,U003,F01,2026-08-16 00:00:00,Transfer Approved
P04633,85,Non-Binary,Medium,Cellulitis,4.6,Oncology,U008,F02,2026-08-09 03:00:00,Admitted
P04634,63,Male,Low,Post-Operative Recovery,3.0,MedSurg,U013,F03,2026-08-27 02:00:00,Pending Transfer
P04635,78,Female,Low,Palliative Care,1.5,Oncology,U015,F03,2026-08-15 14:00:00,Pending Transfer
P04636,41,Non-Binary,Low,Multi-organ Dysfunction,2.1,icu,U006,F02,2026-08-01 19:00:00,Admitted
P04637,82,Male,Medium,Stroke,3.7,EMERGENCY,U012,F03,2026-08-19 23:00:00,Admitted
P04638,81,Male,Medium,Diabetes Complications,4.3,MedSurg,U008,F02,2026-08-26 12:00:00,Transfer Approved
P04639,54,Female,Medium,Dehydration,4.8,Pediatrics,U004,F01,2026-08-20 20:00:00,Transfer Approved
P04640,25,Female,Critical,Congenital Heart Defect,13.2,Pediatrics,U014,F03,2026-08-10 14:00:00,Admitted
P04641,72,Female,Low,Acute Respiratory Distress,3.1,icu,U011,F03,2026-08-20 02:00:00,Admitted
P04642,70,Female,Low,Pediatric Asthma,3.5,Pediatrics,U004,F01,2026-08-23 16:00:00,Admitted
P04643,32,Male,Low,Chemotherapy Monitoring,2.4,Oncology,U015,F03,2026-08-28 07:00:00,Admitted
P04644,8,Female,Critical,Stroke,13.6,EMERGENCY,U012,F03,2026-08-22 14:00:00,Admitted
P04645,28,Female,High,Bronchiolitis,8.4,Pediatrics,U004,F01,2026-08-09 01:00:00,Pending Transfer
P04646,13,Non-Binary,Medium,Pediatric Asthma,4.5,Pediatrics,U009,F02,2026-08-26 06:00:00,Pending Transfer
P04647,44,Non-Binary,Medium,Congenital Heart Defect,4.9,Pediatrics,U014,F03,2026-08-24 19:00:00,Admitted
P04648,20,Female,Low,Acute Respiratory Distress,3.3,icu,U011,F03,2026-08-11 22:00:00,Admitted
P04649,27,Non-Binary,Low,Chemotherapy Monitoring,3.5,Oncology,U005,F01,2026-08-10 19:00:00,Admitted
P04650,5,Non-Binary,Medium,Congenital Heart Defect,4.1,Pediatrics,U009,F02,2026-08-30 20:00:00,Admitted
P04651,91,Female,Medium,Pneumonia,4.2,MedSurg,U013,F03,2026-08-20 11:00:00,Discharged
P04652,50,Non-Binary,Low,Palliative Care,1.5,Oncology,U010,F02,2026-08-08 21:00:00,Admitted
P04653,4,Female,Medium,Acute Respiratory Distress,4.0,icu,U001,F01,2026-08-11 05:00:00,Admitted
P04654,19,Female,Low,Cellulitis,2.2,MedSurg,U003,F01,2026-08-25 02:00:00,Admitted
P04655,75,Female,Low,Post-Operative Recovery,3.3,MedSurg,U013,F03,2026-08-20 02:00:00,Discharged
P04656,28,Male,Low,Pediatric Asthma,2.8,Pediatrics,U014,F03,2026-08-21 11:00:00,Discharged
P04657,9,Male,Low,Acute Myocardial Infarction,2.7,EMERGENCY,U012,F03,2026-08-07 04:00:00,Transfer Approved
P04658,47,Male,High,Cellulitis,8.0,MedSurg,U013,F03,2026-08-16 03:00:00,Admitted
P04659,81,Female,Critical,Post-Cardiac Arrest,10.3,icu,U001,F01,2026-08-28 17:00:00,Admitted
P04660,9,Male,Low,Post-Cardiac Arrest,1.6,icu,U001,F01,2026-08-08 10:00:00,Admitted
P04661,45,Male,High,Stroke,7.6,EMERGENCY,U002,F01,2026-08-16 19:00:00,Admitted
P04662,70,Male,Medium,Pneumonia,3.6,MedSurg,U008,F02,2026-08-27 21:00:00,Admitted
P04663,59,Non-Binary,Medium,Multi-organ Dysfunction,5.2,icu,U006,F02,2026-08-03 10:00:00,Transfer Approved
P04664,32,Non-Binary,Low,Diabetes Complications,3.4,MedSurg,U013,F03,2026-08-10 04:00:00,Admitted
P04665,21,Non-Binary,High,Bronchiolitis,6.0,Pediatrics,U014,F03,2026-08-01 13:00:00,Pending Transfer
P04666,8,Female,Critical,Chemotherapy Monitoring,11.4,Oncology,U015,F03,2026-08-20 14:00:00,Admitted
P04667,77,Male,Medium,Diabetes Complications,4.9,MedSurg,U013,F03,2026-08-12 13:00:00,Transfer Approved
P04668,59,Female,Low,Polytrauma,2.2,EMERGENCY,U012,F03,2026-08-01 01:00:00,Discharged
P04669,5,Male,Low,Post-Cardiac Arrest,2.1,icu,U001,F01,2026-08-17 04:00:00,Pending Transfer
P04670,18,Female,Low,Stroke,1.9,EMERGENCY,U002,F01,2026-08-05 04:00:00,Admitted
P04671,36,Female,Medium,Pneumonia,3.7,Oncology,U013,F03,2026-08-10 01:00:00,Pending Transfer
P04672,19,Non-Binary,High,Acute Respiratory Distress,5.7,icu,U001,F01,2026-08-28 11:00:00,Admitted
P04673,29,Non-Binary,Medium,Dehydration,4.2,MedSurg,U004,F01,2026-08-22 02:00:00,Admitted
P04674,44,Non-Binary,Medium,Severe Abdominal Pain,4.1,EMERGENCY,U007,F02,2026-08-12 15:00:00,Pending Transfer
P04675,1,Non-Binary,Low,Pediatric Asthma,2.1,Pediatrics,U009,F02,2026-08-21 03:00:00,Admitted
P04676,74,Non-Binary,Low,Post-Cardiac Arrest,3.3,icu,U006,F02,2026-08-26 04:00:00,Discharged
P04677,26,Non-Binary,Low,Bronchiolitis,3.3,Pediatrics,U009,F02,2026-08-06 08:00:00,Pending Transfer
P04678,60,Male,Low,Stroke,2.6,EMERGENCY,U007,F02,2026-08-17 17:00:00,Admitted
P04679,6,Female,High,Diabetes Complications,6.9,MedSurg,U013,F03,2026-08-15 16:00:00,Admitted
P04680,66,Female,Low,Acute Myocardial Infarction,2.3,EMERGENCY,U007,F02,2026-08-16 13:00:00,Pending Transfer
P04681,78,Female,Medium,Bronchiolitis,4.1,Pediatrics,U004,F01,2026-08-31 00:00:00,Admitted
P04682,67,Male,Medium,Acute Myocardial Infarction,3.8,EMERGENCY,U002,F01,2026-08-09 08:00:00,Admitted
P04683,43,Non-Binary,High,Multi-organ Dysfunction,5.6,icu,U006,F02,2026-08-28 22:00:00,Pending Transfer
P04684,47,Non-Binary,Low,Chemotherapy Monitoring,1.7,Oncology,U005,F01,2026-08-10 13:00:00,Pending Transfer
P04685,5,Non-Binary,Medium,Chemotherapy Monitoring,4.6,Oncology,U010,F02,2026-08-19 01:00:00,Transfer Approved
P04686,62,Male,High,Dehydration,7.5,Pediatrics,U009,F02,2026-08-12 22:00:00,Transfer Approved
P04687,81,Non-Binary,Low,Acute Respiratory Distress,1.5,icu,U001,F01,2026-08-10 08:00:00,Admitted
P04688,51,Non-Binary,High,Palliative Care,7.8,Oncology,U010,F02,2026-08-29 17:00:00,Transfer Approved
P04689,63,Non-Binary,Low,Acute Myocardial Infarction,3.5,Pediatrics,U002,F01,2026-08-27 09:00:00,Admitted
P04690,88,Male,Ultra-Critical,Acute Myocardial Infarction,3.6,EMERGENCY,U007,F02,2026-08-01 13:00:00,Pending Transfer
P04691,72,Female,High,Post-Cardiac Arrest,7.8,icu,U011,F03,2026-08-28 08:00:00,Admitted
P04692,19,Male,Medium,Acute Myocardial Infarction,3.8,EMERGENCY,U012,F03,2026-08-31 06:00:00,Transfer Approved
P04693,84,Non-Binary,Medium,Congenital Heart Defect,4.1,Pediatrics,U004,F01,2026-08-05 17:00:00,Admitted
P04694,47,Male,Low,Multi-organ Dysfunction,2.7,icu,U006,F02,2026-08-16 02:00:00,Admitted
P04695,59,Female,Medium,Pneumonia,3.7,MedSurg,U013,F03,2026-08-22 16:00:00,Admitted
P04696,50,Female,Low,Cellulitis,2.5,EMERGENCY,U013,F03,2026-08-13 08:00:00,Admitted
P04697,61,Male,Low,Palliative Care,1.8,Oncology,U015,F03,2026-08-20 13:00:00,Admitted
P04698,14,Female,Low,Diabetes Complications,2.2,MedSurg,U013,F03,2026-08-22 02:00:00,Admitted
P04699,57,Non-Binary,Medium,Chemotherapy Monitoring,4.7,Oncology,U010,F02,2026-08-05 23:00:00,Admitted
P04700,8,Non-Binary,Medium,Diabetes Complications,5.2,MedSurg,U013,F03,2026-08-30 15:00:00,Admitted
P04701,36,Male,Low,Septic Shock,2.9,EMERGENCY,U001,F01,2026-08-08 00:00:00,Pending Transfer
P04702,74,Male,Low,Bronchiolitis,3.0,Pediatrics,U009,F02,2026-08-27 17:00:00,Admitted
P04703,8,Female,Medium,Polytrauma,5.0,EMERGENCY,U012,F03,2026-08-19 10:00:00,Admitted
P04704,6,Female,Low,Tumor Lysis Syndrome,3.1,Oncology,U010,F02,2026-08-08 01:00:00,Pending Transfer
P04705,91,Female,High,Cellulitis,5.8,Pediatrics,U003,F01,2026-08-29 15:00:00,Admitted
P04706,58,Male,High,Tumor Lysis Syndrome,6.8,Oncology,U010,F02,2026-08-19 03:00:00,Admitted
P04707,22,Non-Binary,Medium,Bronchiolitis,4.5,Pediatrics,U009,F02,2026-08-29 02:00:00,Admitted
P04708,53,Male,High,Septic Shock,7.5,icu,U006,F02,2026-08-26 04:00:00,Admitted
P04709,14,Male,Critical,Multi-organ Dysfunction,8.7,icu,U006,F02,2026-08-05 02:00:00,Admitted
P04710,8,Male,Low,Severe Abdominal Pain,,Oncology,U007,F02,2026-08-04 17:00:00,Transfer Approved
P04711,13,Female,High,Post-Cardiac Arrest,5.9,icu,U001,F01,2026-08-26 00:00:00,Admitted
P04712,29,Male,Medium,Multi-organ Dysfunction,4.4,icu,U001,F01,2026-08-15 15:00:00,Discharged
P04713,41,Female,Low,Acute Respiratory Distress,2.2,icu,U001,F01,2026-08-28 06:00:00,Admitted
P04714,34,Non-Binary,Medium,Stroke,4.7,EMERGENCY,U007,F02,2026-08-30 06:00:00,Admitted
P04715,2,Male,Medium,Bronchiolitis,4.5,Pediatrics,U009,F02,2026-08-11 17:00:00,Admitted
P04716,12,Male,Critical,Pneumonia,9.8,MedSurg,U013,F03,2026-08-02 16:00:00,Transfer Approved
P04717,89,Non-Binary,High,Stroke,6.2,MedSurg,U012,F03,2026-08-23 15:00:00,Transfer Approved
P04718,48,Male,Medium,Polytrauma,4.6,EMERGENCY,U012,F03,2026-08-04 18:00:00,Admitted
P04719,33,Female,Low,Acute Respiratory Distress,3.0,icu,U006,F02,2026-08-30 17:00:00,Admitted
P04720,57,Male,Low,Septic Shock,2.0,icu,U011,F03,2026-08-24 23:00:00,Pending Transfer
P04721,28,Non-Binary,Medium,Pneumonia,4.0,MedSurg,U003,F01,2026-08-13 11:00:00,Admitted
P04722,64,Male,Low,Acute Respiratory Distress,1.8,icu,U006,F02,2026-08-09 15:00:00,Pending Transfer
P04723,90,Male,Medium,Chemotherapy Monitoring,3.6,Oncology,U005,F01,2026-08-21 22:00:00,Pending Transfer
P04724,13,Non-Binary,Low,Palliative Care,99.0,Pediatrics,U010,F02,2026-08-18 00:00:00,Pending Transfer
P04725,49,Male,Low,Pediatric Asthma,2.2,Pediatrics,U014,F03,2026-08-20 15:00:00,Admitted
P04726,65,Female,Medium,Congenital Heart Defect,,Pediatrics,U009,F02,2026-08-31 06:00:00,Admitted
P04727,49,Non-Binary,Low,Multi-organ Dysfunction,2.3,icu,U006,F02,2026-08-05 14:00:00,Transfer Approved
P04728,79,Non-Binary,High,Chemotherapy Monitoring,7.9,icu,U015,F03,2026-08-20 19:00:00,Pending Transfer
P04729,92,Male,Medium,Post-Operative Recovery,5.2,MedSurg,U008,F02,2026-08-09 11:00:00,Pending Transfer
P04730,79,Female,High,Pneumonia,6.7,MedSurg,U013,F03,2026-08-19 05:00:00,Admitted
P04731,40,Non-Binary,Low,Diabetes Complications,2.4,icu,U003,F01,2026-08-12 21:00:00,Transfer Approved
P04732,42,Male,Medium,Chemotherapy Monitoring,99.0,Oncology,U015,F03,2026-08-12 20:00:00,Admitted
P04733,13,Non-Binary,High,Tumor Lysis Syndrome,5.9,Oncology,U010,F02,2026-08-03 14:00:00,Admitted
P04734,58,Male,Medium,Multi-organ Dysfunction,4.1,icu,U011,F03,2026-08-26 05:00:00,Admitted
P04735,45,Male,Low,Acute Respiratory Distress,3.3,icu,U006,F02,2026-08-20 00:00:00,Pending Transfer
P04736,15,Male,Medium,Bronchiolitis,4.0,Pediatrics,U009,F02,2026-08-28 21:00:00,Admitted
P04737,36,Female,Low,Pediatric Asthma,3.2,Pediatrics,U004,F01,2026-08-14 05:00:00,Admitted
P04738,15,Non-Binary,Low,Pneumonia,3.3,MedSurg,U008,F02,2026-08-15 11:00:00,Admitted
P04739,66,Non-Binary,Low,Post-Operative Recovery,3.0,MedSurg,U003,F01,2026-08-21 13:00:00,Admitted
P04740,48,Female,Low,Stroke,1.7,EMERGENCY,U002,F01,2026-08-24 21:00:00,Admitted
P04741,24,Male,Medium,Chemotherapy Monitoring,4.3,Oncology,U005,F01,2026-08-12 22:00:00,Admitted
P04742,44,Non-Binary,Medium,Stroke,4.6,EMERGENCY,U012,F03,2026-08-13 16:00:00,Admitted
P04743,83,Female,Low,Polytrauma,3.3,EMERGENCY,U007,F02,2026-08-04 21:00:00,Admitted
P04744,7,Male,Medium,Pediatric Asthma,4.9,Pediatrics,U014,F03,2026-08-08 06:00:00,Admitted
P04745,85,Male,Low,Pneumonia,1.8,MedSurg,U013,F03,2026-08-27 23:00:00,Pending Transfer
P04746,51,Non-Binary,Low,Pneumonia,2.6,MedSurg,U003,F01,2026-08-02 12:00:00,Admitted
P04747,19,Male,High,Severe Abdominal Pain,6.9,icu,U002,F01,2026-08-06 15:00:00,Admitted
P04748,11,Female,Low,Chemotherapy Monitoring,1.9,Oncology,U015,F03,2026-08-29 23:00:00,Admitted
P04749,89,Non-Binary,Critical,Acute Myocardial Infarction,9.3,EMERGENCY,U012,F03,2026-08-18 11:00:00,Admitted
P04750,13,Female,Low,Multi-organ Dysfunction,3.3,icu,U006,F02,2026-08-11 23:00:00,Pending Transfer
P04751,27,Female,Medium,Pediatric Asthma,4.5,Pediatrics,U004,F01,2026-08-02 03:00:00,Admitted
P04752,50,Male,High,Severe Abdominal Pain,7.6,EMERGENCY,U002,F01,2026-08-14 17:00:00,Admitted
P04753,6,Female,Medium,Febrile Neutropenia,4.5,Oncology,U010,F02,2026-08-15 20:00:00,Pending Transfer
P04754,1,Male,High,Stroke,6.0,EMERGENCY,U012,F03,2026-08-10 08:00:00,Admitted
P04755,62,Non-Binary,Medium,Stroke,4.5,EMERGENCY,U007,F02,2026-08-06 06:00:00,Admitted
P04756,52,Non-Binary,High,Febrile Neutropenia,5.8,Oncology,U010,F02,2026-08-13 11:00:00,Admitted
P04757,81,Female,Medium,Polytrauma,4.4,EMERGENCY,U007,F02,2026-08-03 14:00:00,Admitted
P04758,92,Female,High,Acute Respiratory Distress,7.5,icu,U011,F03,2026-08-05 19:00:00,Transfer Approved
P04759,24,Male,Low,Bronchiolitis,2.3,Pediatrics,U004,F01,2026-08-27 01:00:00,Pending Transfer
P04760,67,Male,Critical,Chemotherapy Monitoring,13.7,Oncology,U005,F01,2026-08-08 19:00:00,Admitted
P04761,73,Female,Low,Tumor Lysis Syndrome,3.3,Oncology,U010,F02,2026-08-09 16:00:00,Admitted
P04762,27,Male,Medium,Pneumonia,4.0,Oncology,U013,F03,2026-08-29 17:00:00,Admitted
P04763,10,Female,,Diabetes Complications,5.4,MedSurg,U003,F01,2026-08-15 04:00:00,Admitted
P04764,72,Female,Medium,Chemotherapy Monitoring,3.7,Oncology,U015,F03,2026-08-08 10:00:00,Pending Transfer
P04765,51,Male,Low,Chemotherapy Monitoring,3.3,Oncology,U015,F03,2026-08-13 12:00:00,Admitted
P04766,11,Female,Low,Febrile Neutropenia,2.2,Oncology,U010,F02,2026-08-21 11:00:00,Admitted
P04767,77,Male,Medium,Dehydration,4.2,Pediatrics,U014,F03,2026-08-21 05:00:00,Admitted
P04768,27,Female,Medium,Bronchiolitis,3.6,Pediatrics,U014,F03,2026-08-07 19:00:00,Transfer Approved
P04769,17,Male,Medium,Acute Myocardial Infarction,4.8,EMERGENCY,U012,F03,2026-08-05 13:00:00,Pending Transfer
P04770,7,Male,Medium,Chemotherapy Monitoring,4.2,Oncology,U010,F02,2026-08-04 11:00:00,Admitted
P04771,8,Non-Binary,Medium,Congenital Heart Defect,3.8,Pediatrics,U009,F02,2026-08-10 23:00:00,Admitted
P04772,77,Male,Critical,Diabetes Complications,12.6,MedSurg,U013,F03,2026-08-19 12:00:00,Transfer Approved
P04773,32,Male,Low,Palliative Care,1.6,Oncology,U005,F01,2026-08-25 06:00:00,Admitted
P04774,45,Non-Binary,Medium,Post-Cardiac Arrest,4.4,MedSurg,U006,F02,2026-08-19 01:00:00,Admitted
P04775,68,Non-Binary,Low,Dehydration,2.2,Pediatrics,U004,F01,2026-08-16 08:00:00,Admitted
P04776,11,Male,Medium,Septic Shock,5.1,icu,U001,F01,2026-08-01 10:00:00,Admitted
P04777,6,Non-Binary,Low,Tumor Lysis Syndrome,2.0,Oncology,U010,F02,2026-08-31 21:00:00,Admitted
P04778,8,Male,Critical,Palliative Care,8.8,Oncology,U005,F01,2026-08-24 02:00:00,Admitted
P04779,46,Male,Low,Pneumonia,3.3,MedSurg,U013,F03,2026-08-08 11:00:00,Pending Transfer
P04780,62,Non-Binary,Critical,Dehydration,12.0,Pediatrics,U009,F02,2026-08-19 10:00:00,Admitted
P04781,37,Female,High,Polytrauma,6.1,EMERGENCY,U002,F01,2026-08-27 03:00:00,Transfer Approved
P04782,49,Non-Binary,Medium,Post-Cardiac Arrest,4.5,MedSurg,U011,F03,2026-08-24 06:00:00,Admitted
P04783,87,Female,High,Acute Respiratory Distress,6.8,icu,U006,F02,2026-08-06 20:00:00,Admitted
P04784,47,Male,Medium,Febrile Neutropenia,3.6,Oncology,U005,F01,2026-08-18 17:00:00,Admitted
P04785,62,Female,Low,Stroke,2.1,EMERGENCY,U012,F03,2026-08-28 05:00:00,Pending Transfer
P04786,15,Female,Low,Pediatric Asthma,2.8,Pediatrics,U014,F03,2026-08-11 16:00:00,Pending Transfer
P04787,53,Male,Medium,Pneumonia,4.8,MedSurg,U013,F03,2026-08-02 00:00:00,Admitted
P04788,19,Male,Medium,Tumor Lysis Syndrome,3.9,Oncology,U015,F03,2026-08-21 02:00:00,Pending Transfer
P04789,40,Female,High,Post-Operative Recovery,7.7,MedSurg,U013,F03,2026-08-23 23:00:00,Admitted
P04790,34,Male,Low,Congenital Heart Defect,2.3,Pediatrics,U014,F03,2026-08-22 16:00:00,Transfer Approved
P04791,53,Male,Medium,Post-Operative Recovery,3.8,MedSurg,U013,F03,2026-08-09 13:00:00,Admitted
P04792,17,Non-Binary,High,Palliative Care,8.2,Oncology,U015,F03,2026-08-21 04:00:00,Admitted
P04793,81,Non-Binary,Low,Chemotherapy Monitoring,3.3,Pediatrics,U015,F03,2026-08-20 05:00:00,Transfer Approved
P04794,37,Male,Low,Pneumonia,1.5,MedSurg,U008,F02,2026-08-20 13:00:00,Admitted
P04795,63,Male,Low,Febrile Neutropenia,1.7,Oncology,U015,F03,2026-08-12 12:00:00,Admitted
P04796,65,Female,High,Dehydration,7.6,Pediatrics,U014,F03,2026-08-12 03:00:00,Transfer Approved
P04797,44,Male,Critical,Post-Cardiac Arrest,10.6,icu,U006,F02,2026-08-02 10:00:00,Admitted
P04798,77,Non-Binary,Critical,Septic Shock,10.5,icu,U006,F02,2026-08-15 06:00:00,Admitted
P04799,63,Female,Medium,Polytrauma,4.1,EMERGENCY,U012,F03,2026-08-05 09:00:00,Admitted
P04800,90,Female,Low,Acute Respiratory Distress,2.7,icu,U011,F03,2026-08-18 06:00:00,Admitted
P04801,81,Non-Binary,High,Chemotherapy Monitoring,6.3,Oncology,U005,F01,2026-08-26 11:00:00,Admitted
P04802,78,Non-Binary,Medium,Post-Cardiac Arrest,4.2,icu,U006,F02,2026-08-27 07:00:00,Admitted
P04803,76,Female,Low,Chemotherapy Monitoring,1.9,Oncology,U005,F01,2026-08-29 08:00:00,Admitted
P04804,6,Non-Binary,Medium,Tumor Lysis Syndrome,5.4,Oncology,U005,F01,2026-08-24 17:00:00,Transfer Approved
P04805,23,Female,Medium,Pneumonia,3.6,MedSurg,U003,F01,2026-08-06 13:00:00,Admitted
P04806,85,Male,,Severe Abdominal Pain,6.3,EMERGENCY,U002,F01,2026-08-10 14:00:00,Admitted
P04807,59,Non-Binary,Low,Severe Abdominal Pain,1.6,EMERGENCY,U007,F02,2026-08-08 20:00:00,Admitted
P04808,38,Non-Binary,Medium,Bronchiolitis,5.4,Pediatrics,U004,F01,2026-08-21 20:00:00,Admitted
P04809,92,Female,High,Septic Shock,5.6,icu,U006,F02,2026-08-14 07:00:00,Admitted
P04810,25,Male,Low,Pediatric Asthma,3.0,Pediatrics,U014,F03,2026-08-02 10:00:00,Discharged
P04811,71,Female,Medium,Acute Myocardial Infarction,4.9,EMERGENCY,U007,F02,2026-08-02 23:00:00,Admitted
P04812,29,Male,Low,Stroke,1.8,EMERGENCY,U002,F01,2026-08-18 15:00:00,Admitted
P04813,66,Male,,Multi-organ Dysfunction,8.0,icu,U011,F03,2026-08-15 13:00:00,Admitted
P04814,73,Non-Binary,Medium,Acute Respiratory Distress,3.7,icu,U001,F01,2026-08-25 21:00:00,Admitted
P04815,43,Female,Medium,Cellulitis,5.4,MedSurg,U013,F03,2026-08-14 00:00:00,Admitted
P04816,57,Male,Critical,Post-Operative Recovery,9.3,MedSurg,U008,F02,2026-08-19 18:00:00,Admitted
P04817,46,Non-Binary,Medium,Post-Cardiac Arrest,5.0,icu,U006,F02,2026-08-16 01:00:00,Discharged
P04818,11,Male,Medium,Dehydration,4.6,Pediatrics,U014,F03,2026-08-13 00:00:00,Discharged
P04819,37,Female,Low,Chemotherapy Monitoring,3.3,Oncology,U010,F02,2026-08-07 13:00:00,Pending Transfer
P04820,79,Non-Binary,Low,Palliative Care,1.9,Oncology,U010,F02,2026-08-19 00:00:00,Admitted
P04821,17,Non-Binary,Low,Polytrauma,3.3,EMERGENCY,U007,F02,2026-08-29 05:00:00,Admitted
P04822,35,Female,Medium,Septic Shock,3.7,icu,U011,F03,2026-08-06 10:00:00,Admitted
P04823,6,Non-Binary,High,Septic Shock,5.5,icu,U001,F01,2026-08-26 10:00:00,Discharged
P04824,8,Female,High,Bronchiolitis,6.6,Pediatrics,U004,F01,2026-08-27 01:00:00,Admitted
P04825,35,Female,Low,Tumor Lysis Syndrome,1.8,Oncology,U015,F03,2026-08-01 14:00:00,Admitted
P04826,66,Female,Critical,Bronchiolitis,9.5,Pediatrics,U004,F01,2026-08-19 07:00:00,Pending Transfer
P04827,62,Male,Critical,Congenital Heart Defect,9.0,Pediatrics,U014,F03,2026-08-25 17:00:00,Admitted
P04828,48,Non-Binary,Low,Stroke,3.5,EMERGENCY,U012,F03,2026-08-12 01:00:00,Admitted
P04829,74,Female,High,Stroke,6.6,EMERGENCY,U012,F03,2026-08-19 21:00:00,Admitted
P04830,25,Male,Low,Acute Myocardial Infarction,2.9,EMERGENCY,U012,F03,2026-08-02 15:00:00,Admitted
P04831,20,Non-Binary,Low,Acute Myocardial Infarction,3.5,EMERGENCY,U007,F02,2026-08-25 19:00:00,Admitted
P04832,86,Female,Critical,Cellulitis,9.2,MedSurg,U013,F03,2026-08-14 07:00:00,Admitted
P04833,68,Male,Low,Congenital Heart Defect,3.0,EMERGENCY,U014,F03,2026-08-21 05:00:00,Pending Transfer
P04834,87,Male,Low,Cellulitis,3.2,MedSurg,U013,F03,2026-08-18 23:00:00,Admitted
P04835,27,Non-Binary,Critical,Acute Myocardial Infarction,10.8,Oncology,U012,F03,2026-08-19 14:00:00,Admitted
P04836,20,Female,Low,Febrile Neutropenia,3.3,Oncology,U010,F02,2026-08-29 22:00:00,Admitted
P04837,26,Female,Medium,Post-Operative Recovery,4.9,MedSurg,U008,F02,2026-08-19 04:00:00,Pending Transfer
P04838,22,Female,Low,Pneumonia,2.8,MedSurg,U008,F02,2026-08-18 22:00:00,Admitted
P04839,3,Female,Medium,Pediatric Asthma,4.8,Pediatrics,U014,F03,2026-08-19 06:00:00,Pending Transfer
P04840,87,Non-Binary,Low,Septic Shock,3.1,icu,U011,F03,2026-08-06 07:00:00,Admitted
P04841,63,Male,Medium,Pediatric Asthma,4.2,Pediatrics,U004,F01,2026-08-15 06:00:00,Admitted
P04842,21,Non-Binary,High,Cellulitis,7.9,MedSurg,U003,F01,2026-08-18 01:00:00,Admitted
P04843,69,Female,Low,Stroke,2.0,EMERGENCY,U002,F01,2026-08-17 21:00:00,Admitted
P04844,42,Non-Binary,Medium,Severe Abdominal Pain,4.6,EMERGENCY,U002,F01,2026-08-05 21:00:00,Admitted
P04845,25,Female,High,Post-Cardiac Arrest,6.6,icu,U001,F01,2026-08-21 00:00:00,Admitted
P04846,47,Non-Binary,Critical,Septic Shock,13.7,icu,U006,F02,2026-08-27 17:00:00,Admitted
P04847,7,Female,Critical,Congenital Heart Defect,9.7,Pediatrics,U004,F01,2026-08-13 02:00:00,Transfer Approved
P04848,75,Non-Binary,High,Acute Myocardial Infarction,6.0,icu,U002,F01,2026-08-24 14:00:00,Admitted
P04849,22,Female,,Septic Shock,3.7,icu,U001,F01,2026-08-18 13:00:00,Pending Transfer
P04850,45,Non-Binary,High,Acute Myocardial Infarction,6.6,EMERGENCY,U007,F02,2026-08-06 17:00:00,Admitted
P04851,40,Non-Binary,High,Multi-organ Dysfunction,7.0,icu,U006,F02,2026-08-08 11:00:00,Admitted
P04852,1,Non-Binary,Low,Chemotherapy Monitoring,1.5,Oncology,U005,F01,2026-08-28 02:00:00,Transfer Approved
P04853,40,Male,High,Severe Abdominal Pain,5.6,EMERGENCY,U007,F02,2026-08-20 01:00:00,Transfer Approved
P04854,46,Non-Binary,Low,Cellulitis,2.7,MedSurg,U003,F01,2026-08-10 00:00:00,Admitted
P04855,59,Male,Low,Acute Myocardial Infarction,2.6,EMERGENCY,U012,F03,2026-08-13 21:00:00,Transfer Approved
P04856,90,Non-Binary,Low,Post-Operative Recovery,,MedSurg,U003,F01,2026-08-28 16:00:00,Admitted
P04857,59,Female,Low,Post-Cardiac Arrest,3.2,icu,U006,F02,2026-08-16 16:00:00,Admitted
P04858,57,Non-Binary,Medium,Palliative Care,5.5,Oncology,U015,F03,2026-08-04 20:00:00,Admitted
P04859,55,Male,Critical,Pneumonia,12.5,Pediatrics,U003,F01,2026-08-03 08:00:00,Admitted
P04860,3,Male,High,Post-Operative Recovery,6.1,MedSurg,U003,F01,2026-08-11 07:00:00,Admitted
P04861,63,Male,Medium,Chemotherapy Monitoring,4.7,icu,U010,F02,2026-08-17 16:00:00,Transfer Approved
P04862,91,Male,Critical,Cellulitis,12.0,MedSurg,U013,F03,2026-08-30 16:00:00,Pending Transfer
P04863,7,Non-Binary,Medium,Acute Myocardial Infarction,5.2,EMERGENCY,U007,F02,2026-08-18 12:00:00,Admitted
P04864,78,Non-Binary,Low,Acute Myocardial Infarction,2.9,EMERGENCY,U002,F01,2026-08-05 21:00:00,Admitted
P04865,51,Non-Binary,Medium,Palliative Care,4.6,Oncology,U015,F03,2026-08-18 18:00:00,Transfer Approved
P04866,1,Male,Medium,Febrile Neutropenia,4.3,Oncology,U010,F02,2026-08-26 20:00:00,Admitted
P04867,20,Female,Medium,Acute Myocardial Infarction,5.2,EMERGENCY,U002,F01,2026-08-03 11:00:00,Admitted
P04868,21,Non-Binary,Low,Congenital Heart Defect,2.2,Pediatrics,U004,F01,2026-08-02 21:00:00,Pending Transfer
P04869,67,Male,Critical,Multi-organ Dysfunction,10.2,icu,U006,F02,2026-08-08 13:00:00,Admitted
P04870,57,Female,Low,Dehydration,2.5,Pediatrics,U004,F01,2026-08-19 11:00:00,Admitted
P04871,17,Male,Medium,Septic Shock,5.1,icu,U001,F01,2026-08-07 08:00:00,Discharged
P04872,82,Male,Low,Polytrauma,1.9,EMERGENCY,U007,F02,2026-08-29 19:00:00,Admitted
P04873,48,Male,Medium,Palliative Care,4.8,Oncology,U015,F03,2026-08-30 17:00:00,Pending Transfer
P04874,1,Female,Low,Acute Respiratory Distress,3.3,icu,U006,F02,2026-08-23 07:00:00,Admitted
P04875,81,Non-Binary,Medium,Cellulitis,5.4,MedSurg,U008,F02,2026-08-18 09:00:00,Pending Transfer
P04876,25,Female,Medium,Polytrauma,4.0,EMERGENCY,U007,F02,2026-08-12 20:00:00,Admitted
P04877,77,Male,Medium,Tumor Lysis Syndrome,5.1,Oncology,U005,F01,2026-08-17 05:00:00,Discharged
P04878,32,Female,Medium,Post-Cardiac Arrest,4.8,Pediatrics,U001,F01,2026-08-28 22:00:00,Admitted
P04879,74,Female,High,Pediatric Asthma,5.7,Pediatrics,U014,F03,2026-08-20 14:00:00,Admitted
P04880,6,Non-Binary,Medium,Post-Operative Recovery,3.6,MedSurg,U008,F02,2026-08-09 17:00:00,Admitted
P04881,3,Male,Medium,Febrile Neutropenia,4.2,Oncology,U005,F01,2026-08-22 02:00:00,Admitted
P04882,29,Non-Binary,Low,Cellulitis,3.2,MedSurg,U013,F03,2026-08-09 21:00:00,Admitted
P04883,22,Female,Low,Congenital Heart Defect,2.7,Pediatrics,U009,F02,2026-08-29 17:00:00,Discharged
P04884,42,Female,High,Pediatric Asthma,6.7,Oncology,U014,F03,2026-08-14 23:00:00,Admitted
P04885,90,Male,High,Palliative Care,8.3,icu,U015,F03,2026-08-08 06:00:00,Admitted
P04886,92,Female,High,Acute Respiratory Distress,5.9,icu,U006,F02,2026-08-14 07:00:00,Admitted
P04887,6,Female,Medium,Cellulitis,4.7,MedSurg,U008,F02,2026-08-29 07:00:00,Pending Transfer
P04888,63,Female,Low,Acute Respiratory Distress,2.4,icu,U011,F03,2026-08-12 12:00:00,Admitted
P04889,22,Male,,Multi-organ Dysfunction,6.2,icu,U006,F02,2026-08-08 18:00:00,Discharged
P04890,75,Non-Binary,Low,Acute Respiratory Distress,2.4,Pediatrics,U001,F01,2026-08-20 12:00:00,Transfer Approved
P04891,41,Non-Binary,High,Diabetes Complications,6.9,MedSurg,U008,F02,2026-08-03 21:00:00,Discharged
P04892,53,Female,Critical,Polytrauma,11.0,EMERGENCY,U007,F02,2026-08-15 02:00:00,Admitted
P04893,74,Non-Binary,High,Dehydration,6.9,Pediatrics,U009,F02,2026-08-28 19:00:00,Admitted
P04894,35,Female,Low,Acute Respiratory Distress,1.7,icu,U001,F01,2026-08-14 11:00:00,Admitted
P04895,9,Female,Medium,Multi-organ Dysfunction,4.0,icu,U001,F01,2026-08-07 21:00:00,Pending Transfer
P04896,13,Non-Binary,High,Post-Cardiac Arrest,8.2,icu,U001,F01,2026-08-09 11:00:00,Admitted
P04897,38,Female,Critical,Pediatric Asthma,9.4,Pediatrics,U004,F01,2026-08-17 20:00:00,Admitted
P04898,45,Female,Low,Acute Respiratory Distress,2.1,icu,U006,F02,2026-08-29 21:00:00,Admitted
P04899,71,Non-Binary,High,Tumor Lysis Syndrome,7.6,Oncology,U010,F02,2026-08-04 15:00:00,Admitted
P04900,79,Female,Low,Severe Abdominal Pain,3.0,EMERGENCY,U007,F02,2026-08-27 18:00:00,Admitted
P04901,33,Male,High,Post-Cardiac Arrest,5.6,icu,U011,F03,2026-08-13 06:00:00,Pending Transfer
P04902,40,Female,Low,Post-Cardiac Arrest,2.0,icu,U001,F01,2026-08-30 14:00:00,Transfer Approved
P04903,37,Male,High,Cellulitis,6.8,MedSurg,U003,F01,2026-08-03 07:00:00,Admitted
P04904,4,Female,Medium,Polytrauma,3.6,Oncology,U012,F03,2026-08-28 02:00:00,Admitted
P04905,73,Non-Binary,Critical,Pediatric Asthma,9.0,Pediatrics,U009,F02,2026-08-01 08:00:00,Admitted
P04906,83,Female,Critical,Congenital Heart Defect,9.0,Pediatrics,U014,F03,2026-08-24 14:00:00,Admitted
P04907,50,Female,Medium,Chemotherapy Monitoring,5.4,Oncology,U015,F03,2026-08-27 15:00:00,Pending Transfer
P04908,14,Male,Low,Diabetes Complications,2.5,MedSurg,U013,F03,2026-08-19 08:00:00,Admitted
P04909,29,Male,Low,Pneumonia,1.5,MedSurg,U013,F03,2026-08-14 20:00:00,Transfer Approved
P04910,20,Female,Medium,Diabetes Complications,5.0,MedSurg,U008,F02,2026-08-10 11:00:00,Transfer Approved
P04911,52,Female,Low,Congenital Heart Defect,2.9,Pediatrics,U004,F01,2026-08-12 21:00:00,Admitted
P04912,50,Male,Medium,Pneumonia,,MedSurg,U008,F02,2026-08-24 10:00:00,Admitted
P04913,82,Male,High,Acute Myocardial Infarction,6.6,MedSurg,U007,F02,2026-08-22 05:00:00,Admitted
P04914,72,Non-Binary,Low,Congenital Heart Defect,1.8,Pediatrics,U004,F01,2026-08-12 14:00:00,Pending Transfer
P04915,20,Male,Medium,Palliative Care,5.1,Oncology,U005,F01,2026-08-02 08:00:00,Admitted
P04916,3,Non-Binary,Low,Septic Shock,2.8,icu,U011,F03,2026-08-07 11:00:00,Admitted
P04917,37,Female,Low,Palliative Care,,Oncology,U005,F01,2026-08-22 04:00:00,Pending Transfer
P04918,74,Male,Low,Pneumonia,2.2,MedSurg,U008,F02,2026-08-15 18:00:00,Admitted
P04919,8,Female,Low,Bronchiolitis,1.9,Pediatrics,U009,F02,2026-08-22 00:00:00,Admitted
P04920,27,Male,Low,Stroke,3.3,EMERGENCY,U007,F02,2026-08-30 02:00:00,Admitted
P04921,77,Non-Binary,High,Bronchiolitis,7.4,Pediatrics,U004,F01,2026-08-11 21:00:00,Discharged
P04922,86,Non-Binary,Medium,Acute Respiratory Distress,5.0,icu,U006,F02,2026-08-01 07:00:00,Admitted
P04923,48,Male,Medium,Stroke,5.3,EMERGENCY,U002,F01,2026-08-19 22:00:00,Pending Transfer
P04924,26,Female,Low,Septic Shock,2.1,icu,U001,F01,2026-08-30 18:00:00,Admitted
P04925,89,Female,Medium,Stroke,5.5,EMERGENCY,U007,F02,2026-08-10 21:00:00,Admitted
P04926,10,Female,Low,Post-Cardiac Arrest,2.2,icu,U011,F03,2026-08-25 03:00:00,Admitted
P04927,79,Non-Binary,Low,Dehydration,2.8,Pediatrics,U014,F03,2026-08-01 23:00:00,Pending Transfer
P04928,21,Male,Medium,Congenital Heart Defect,3.9,Pediatrics,U014,F03,2026-08-20 16:00:00,Admitted
P04929,90,Non-Binary,Low,Chemotherapy Monitoring,3.3,Oncology,U005,F01,2026-08-29 02:00:00,Transfer Approved
P04930,21,Female,Medium,Congenital Heart Defect,5.0,icu,U009,F02,2026-08-03 19:00:00,Admitted
P04931,60,Non-Binary,Medium,Pneumonia,4.2,MedSurg,U008,F02,2026-08-06 06:00:00,Admitted
P04932,22,Non-Binary,Medium,Febrile Neutropenia,5.4,Oncology,U015,F03,2026-08-11 04:00:00,Admitted
P04933,85,Female,Medium,Bronchiolitis,4.1,Pediatrics,U014,F03,2026-08-14 14:00:00,Admitted
P04934,68,Female,Low,Post-Cardiac Arrest,2.4,icu,U006,F02,2026-08-18 20:00:00,Pending Transfer
P04935,55,Non-Binary,High,Post-Operative Recovery,5.6,MedSurg,U008,F02,2026-08-05 10:00:00,Admitted
P04936,15,Non-Binary,Low,Tumor Lysis Syndrome,2.3,Oncology,U015,F03,2026-08-03 11:00:00,Pending Transfer
P04937,27,Male,,Bronchiolitis,5.4,Pediatrics,U004,F01,2026-08-12 01:00:00,Transfer Approved
P04938,91,Female,Critical,Diabetes Complications,10.1,MedSurg,U008,F02,2026-08-31 16:00:00,Admitted
P04939,81,Male,Low,Polytrauma,3.2,EMERGENCY,U012,F03,2026-08-14 18:00:00,Admitted
P04940,30,Female,Low,Acute Respiratory Distress,3.4,icu,U011,F03,2026-08-28 02:00:00,Admitted
P04941,53,Female,Critical,Acute Myocardial Infarction,9.8,EMERGENCY,U012,F03,2026-08-12 09:00:00,Pending Transfer
P04942,48,Non-Binary,Medium,Multi-organ Dysfunction,4.4,icu,U011,F03,2026-08-21 01:00:00,Admitted
P04943,63,Female,Medium,Acute Myocardial Infarction,5.5,EMERGENCY,U012,F03,2026-08-03 08:00:00,Admitted
P04944,3,Male,Low,Multi-organ Dysfunction,1.9,icu,U011,F03,2026-08-13 14:00:00,Transfer Approved
P04945,19,Female,Low,Chemotherapy Monitoring,2.1,Oncology,U005,F01,2026-08-13 07:00:00,Discharged
P04946,8,Female,Medium,Acute Myocardial Infarction,5.2,EMERGENCY,U007,F02,2026-08-17 03:00:00,Admitted
P04947,28,Male,Low,Bronchiolitis,2.5,Pediatrics,U004,F01,2026-08-10 05:00:00,Admitted
P04948,42,Female,,Pneumonia,4.5,MedSurg,U008,F02,2026-08-24 13:00:00,Admitted
P04949,62,Non-Binary,Low,Stroke,2.7,EMERGENCY,U002,F01,2026-08-21 13:00:00,Admitted
P04950,89,Non-Binary,Low,Palliative Care,2.1,Oncology,U010,F02,2026-08-17 08:00:00,Pending Transfer
P04951,9,Non-Binary,High,Febrile Neutropenia,6.8,Oncology,U005,F01,2026-08-20 04:00:00,Admitted
P04952,32,Female,High,Diabetes Complications,8.1,MedSurg,U008,F02,2026-08-25 12:00:00,Admitted
P04953,23,Female,Low,Stroke,1.6,EMERGENCY,U002,F01,2026-08-05 19:00:00,Admitted
P04954,48,Male,Medium,Diabetes Complications,4.9,MedSurg,U008,F02,2026-08-12 11:00:00,Admitted
P04955,45,Male,High,Bronchiolitis,5.9,Pediatrics,U009,F02,2026-08-06 06:00:00,Admitted
P04956,83,Female,Low,Stroke,2.0,EMERGENCY,U007,F02,2026-08-03 12:00:00,Admitted
P04957,57,Female,High,Pediatric Asthma,,Pediatrics,U009,F02,2026-08-16 04:00:00,Admitted
P04958,54,Non-Binary,Low,Diabetes Complications,3.1,MedSurg,U013,F03,2026-08-06 07:00:00,Transfer Approved
P04959,52,Non-Binary,High,Diabetes Complications,7.9,Pediatrics,U008,F02,2026-08-28 15:00:00,Admitted
P04960,73,Female,High,Multi-organ Dysfunction,6.1,icu,U011,F03,2026-08-06 13:00:00,Admitted
P04961,2,Female,Medium,Tumor Lysis Syndrome,4.0,Oncology,U010,F02,2026-08-28 20:00:00,Admitted
P04962,37,Female,High,Tumor Lysis Syndrome,6.3,Oncology,U015,F03,2026-08-04 00:00:00,Transfer Approved
P04963,6,Female,Medium,Acute Respiratory Distress,4.5,icu,U006,F02,2026-08-28 13:00:00,Admitted
P04964,89,Female,Critical,Post-Cardiac Arrest,11.3,icu,U006,F02,2026-08-14 02:00:00,Admitted
P04965,71,Female,High,Multi-organ Dysfunction,6.0,icu,U011,F03,2026-08-02 16:00:00,Pending Transfer
P04966,24,Female,Critical,Tumor Lysis Syndrome,10.3,Oncology,U010,F02,2026-08-16 17:00:00,Admitted
P04967,32,Non-Binary,High,Palliative Care,7.3,Oncology,U010,F02,2026-08-17 18:00:00,Admitted
P04968,57,Non-Binary,Medium,Stroke,4.1,EMERGENCY,U012,F03,2026-08-31 08:00:00,Admitted
P04969,89,Female,Medium,Septic Shock,3.6,icu,U011,F03,2026-08-28 18:00:00,Admitted
P04970,53,Male,Low,Post-Cardiac Arrest,2.2,icu,U011,F03,2026-08-25 15:00:00,Admitted
P04971,67,Female,Medium,Septic Shock,5.0,icu,U011,F03,2026-08-21 08:00:00,Admitted
P04972,7,Non-Binary,Critical,Congenital Heart Defect,,Pediatrics,U009,F02,2026-08-21 09:00:00,Admitted
P04973,25,Female,Medium,Cellulitis,5.3,MedSurg,U013,F03,2026-08-23 05:00:00,Admitted
P04974,75,Male,High,Post-Cardiac Arrest,6.6,icu,U006,F02,2026-08-31 21:00:00,Transfer Approved
P04975,67,Male,Low,Cellulitis,2.9,MedSurg,U003,F01,2026-08-25 10:00:00,Admitted
P04976,28,Male,Critical,Bronchiolitis,8.7,Pediatrics,U009,F02,2026-08-09 09:00:00,Admitted
P04977,74,Non-Binary,Medium,Chemotherapy Monitoring,4.7,Oncology,U005,F01,2026-08-05 13:00:00,Pending Transfer
P04978,36,Female,Medium,Chemotherapy Monitoring,3.9,Oncology,U010,F02,2026-08-26 07:00:00,Admitted
P04979,16,Non-Binary,High,Polytrauma,8.0,EMERGENCY,U012,F03,2026-08-12 15:00:00,Admitted
P04980,55,Non-Binary,Medium,Palliative Care,4.1,Oncology,U010,F02,2026-08-25 11:00:00,Discharged
P04981,33,Female,Low,Tumor Lysis Syndrome,2.3,Oncology,U005,F01,2026-08-31 05:00:00,Admitted
P04982,92,Non-Binary,Low,Bronchiolitis,2.1,Pediatrics,U014,F03,2026-08-26 02:00:00,Pending Transfer
P04983,45,Non-Binary,Medium,Multi-organ Dysfunction,5.0,icu,U001,F01,2026-08-02 23:00:00,Admitted
P04984,26,Female,Medium,Post-Operative Recovery,3.6,MedSurg,U013,F03,2026-08-19 06:00:00,Discharged
P04985,58,Non-Binary,Low,Pneumonia,2.7,MedSurg,U003,F01,2026-08-09 11:00:00,Pending Transfer
P04986,39,Female,Medium,Diabetes Complications,3.9,EMERGENCY,U008,F02,2026-08-02 23:00:00,Transfer Approved
P04987,74,Male,Medium,Stroke,4.4,EMERGENCY,U012,F03,2026-08-29 11:00:00,Pending Transfer
P04988,88,Female,Low,Chemotherapy Monitoring,2.4,Oncology,U015,F03,2026-08-11 14:00:00,Admitted
P04989,75,Non-Binary,Low,Cellulitis,3.2,MedSurg,U008,F02,2026-08-06 15:00:00,Transfer Approved
P04990,84,Female,Low,Diabetes Complications,1.6,MedSurg,U008,F02,2026-08-26 08:00:00,Pending Transfer
P04991,45,Non-Binary,High,Febrile Neutropenia,6.8,Oncology,U015,F03,2026-08-07 14:00:00,Admitted
P04992,22,Female,Low,Diabetes Complications,2.7,MedSurg,U008,F02,2026-08-19 09:00:00,Admitted
P04993,76,Female,Low,Diabetes Complications,2.6,MedSurg,U013,F03,2026-08-13 05:00:00,Admitted
P04994,21,Male,Low,Multi-organ Dysfunction,1.7,icu,U011,F03,2026-08-17 19:00:00,Admitted
P04995,18,Female,Medium,Chemotherapy Monitoring,5.1,Oncology,U010,F02,2026-08-23 22:00:00,Admitted
P04996,20,Non-Binary,High,Stroke,6.2,EMERGENCY,U002,F01,2026-08-06 12:00:00,Admitted
P04997,88,Female,Low,Septic Shock,2.7,icu,U011,F03,2026-08-23 00:00:00,Pending Transfer
P04998,54,Non-Binary,Medium,Polytrauma,3.7,EMERGENCY,U012,F03,2026-08-14 05:00:00,Pending Transfer
P04999,5,Female,High,Stroke,6.5,EMERGENCY,U002,F01,2026-08-26 03:00:00,Admitted
P05000,60,Male,Medium,Severe Abdominal Pain,3.8,EMERGENCY,U002,F01,2026-08-06 12:00:00,Admitted
P05001,65,Female,Critical,Multi-organ Dysfunction,13.2,icu,U011,F03,2026-08-30 11:00:00,Admitted
P05002,75,Male,Low,Septic Shock,1.7,icu,U006,F02,2026-08-01 09:00:00,Admitted
P05003,39,Female,High,Pneumonia,8.0,MedSurg,U008,F02,2026-08-10 22:00:00,Pending Transfer
P05004,13,Male,High,Diabetes Complications,6.5,MedSurg,U003,F01,2026-08-22 03:00:00,Admitted
P05005,40,Non-Binary,Low,Chemotherapy Monitoring,2.1,Oncology,U015,F03,2026-08-15 05:00:00,Transfer Approved
P05006,62,Non-Binary,Low,Febrile Neutropenia,2.4,Oncology,U010,F02,2026-08-27 07:00:00,Admitted
P05007,65,Female,Low,Palliative Care,2.6,Oncology,U010,F02,2026-08-20 17:00:00,Admitted
P05008,72,Female,Low,Febrile Neutropenia,2.1,Oncology,U015,F03,2026-08-25 20:00:00,Admitted
P05009,91,Non-Binary,Low,Multi-organ Dysfunction,2.2,icu,U011,F03,2026-08-14 02:00:00,Admitted
P05010,31,Male,High,Diabetes Complications,5.6,MedSurg,U013,F03,2026-08-02 15:00:00,Transfer Approved
P05011,69,Male,Medium,Tumor Lysis Syndrome,4.3,Oncology,U015,F03,2026-08-21 10:00:00,Pending Transfer
P05012,65,Male,Low,Pneumonia,,MedSurg,U013,F03,2026-08-08 01:00:00,Admitted
P05013,8,Non-Binary,Low,Pediatric Asthma,3.3,MedSurg,U004,F01,2026-08-27 18:00:00,Admitted
P05014,55,Male,Medium,Palliative Care,4.1,Oncology,U015,F03,2026-08-13 23:00:00,Transfer Approved
P05015,21,Non-Binary,Medium,Dehydration,4.1,Pediatrics,U004,F01,2026-08-02 09:00:00,Transfer Approved
P05016,61,Female,Medium,Bronchiolitis,3.9,MedSurg,U014,F03,2026-08-15 05:00:00,Admitted
P05017,54,Non-Binary,Low,Polytrauma,2.0,EMERGENCY,U007,F02,2026-08-03 19:00:00,Admitted
P05018,91,Non-Binary,Low,Palliative Care,3.1,Oncology,U010,F02,2026-08-13 19:00:00,Pending Transfer
P05019,87,Male,High,Stroke,7.8,EMERGENCY,U012,F03,2026-08-20 14:00:00,Admitted
P05020,75,Male,Low,Polytrauma,2.2,EMERGENCY,U012,F03,2026-08-05 01:00:00,Pending Transfer
P05021,7,Non-Binary,High,Pediatric Asthma,7.6,Pediatrics,U009,F02,2026-08-25 15:00:00,Admitted
P05022,52,Male,Medium,Cellulitis,4.3,MedSurg,U013,F03,2026-08-01 02:00:00,Discharged
P05023,23,Female,Low,Multi-organ Dysfunction,2.0,EMERGENCY,U001,F01,2026-08-20 13:00:00,Admitted
P05024,10,Female,Medium,Pediatric Asthma,4.4,MedSurg,U009,F02,2026-08-03 14:00:00,Admitted
P05025,88,Female,,Polytrauma,5.4,EMERGENCY,U002,F01,2026-08-29 23:00:00,Admitted
P05026,4,Male,Critical,Acute Respiratory Distress,12.2,icu,U011,F03,2026-08-12 10:00:00,Pending Transfer
P05027,60,Non-Binary,Low,Dehydration,1.8,Pediatrics,U004,F01,2026-08-08 10:00:00,Transfer Approved
P05028,14,Non-Binary,Medium,Diabetes Complications,3.8,MedSurg,U003,F01,2026-08-12 05:00:00,Admitted
P05029,13,Female,Medium,Febrile Neutropenia,4.6,Oncology,U015,F03,2026-08-26 11:00:00,Admitted
P05030,77,Non-Binary,Low,Bronchiolitis,3.3,Pediatrics,U014,F03,2026-08-12 03:00:00,Transfer Approved
P05031,39,Female,Critical,Acute Respiratory Distress,13.8,icu,U011,F03,2026-08-03 13:00:00,Transfer Approved
P05032,16,Male,Critical,Chemotherapy Monitoring,13.6,Oncology,U005,F01,2026-08-02 06:00:00,Admitted
P05033,3,Male,,Stroke,2.6,EMERGENCY,U012,F03,2026-08-12 12:00:00,Pending Transfer
P05034,9,Non-Binary,High,Dehydration,8.2,Pediatrics,U014,F03,2026-08-26 20:00:00,Pending Transfer
P05035,18,Male,Low,Post-Operative Recovery,1.7,EMERGENCY,U008,F02,2026-08-06 13:00:00,Admitted
P05036,59,Non-Binary,High,Post-Operative Recovery,6.1,MedSurg,U013,F03,2026-08-25 12:00:00,Admitted
P05037,82,Female,High,Cellulitis,8.3,MedSurg,U013,F03,2026-08-28 16:00:00,Pending Transfer
P05038,88,Male,Medium,Palliative Care,4.6,Oncology,U005,F01,2026-08-19 09:00:00,Admitted
P05039,75,Non-Binary,Medium,Pediatric Asthma,4.4,Pediatrics,U014,F03,2026-08-24 15:00:00,Pending Transfer
P05040,37,Female,Low,Pneumonia,2.6,MedSurg,U008,F02,2026-08-13 19:00:00,Admitted
P05041,40,Male,High,Congenital Heart Defect,8.5,Pediatrics,U004,F01,2026-08-11 21:00:00,Admitted
P05042,25,Non-Binary,Low,Severe Abdominal Pain,3.1,EMERGENCY,U012,F03,2026-08-14 00:00:00,Admitted
P05043,57,Male,Medium,Post-Cardiac Arrest,3.8,icu,U006,F02,2026-08-02 01:00:00,Admitted
P05044,73,Non-Binary,High,Palliative Care,6.1,Oncology,U005,F01,2026-08-21 21:00:00,Admitted
P05045,11,Male,High,Palliative Care,6.1,Oncology,U010,F02,2026-08-09 14:00:00,Admitted
P05046,19,Female,High,Multi-organ Dysfunction,6.3,Oncology,U006,F02,2026-08-05 20:00:00,Admitted
P05047,47,Non-Binary,High,Pneumonia,8.0,icu,U008,F02,2026-08-06 04:00:00,Admitted
P05048,88,Non-Binary,High,Post-Cardiac Arrest,6.4,icu,U011,F03,2026-08-07 14:00:00,Pending Transfer
P05049,45,Male,Low,Acute Respiratory Distress,2.6,icu,U011,F03,2026-08-08 06:00:00,Pending Transfer
P05050,49,Male,Medium,Post-Cardiac Arrest,4.7,icu,U006,F02,2026-08-18 17:00:00,Admitted
P05051,19,Non-Binary,Low,Acute Respiratory Distress,3.1,icu,U006,F02,2026-08-27 01:00:00,Admitted
P05052,5,Female,Medium,Cellulitis,3.6,MedSurg,U013,F03,2026-08-28 04:00:00,Admitted
P05053,59,Male,Low,Acute Respiratory Distress,1.6,icu,U011,F03,2026-08-31 08:00:00,Transfer Approved
P05054,32,Female,Medium,Post-Operative Recovery,3.9,MedSurg,U003,F01,2026-08-18 01:00:00,Transfer Approved
P05055,55,Non-Binary,High,Acute Respiratory Distress,8.4,icu,U011,F03,2026-08-26 21:00:00,Admitted
P05056,53,Male,Medium,Septic Shock,4.4,icu,U011,F03,2026-08-22 13:00:00,Admitted
P05057,59,Male,Medium,Post-Cardiac Arrest,4.0,icu,U006,F02,2026-08-27 11:00:00,Pending Transfer
P05058,84,Non-Binary,Low,Palliative Care,1.7,Oncology,U010,F02,2026-08-06 12:00:00,Admitted
P05059,81,Female,High,Tumor Lysis Syndrome,6.1,Oncology,U005,F01,2026-08-19 10:00:00,Admitted
P05060,61,Non-Binary,Low,Chemotherapy Monitoring,2.8,Oncology,U010,F02,2026-08-13 10:00:00,Transfer Approved
P05061,73,Female,Low,Multi-organ Dysfunction,3.2,Oncology,U006,F02,2026-08-15 01:00:00,Admitted
P05062,57,Male,Low,Palliative Care,1.6,Oncology,U005,F01,2026-08-07 02:00:00,Admitted
P05063,69,Male,High,Acute Respiratory Distress,7.0,icu,U011,F03,2026-08-17 00:00:00,Admitted
P05064,83,Female,Low,Severe Abdominal Pain,,EMERGENCY,U007,F02,2026-08-26 09:00:00,Admitted
P05065,14,Male,High,Bronchiolitis,8.3,Pediatrics,U009,F02,2026-08-10 12:00:00,Admitted
P05066,64,Female,Low,Post-Cardiac Arrest,3.2,icu,U011,F03,2026-08-27 08:00:00,Admitted
P05067,63,Male,Low,Febrile Neutropenia,2.9,Oncology,U015,F03,2026-08-25 05:00:00,Admitted
P05068,25,Female,Low,Septic Shock,3.2,icu,U001,F01,2026-08-01 12:00:00,Transfer Approved
P05069,37,Female,Low,Diabetes Complications,2.8,MedSurg,U013,F03,2026-08-28 08:00:00,Transfer Approved
P05070,61,Male,Low,Diabetes Complications,1.7,MedSurg,U013,F03,2026-08-06 07:00:00,Admitted
P05071,12,Non-Binary,Low,Post-Operative Recovery,1.7,MedSurg,U008,F02,2026-08-09 11:00:00,Admitted
P05072,89,Non-Binary,Low,Bronchiolitis,1.8,Pediatrics,U014,F03,2026-08-14 11:00:00,Pending Transfer
P05073,45,Male,Low,Bronchiolitis,3.4,EMERGENCY,U014,F03,2026-08-08 01:00:00,Admitted
P05074,72,Female,Medium,Chemotherapy Monitoring,4.9,Oncology,U005,F01,2026-08-08 08:00:00,Admitted
P05075,21,Male,Low,Acute Myocardial Infarction,2.7,EMERGENCY,U007,F02,2026-08-03 21:00:00,Admitted
P05076,66,Male,Low,Febrile Neutropenia,1.7,Oncology,U005,F01,2026-08-24 11:00:00,Admitted
P05077,4,Male,Critical,Post-Operative Recovery,13.3,MedSurg,U013,F03,2026-08-30 04:00:00,Admitted
P05078,65,Female,High,Polytrauma,7.6,EMERGENCY,U002,F01,2026-08-04 00:00:00,Admitted
P05079,52,Male,Low,Tumor Lysis Syndrome,2.0,Oncology,U010,F02,2026-08-21 01:00:00,Admitted
P05080,68,Male,Medium,Severe Abdominal Pain,5.4,EMERGENCY,U002,F01,2026-08-04 05:00:00,Admitted
P05081,75,Non-Binary,Critical,Tumor Lysis Syndrome,10.5,Oncology,U010,F02,2026-08-03 22:00:00,Admitted
P05082,24,Male,Critical,Congenital Heart Defect,8.8,Pediatrics,U009,F02,2026-08-14 08:00:00,Pending Transfer
P05083,67,Male,Medium,Febrile Neutropenia,4.0,Oncology,U010,F02,2026-08-29 02:00:00,Admitted
P05084,64,Male,Medium,Stroke,3.7,icu,U012,F03,2026-08-06 02:00:00,Pending Transfer
P05085,70,Female,Medium,Post-Operative Recovery,3.9,MedSurg,U008,F02,2026-08-07 13:00:00,Admitted
P05086,13,Female,Medium,Bronchiolitis,4.3,Pediatrics,U009,F02,2026-08-06 17:00:00,Admitted
P05087,8,Female,High,Chemotherapy Monitoring,6.1,Oncology,U005,F01,2026-08-28 23:00:00,Admitted
P05088,62,Non-Binary,Medium,Septic Shock,4.9,icu,U011,F03,2026-08-27 01:00:00,Pending Transfer
P05089,27,Male,High,Dehydration,7.8,Pediatrics,U014,F03,2026-08-22 02:00:00,Admitted
P05090,47,Male,High,Palliative Care,7.0,Oncology,U005,F01,2026-08-06 19:00:00,Admitted
P05091,50,Male,Medium,Palliative Care,4.6,icu,U010,F02,2026-08-04 03:00:00,Admitted
P05092,3,Non-Binary,High,Cellulitis,6.5,Pediatrics,U013,F03,2026-08-21 13:00:00,Admitted
P05093,23,Female,Medium,Tumor Lysis Syndrome,4.8,EMERGENCY,U005,F01,2026-08-12 12:00:00,Discharged
P05094,86,Non-Binary,Low,Cellulitis,3.1,MedSurg,U013,F03,2026-08-18 03:00:00,Admitted
P05095,27,Male,Low,Stroke,2.3,EMERGENCY,U007,F02,2026-08-31 01:00:00,Admitted
P05096,58,Non-Binary,High,Febrile Neutropenia,7.9,Oncology,U005,F01,2026-08-03 08:00:00,Admitted
P05097,24,Female,Low,Cellulitis,2.0,MedSurg,U013,F03,2026-08-25 09:00:00,Admitted
P05098,8,Non-Binary,Medium,Tumor Lysis Syndrome,5.0,Oncology,U010,F02,2026-08-23 01:00:00,Admitted
P05099,55,Female,Critical,Palliative Care,8.6,Oncology,U015,F03,2026-08-07 01:00:00,Pending Transfer
P05100,13,Male,Low,Palliative Care,3.2,Oncology,U015,F03,2026-08-23 12:00:00,Admitted
P05101,8,Female,Critical,Palliative Care,8.6,Oncology,U015,F03,2026-08-06 00:00:00,Pending Transfer
P05102,27,Male,Medium,Febrile Neutropenia,3.7,Oncology,U005,F01,2026-08-25 20:00:00,Admitted
P05103,22,Female,Low,Acute Respiratory Distress,2.2,icu,U006,F02,2026-08-27 18:00:00,Admitted
P05104,92,Non-Binary,Medium,Acute Myocardial Infarction,3.7,EMERGENCY,U002,F01,2026-08-15 16:00:00,Admitted
P05105,45,Male,Low,Acute Myocardial Infarction,2.3,EMERGENCY,U007,F02,2026-08-16 05:00:00,Admitted
P05106,8,Female,Low,Stroke,1.9,EMERGENCY,U002,F01,2026-08-01 00:00:00,Admitted
P05107,23,Non-Binary,Medium,Stroke,4.0,EMERGENCY,U002,F01,2026-08-16 19:00:00,Admitted
P05108,85,Female,High,Multi-organ Dysfunction,7.9,icu,U011,F03,2026-08-25 13:00:00,Admitted
P05109,18,Non-Binary,Critical,Diabetes Complications,9.6,MedSurg,U013,F03,2026-08-16 15:00:00,Pending Transfer
P05110,74,Female,Medium,Post-Cardiac Arrest,4.0,icu,U006,F02,2026-08-25 15:00:00,Admitted
P05111,59,Female,Medium,Acute Myocardial Infarction,5.3,EMERGENCY,U007,F02,2026-08-13 19:00:00,Admitted
P05112,64,Male,Medium,Dehydration,3.6,Pediatrics,U004,F01,2026-08-17 17:00:00,Discharged
P05113,26,Non-Binary,High,Acute Respiratory Distress,5.9,icu,U011,F03,2026-08-02 04:00:00,Admitted
P05114,32,Female,Critical,Multi-organ Dysfunction,12.7,icu,U006,F02,2026-08-25 15:00:00,Pending Transfer
P05115,22,Male,Low,Polytrauma,2.2,EMERGENCY,U012,F03,2026-08-25 15:00:00,Pending Transfer
P05116,29,Female,Medium,Acute Myocardial Infarction,5.2,EMERGENCY,U007,F02,2026-08-20 09:00:00,Admitted
P05117,26,Female,,Polytrauma,2.0,EMERGENCY,U007,F02,2026-08-31 13:00:00,Admitted
P05118,71,Female,Medium,Diabetes Complications,5.1,MedSurg,U003,F01,2026-08-15 06:00:00,Admitted
P05119,64,Female,High,Dehydration,5.6,Pediatrics,U014,F03,2026-08-19 18:00:00,Admitted
P05120,6,Non-Binary,Medium,Palliative Care,4.6,Oncology,U010,F02,2026-08-13 22:00:00,Admitted
P05121,70,Male,High,Bronchiolitis,5.8,Oncology,U014,F03,2026-08-01 13:00:00,Transfer Approved
P05122,7,Female,Critical,Bronchiolitis,11.7,Pediatrics,U009,F02,2026-08-09 07:00:00,Transfer Approved
P05123,75,Male,,Post-Cardiac Arrest,3.6,icu,U006,F02,2026-08-27 12:00:00,Admitted
P05124,4,Female,High,Severe Abdominal Pain,7.6,Pediatrics,U002,F01,2026-08-11 05:00:00,Transfer Approved
P05125,45,Female,Medium,Tumor Lysis Syndrome,5.4,Oncology,U005,F01,2026-08-11 06:00:00,Admitted
P05126,44,Non-Binary,Low,Stroke,3.4,EMERGENCY,U012,F03,2026-08-10 11:00:00,Admitted
P05127,11,Non-Binary,Critical,Bronchiolitis,9.4,Pediatrics,U014,F03,2026-08-03 12:00:00,Discharged
P05128,92,Male,Low,Tumor Lysis Syndrome,2.3,Oncology,U015,F03,2026-08-23 10:00:00,Admitted
P05129,37,Non-Binary,Medium,Polytrauma,5.3,EMERGENCY,U007,F02,2026-08-05 00:00:00,Pending Transfer
P05130,52,Male,Medium,Tumor Lysis Syndrome,4.4,Oncology,U015,F03,2026-08-13 06:00:00,Transfer Approved
P05131,50,Male,Low,Stroke,2.2,EMERGENCY,U007,F02,2026-08-23 16:00:00,Pending Transfer
P05132,75,Non-Binary,Medium,Febrile Neutropenia,4.0,Oncology,U010,F02,2026-08-04 17:00:00,Transfer Approved
P05133,49,Non-Binary,Medium,Acute Respiratory Distress,4.8,icu,U006,F02,2026-08-19 01:00:00,Admitted
P05134,28,Male,Medium,Tumor Lysis Syndrome,3.9,Oncology,U010,F02,2026-08-17 19:00:00,Admitted
P05135,25,Non-Binary,Medium,Post-Operative Recovery,5.4,MedSurg,U013,F03,2026-08-14 06:00:00,Discharged
P05136,45,Non-Binary,Medium,Acute Respiratory Distress,3.9,Pediatrics,U006,F02,2026-08-31 04:00:00,Pending Transfer
P05137,29,Female,Low,Congenital Heart Defect,3.2,Pediatrics,U004,F01,2026-08-07 09:00:00,Admitted
P05138,78,Non-Binary,Low,Congenital Heart Defect,,Pediatrics,U014,F03,2026-08-15 11:00:00,Admitted
P05139,20,Female,Low,Congenital Heart Defect,2.1,Pediatrics,U004,F01,2026-08-03 04:00:00,Admitted
P05140,76,Female,Low,Severe Abdominal Pain,2.0,EMERGENCY,U002,F01,2026-08-12 21:00:00,Admitted
P05141,51,Male,Medium,Severe Abdominal Pain,4.5,EMERGENCY,U012,F03,2026-08-17 05:00:00,Admitted
P05142,60,Female,High,Cellulitis,8.3,MedSurg,U013,F03,2026-08-31 00:00:00,Transfer Approved
P05143,15,Male,Low,Polytrauma,1.6,EMERGENCY,U002,F01,2026-08-08 07:00:00,Admitted
P05144,72,Female,Medium,Bronchiolitis,4.8,Pediatrics,U014,F03,2026-08-05 01:00:00,Pending Transfer
P05145,92,Female,Low,Diabetes Complications,2.8,MedSurg,U003,F01,2026-08-26 07:00:00,Pending Transfer
P05146,72,Female,Medium,Diabetes Complications,4.7,MedSurg,U003,F01,2026-08-08 23:00:00,Admitted
P05147,37,Female,Low,Pediatric Asthma,3.4,Pediatrics,U004,F01,2026-08-21 13:00:00,Admitted
P05148,29,Female,Critical,Post-Cardiac Arrest,11.2,icu,U011,F03,2026-08-26 02:00:00,Admitted
P05149,1,Female,Medium,Post-Operative Recovery,3.5,MedSurg,U008,F02,2026-08-11 06:00:00,Admitted
P05150,23,Non-Binary,Low,Congenital Heart Defect,3.2,Pediatrics,U014,F03,2026-08-04 06:00:00,Admitted
P05151,7,Female,High,Pediatric Asthma,7.7,Pediatrics,U009,F02,2026-08-13 02:00:00,Admitted
P05152,89,Female,Low,Bronchiolitis,1.8,Pediatrics,U009,F02,2026-08-13 07:00:00,Admitted
P05153,73,Male,Low,Post-Cardiac Arrest,3.2,MedSurg,U001,F01,2026-08-31 00:00:00,Transfer Approved
P05154,26,Non-Binary,Medium,Cellulitis,5.5,Pediatrics,U013,F03,2026-08-08 08:00:00,Admitted
P05155,5,Non-Binary,Low,Chemotherapy Monitoring,3.3,Oncology,U005,F01,2026-08-01 04:00:00,Admitted
P05156,83,Female,Medium,Acute Respiratory Distress,3.9,icu,U001,F01,2026-08-13 05:00:00,Admitted
P05157,23,Male,Critical,Acute Myocardial Infarction,11.0,EMERGENCY,U007,F02,2026-08-24 03:00:00,Admitted
P05158,54,Non-Binary,Low,Acute Myocardial Infarction,3.3,MedSurg,U002,F01,2026-08-24 01:00:00,Admitted
P05159,42,Female,Low,Acute Respiratory Distress,1.5,icu,U006,F02,2026-08-01 16:00:00,Admitted
P05160,24,Female,High,Post-Operative Recovery,6.8,MedSurg,U013,F03,2026-08-19 03:00:00,Admitted
P05161,55,Female,Medium,Palliative Care,5.0,Oncology,U010,F02,2026-08-11 12:00:00,Admitted
P05162,70,Female,Medium,Palliative Care,4.4,EMERGENCY,U005,F01,2026-08-20 20:00:00,Pending Transfer
P05163,36,Male,Medium,Palliative Care,5.0,Oncology,U005,F01,2026-08-05 15:00:00,Admitted
P05164,79,Female,,Chemotherapy Monitoring,3.4,Oncology,U010,F02,2026-08-16 19:00:00,Admitted
P05165,30,Female,High,Cellulitis,6.4,MedSurg,U013,F03,2026-08-19 18:00:00,Admitted
P05166,55,Non-Binary,High,Multi-organ Dysfunction,8.1,EMERGENCY,U001,F01,2026-08-14 00:00:00,Admitted
P05167,61,Non-Binary,Low,Acute Myocardial Infarction,1.9,Oncology,U012,F03,2026-08-12 18:00:00,Admitted
P05168,28,Non-Binary,Low,Cellulitis,3.4,MedSurg,U008,F02,2026-08-17 20:00:00,Admitted
P05169,38,Female,Medium,Acute Myocardial Infarction,4.1,EMERGENCY,U007,F02,2026-08-22 22:00:00,Admitted
P05170,51,Non-Binary,High,Post-Cardiac Arrest,7.0,Oncology,U011,F03,2026-08-30 04:00:00,Admitted
P05171,20,Non-Binary,High,Febrile Neutropenia,8.2,MedSurg,U010,F02,2026-08-25 08:00:00,Admitted
P05172,25,Non-Binary,Critical,Diabetes Complications,9.7,MedSurg,U013,F03,2026-08-07 09:00:00,Admitted
P05173,61,Female,Critical,Stroke,9.7,EMERGENCY,U007,F02,2026-08-10 09:00:00,Pending Transfer
P05174,50,Non-Binary,High,Cellulitis,7.3,MedSurg,U003,F01,2026-08-23 18:00:00,Admitted
P05175,34,Male,Critical,Palliative Care,10.4,Oncology,U010,F02,2026-08-14 05:00:00,Admitted
P05176,3,Male,Medium,Dehydration,3.9,Pediatrics,U014,F03,2026-08-06 23:00:00,Admitted
P05177,4,Female,High,Multi-organ Dysfunction,7.6,icu,U006,F02,2026-08-28 04:00:00,Admitted
P05178,92,Non-Binary,Low,Tumor Lysis Syndrome,1.6,Oncology,U005,F01,2026-08-01 09:00:00,Discharged
P05179,62,Non-Binary,Medium,Acute Myocardial Infarction,3.6,EMERGENCY,U007,F02,2026-08-08 09:00:00,Admitted
P05180,89,Female,Critical,Febrile Neutropenia,,Oncology,U010,F02,2026-08-28 09:00:00,Admitted
P05181,39,Male,Low,Polytrauma,1.8,icu,U002,F01,2026-08-23 22:00:00,Admitted
P05182,51,Female,Medium,Acute Respiratory Distress,3.6,icu,U001,F01,2026-08-02 03:00:00,Admitted
P05183,57,Male,Medium,Post-Operative Recovery,4.4,MedSurg,U013,F03,2026-08-16 04:00:00,Admitted
P05184,79,Female,Medium,Diabetes Complications,3.9,MedSurg,U013,F03,2026-08-23 08:00:00,Admitted
P05185,46,Non-Binary,Low,Palliative Care,1.9,Oncology,U010,F02,2026-08-24 00:00:00,Admitted
P05186,27,Female,Medium,Congenital Heart Defect,4.5,Pediatrics,U009,F02,2026-08-23 05:00:00,Pending Transfer
P05187,84,Male,High,Palliative Care,7.8,Oncology,U015,F03,2026-08-23 00:00:00,Admitted
P05188,26,Non-Binary,High,Diabetes Complications,5.8,MedSurg,U013,F03,2026-08-23 02:00:00,Admitted
P05189,15,Female,Critical,Febrile Neutropenia,12.7,Oncology,U005,F01,2026-08-04 14:00:00,Discharged
P05190,14,Non-Binary,Critical,Congenital Heart Defect,13.8,Pediatrics,U009,F02,2026-08-21 13:00:00,Admitted
P05191,29,Non-Binary,Medium,Palliative Care,4.3,Oncology,U005,F01,2026-08-26 21:00:00,Admitted
P05192,58,Non-Binary,Medium,Pneumonia,5.1,MedSurg,U013,F03,2026-08-20 04:00:00,Admitted
P05193,32,Female,Medium,Chemotherapy Monitoring,5.2,Oncology,U010,F02,2026-08-06 04:00:00,Pending Transfer
P05194,8,Male,Low,Dehydration,2.2,Pediatrics,U014,F03,2026-08-01 07:00:00,Admitted
P05195,67,Male,High,Tumor Lysis Syndrome,8.0,Oncology,U005,F01,2026-08-12 13:00:00,Pending Transfer
P05196,59,Male,Low,Post-Operative Recovery,3.3,MedSurg,U013,F03,2026-08-22 12:00:00,Admitted
P05197,64,Non-Binary,Medium,Post-Operative Recovery,4.4,MedSurg,U013,F03,2026-08-12 07:00:00,Admitted
P05198,37,Non-Binary,Low,Multi-organ Dysfunction,1.7,icu,U001,F01,2026-08-27 18:00:00,Admitted
P05199,51,Non-Binary,Medium,Stroke,5.2,EMERGENCY,U007,F02,2026-08-01 12:00:00,Admitted
P05200,48,Male,Medium,Dehydration,4.3,Pediatrics,U014,F03,2026-08-13 12:00:00,Admitted
P03959,46,Non-Binary,Low,Tumor Lysis Syndrome,2.6,Oncology,U005,F01,2026-08-25 01:00:00,Admitted
P00870,37,Male,Low,Acute Myocardial Infarction,1.7,Oncology,U007,F02,2026-08-26 14:00:00,Transfer Approved
P03297,10,Non-Binary,High,Multi-organ Dysfunction,7.5,icu,U001,F01,2026-08-31 01:00:00,Admitted
P01531,54,Non-Binary,High,Multi-organ Dysfunction,6.1,icu,U011,F03,2026-08-04 09:00:00,Admitted
P03647,79,Non-Binary,Medium,Polytrauma,4.5,EMERGENCY,U002,F01,2026-08-13 05:00:00,Admitted
P03459,71,Non-Binary,Low,Severe Abdominal Pain,1.9,EMERGENCY,U007,F02,2026-08-10 22:00:00,Pending Transfer
P04359,68,Female,Medium,Chemotherapy Monitoring,5.0,Oncology,U010,F02,2026-08-26 20:00:00,Admitted
P01939,37,Male,Medium,Septic Shock,4.1,icu,U001,F01,2026-08-21 09:00:00,Transfer Approved
P02689,22,Female,High,Stroke,5.9,EMERGENCY,U012,F03,2026-08-10 02:00:00,Discharged
P01638,33,Male,Medium,Bronchiolitis,4.0,Pediatrics,U004,F01,2026-08-29 15:00:00,Admitted
P02417,82,Non-Binary,Low,Acute Respiratory Distress,2.6,icu,U006,F02,2026-08-06 08:00:00,Admitted
P03961,48,Male,Medium,Dehydration,3.9,Pediatrics,U004,F01,2026-08-15 08:00:00,Admitted
P02984,47,Male,Medium,Tumor Lysis Syndrome,4.9,Oncology,U005,F01,2026-08-27 09:00:00,Admitted
P02434,53,Female,Medium,Bronchiolitis,4.7,MedSurg,U009,F02,2026-08-01 19:00:00,Admitted
P00242,89,Male,Critical,Post-Cardiac Arrest,13.2,icu,U006,F02,2026-08-12 11:00:00,Admitted
P03986,68,Female,High,Pneumonia,8.3,MedSurg,U013,F03,2026-08-21 07:00:00,Transfer Approved
P04996,20,Non-Binary,High,Stroke,6.2,EMERGENCY,U002,F01,2026-08-06 12:00:00,Admitted
P04371,80,Non-Binary,Medium,Severe Abdominal Pain,4.8,EMERGENCY,U012,F03,2026-08-17 11:00:00,Admitted
P01966,22,Male,Low,Palliative Care,2.1,Oncology,U005,F01,2026-08-17 06:00:00,Admitted
P04398,83,Female,Low,Acute Myocardial Infarction,2.4,EMERGENCY,U002,F01,2026-08-22 00:00:00,Transfer Approved
P02507,15,Male,Low,Palliative Care,3.1,Oncology,U015,F03,2026-08-14 09:00:00,Admitted
P04590,85,Non-Binary,Medium,Acute Myocardial Infarction,4.4,EMERGENCY,U002,F01,2026-08-31 00:00:00,Admitted
P03863,25,Non-Binary,Critical,Stroke,9.6,EMERGENCY,U007,F02,2026-08-12 00:00:00,Transfer Approved
P01817,64,Male,Medium,Stroke,5.2,EMERGENCY,U012,F03,2026-08-20 23:00:00,Pending Transfer
P04225,21,Non-Binary,Medium,Cellulitis,4.0,MedSurg,U008,F02,2026-08-10 08:00:00,Pending Transfer
P04709,14,Male,Critical,Multi-organ Dysfunction,8.7,icu,U006,F02,2026-08-05 02:00:00,Admitted
P00237,41,Female,Low,Acute Myocardial Infarction,2.1,EMERGENCY,U002,F01,2026-08-08 23:00:00,Admitted
P03825,29,Male,Medium,Post-Operative Recovery,3.7,MedSurg,U008,F02,2026-08-16 03:00:00,Discharged
P04345,15,Female,Low,Tumor Lysis Syndrome,2.9,Oncology,U005,F01,2026-08-05 21:00:00,Discharged
P02206,5,Female,Low,Chemotherapy Monitoring,3.1,Oncology,U015,F03,2026-08-29 09:00:00,Admitted
P01797,78,Non-Binary,Medium,Acute Respiratory Distress,3.5,icu,U011,F03,2026-08-16 06:00:00,Admitted
P03121,26,Female,Medium,Post-Operative Recovery,4.1,MedSurg,U013,F03,2026-08-24 16:00:00,Pending Transfer
P00262,86,Female,Low,Stroke,2.4,EMERGENCY,U007,F02,2026-08-26 16:00:00,Pending Transfer
P04639,54,Female,Medium,Dehydration,4.8,Pediatrics,U004,F01,2026-08-20 20:00:00,Transfer Approved
P03777,61,Female,High,Pediatric Asthma,6.4,Pediatrics,U014,F03,2026-08-09 20:00:00,Admitted
P04351,73,Male,Medium,Diabetes Complications,5.4,MedSurg,U013,F03,2026-08-31 09:00:00,Pending Transfer
P04188,34,Male,Medium,Acute Respiratory Distress,4.2,icu,U006,F02,2026-08-10 19:00:00,Admitted
P04268,86,Non-Binary,Medium,Post-Cardiac Arrest,4.9,EMERGENCY,U006,F02,2026-08-04 22:00:00,Discharged
P02458,28,Female,Medium,Post-Operative Recovery,3.9,MedSurg,U003,F01,2026-08-01 16:00:00,Transfer Approved
P00899,90,Male,Critical,Diabetes Complications,11.1,MedSurg,U003,F01,2026-08-03 03:00:00,Admitted
P03181,76,Male,Low,Stroke,2.2,EMERGENCY,U012,F03,2026-08-05 08:00:00,Admitted
P03871,33,Female,Medium,Post-Operative Recovery,3.8,MedSurg,U003,F01,2026-08-27 00:00:00,Admitted
P00347,24,Male,Medium,Febrile Neutropenia,3.6,Oncology,U010,F02,2026-08-23 22:00:00,Admitted
P00206,41,Female,Low,Acute Respiratory Distress,1.6,icu,U001,F01,2026-08-05 16:00:00,Transfer Approved
P00716,83,Non-Binary,Low,Pediatric Asthma,1.9,Pediatrics,U004,F01,2026-08-06 07:00:00,Admitted
P01948,40,Non-Binary,High,Acute Respiratory Distress,6.2,icu,U006,F02,2026-08-25 02:00:00,Admitted
P01527,10,Non-Binary,Critical,Septic Shock,13.2,icu,U011,F03,2026-08-26 15:00:00,Admitted
P00112,6,Female,Low,Severe Abdominal Pain,3.0,EMERGENCY,U002,F01,2026-08-28 13:00:00,Admitted
P00094,77,Female,High,Palliative Care,8.4,Oncology,U015,F03,2026-08-27 06:00:00,Admitted
P03346,6,Male,Low,Palliative Care,2.5,Oncology,U010,F02,2026-08-14 15:00:00,Admitted
P01891,36,Female,Medium,Septic Shock,4.2,icu,U001,F01,2026-08-29 21:00:00,Admitted
P05009,91,Non-Binary,Low,Multi-organ Dysfunction,2.2,icu,U011,F03,2026-08-14 02:00:00,Admitted
P04078,76,Non-Binary,High,Septic Shock,7.0,icu,U011,F03,2026-08-30 23:00:00,Pending Transfer
P01172,39,Male,Medium,Stroke,5.1,EMERGENCY,U012,F03,2026-08-25 04:00:00,Admitted
P04972,7,Non-Binary,Critical,Congenital Heart Defect,,Pediatrics,U009,F02,2026-08-21 09:00:00,Admitted
P01264,75,Non-Binary,Medium,Cellulitis,4.1,MedSurg,U003,F01,2026-08-05 14:00:00,Pending Transfer
P02456,32,Female,Low,Tumor Lysis Syndrome,2.1,Oncology,U005,F01,2026-08-25 14:00:00,Admitted
P01623,35,Female,Low,Dehydration,2.0,Pediatrics,U004,F01,2026-08-20 16:00:00,Admitted
P05181,39,Male,Low,Polytrauma,1.8,icu,U002,F01,2026-08-23 22:00:00,Admitted
P01404,51,Female,Critical,Dehydration,10.3,Pediatrics,U009,F02,2026-08-08 19:00:00,Admitted
P01945,58,Non-Binary,Low,Pneumonia,3.5,MedSurg,U003,F01,2026-08-23 02:00:00,Pending Transfer
P02840,63,Non-Binary,High,Septic Shock,6.3,icu,U001,F01,2026-08-05 02:00:00,Admitted
P01457,80,Non-Binary,Low,Cellulitis,2.7,MedSurg,U008,F02,2026-08-28 14:00:00,Admitted
P05033,3,Male,,Stroke,2.6,EMERGENCY,U012,F03,2026-08-12 12:00:00,Pending Transfer
P02832,69,Male,High,Septic Shock,7.9,icu,U001,F01,2026-08-10 21:00:00,Admitted
P04866,1,Male,Medium,Febrile Neutropenia,4.3,Oncology,U010,F02,2026-08-26 20:00:00,Admitted
P05167,61,Non-Binary,Low,Acute Myocardial Infarction,1.9,Oncology,U012,F03,2026-08-12 18:00:00,Admitted
P04690,88,Male,Medium,Acute Myocardial Infarction,3.6,EMERGENCY,U007,F02,2026-08-01 13:00:00,Pending Transfer
P01075,53,Non-Binary,Medium,Tumor Lysis Syndrome,5.3,Oncology,U010,F02,2026-08-07 08:00:00,Admitted
P02787,81,Male,Low,Dehydration,3.4,Pediatrics,U009,F02,2026-08-16 05:00:00,Admitted
P04363,10,Male,Low,Pneumonia,2.3,MedSurg,U013,F03,2026-08-14 08:00:00,Pending Transfer
P03812,33,Non-Binary,Low,Pediatric Asthma,3.0,Pediatrics,U004,F01,2026-08-22 12:00:00,Pending Transfer
P00518,49,Male,Medium,Post-Cardiac Arrest,5.2,icu,U001,F01,2026-08-21 23:00:00,Discharged
P01879,25,Female,Medium,Palliative Care,4.1,Oncology,U005,F01,2026-08-03 19:00:00,Transfer Approved
P00214,34,Female,Medium,Multi-organ Dysfunction,4.9,icu,U001,F01,2026-08-20 14:00:00,Pending Transfer
P03357,78,Male,Low,Bronchiolitis,2.6,Pediatrics,U004,F01,2026-08-21 12:00:00,Admitted
P01758,79,Non-Binary,Low,Pediatric Asthma,2.3,MedSurg,U014,F03,2026-08-19 16:00:00,Admitted
P02492,37,Female,High,Stroke,5.8,EMERGENCY,U012,F03,2026-08-19 20:00:00,Admitted
